{"type":"FeatureCollection","features":[{"type":"Feature","properties":{"Distritos":"D15"},"geometry":{"type":"MultiPolygon","coordinates":[[[[-66.14169660644998,-17.451803189799733],[-66.14172790355255,-17.451306876304297],[-66.14285552132343,-17.455748959358125],[-66.13942182980608,-17.45637596698608],[-66.13849241485859,-17.45706736479622],[-66.13746484081128,-17.45713657584255],[-66.13795298042491,-17.46026359476606],[-66.1401838036594,-17.461698396564717],[-66.1409211288852,-17.4625101780899],[-66.14313345881187,-17.463077574791384],[-66.14445997668756,-17.46133864532535],[-66.14448130301616,-17.461310688182838],[-66.14791906362491,-17.46066231919975],[-66.14793414149138,-17.4606725261995],[-66.14957046799636,-17.46178027900981],[-66.14863104730372,-17.462590623199098],[-66.14961045745629,-17.464837379840926],[-66.15131538280751,-17.464639854325377],[-66.15131583617283,-17.464639802129003],[-66.1513188760015,-17.46467397064396],[-66.14922463087517,-17.467235977149645],[-66.14896344280642,-17.46764290078999],[-66.14862952496114,-17.468370699652844],[-66.1481479270861,-17.469173450013315],[-66.14810390496524,-17.469178717422416],[-66.14802219482432,-17.46919709528208],[-66.14794797746337,-17.46921362568056],[-66.14785863328527,-17.46924297356772],[-66.1476865748021,-17.469311538328018],[-66.14708611160596,-17.469578624714977],[-66.14672601567904,-17.469739635599545],[-66.1460699849257,-17.470026408458356],[-66.14551763872561,-17.470267094571398],[-66.14390134469213,-17.470979889257453],[-66.14359412236077,-17.47111288642302],[-66.14339366296932,-17.471178925705466],[-66.14320666895469,-17.471162062932507],[-66.1431369665834,-17.471163663109127],[-66.14306486472032,-17.47116262635392],[-66.14304092926679,-17.471155951347917],[-66.14295250158601,-17.471132708354915],[-66.14292195251375,-17.471127428159228],[-66.14285911908799,-17.471128758596084],[-66.1427907765813,-17.471135223626682],[-66.14274787418039,-17.4711513642625],[-66.14273100776273,-17.471163783369256],[-66.1427208867529,-17.47119119512553],[-66.14272189639625,-17.471255308057405],[-66.14274221505241,-17.47137877016536],[-66.14279242394021,-17.471574481060948],[-66.14291960860847,-17.473163929878748],[-66.14300402370111,-17.473785886690692],[-66.1445204354687,-17.4752044489417],[-66.14505941811402,-17.476128546689136],[-66.14765339166414,-17.47728550395349],[-66.15034581846525,-17.477729555627572],[-66.1497522659703,-17.47932280841698],[-66.14954269122121,-17.479259692249943],[-66.14959158292393,-17.48076333272919],[-66.14979977418588,-17.483306646952638],[-66.14973023450321,-17.491295286052093],[-66.1502490957888,-17.491275968934175],[-66.15108682461825,-17.48779785283487],[-66.15247439865132,-17.488624204235357],[-66.15105148642608,-17.49271293469759],[-66.15099977553331,-17.506759903160642],[-66.15099956675093,-17.506816411874905],[-66.15099996786924,-17.50681700096726],[-66.15172018942907,-17.50787602229672],[-66.15224853081699,-17.510794169344678],[-66.15228155634927,-17.510976576908764],[-66.15239876202445,-17.51133565946421],[-66.15256071990197,-17.511831847957726],[-66.15259343074537,-17.511932065464883],[-66.15134394873827,-17.512667039077225],[-66.15040662296683,-17.513751684137937],[-66.14974365272282,-17.514100707021726],[-66.14886202407648,-17.515076964914833],[-66.14752598989028,-17.51739437807846],[-66.14705646742333,-17.517618850343695],[-66.14683995573252,-17.51686745044074],[-66.14676166114916,-17.51659570169528],[-66.14657783937803,-17.516181069962986],[-66.14594855095855,-17.514761558568892],[-66.14507285839326,-17.513618212128538],[-66.14507281371036,-17.513618180783663],[-66.14415490947606,-17.51297124755498],[-66.14342128978757,-17.512634381069955],[-66.1432548336422,-17.51255793553957],[-66.14321346934857,-17.51253893857731],[-66.14222478594849,-17.512248823652886],[-66.14219857270123,-17.512239859384188],[-66.14181858722115,-17.512418069563562],[-66.14159571689198,-17.512522591496452],[-66.14146573756986,-17.512583547098853],[-66.14143908747913,-17.512596048431107],[-66.14143238363734,-17.512608873448244],[-66.14132852676472,-17.51280759420325],[-66.14126079931125,-17.51293716174645],[-66.14121167055823,-17.513031168921955],[-66.1411871755268,-17.513078039860996],[-66.14118604809649,-17.513078339648366],[-66.13619278065943,-17.514071288650698],[-66.13509038641955,-17.514679508849397],[-66.1334721897496,-17.514504707082388],[-66.1328812717333,-17.51439977860444],[-66.13099652956554,-17.51346488802365],[-66.13057657879934,-17.51325028676008],[-66.12782289126936,-17.51224585036144],[-66.1275934105054,-17.51112146193484],[-66.12759061107843,-17.511107746762814],[-66.12752274553581,-17.511122478083035],[-66.12739611490032,-17.511125374296274],[-66.1265930219744,-17.511141059470027],[-66.12603495512232,-17.51100849793374],[-66.1251815382285,-17.51101091117671],[-66.12477874439163,-17.511012048266593],[-66.1226483514709,-17.511018438417597],[-66.12264832132058,-17.511018440689003],[-66.1225952187614,-17.511022996731327],[-66.12202260343153,-17.511072117209267],[-66.12120768764149,-17.5109456621963],[-66.12112958843728,-17.510912429598136],[-66.12074358673391,-17.510534609767],[-66.1203861333814,-17.510077303015223],[-66.1199951810768,-17.509577608904472],[-66.11965395941186,-17.50921619832383],[-66.1196539233168,-17.509216159874924],[-66.11924152102047,-17.508781670713148],[-66.11856175510356,-17.508176295369235],[-66.11614338228588,-17.50673616186778],[-66.1158418832373,-17.506557360838094],[-66.11578313880297,-17.506522522558367],[-66.11544723715724,-17.506322065153018],[-66.11524468758965,-17.506201073665842],[-66.11510322883466,-17.50611656548782],[-66.11487734843175,-17.50598240590364],[-66.11476230004489,-17.505914069136658],[-66.1147622580926,-17.505914044146323],[-66.11445888381736,-17.505730763362834],[-66.11413406294778,-17.505559980500344],[-66.11388593202736,-17.505429518021188],[-66.1133566883525,-17.505149567190447],[-66.1128457116452,-17.5048797007746],[-66.11265219050355,-17.50477630901008],[-66.11237495727002,-17.504628180990615],[-66.11173901390168,-17.504402113175935],[-66.11072375052326,-17.5040411837381],[-66.11047378599801,-17.50393188156078],[-66.10994263504926,-17.503699623790276],[-66.10947112688292,-17.50349343012809],[-66.10826953520557,-17.50296795903267],[-66.1081534626924,-17.50291723616413],[-66.10775356427803,-17.502742376267648],[-66.10480328251997,-17.50018829870716],[-66.10480324712752,-17.50018827561671],[-66.10374539829795,-17.49969723029304],[-66.10211253673369,-17.498940757320824],[-66.10056754285203,-17.497655314734914],[-66.10056749919426,-17.49765527888167],[-66.09960667756408,-17.49697321186125],[-66.09791197890031,-17.49577013543153],[-66.09776960719248,-17.495669540010464],[-66.09776957834424,-17.495669519723553],[-66.09770418585605,-17.495624900064378],[-66.09770416259505,-17.49562488347099],[-66.09585980397696,-17.494366531881983],[-66.09549479116066,-17.494117491049597],[-66.09493403170396,-17.493735104091094],[-66.09488205763247,-17.493699679826626],[-66.09519501833793,-17.493279464066603],[-66.0952545725898,-17.493193532922273],[-66.09530797449807,-17.493103955652703],[-66.09535498264198,-17.49301113723479],[-66.09539538450797,-17.49291549729811],[-66.09542899745016,-17.49281746822777],[-66.09545566951614,-17.49271749320944],[-66.09547528013368,-17.4926160242258],[-66.09548774065566,-17.492513520012974],[-66.09549299476062,-17.492410443986603],[-66.09550764899589,-17.491488337979003],[-66.09551293243258,-17.491384919858795],[-66.09552547005937,-17.491282078900294],[-66.09554520480569,-17.49118028313144],[-66.0955720468475,-17.491079995822805],[-66.09560587401624,-17.490981673379355],[-66.0956465323551,-17.490885763263364],[-66.0956938368197,-17.490792701958128],[-66.09574757212044,-17.49070291298162],[-66.09580749370241,-17.490616804959128],[-66.09587332885845,-17.490534769763737],[-66.0959447779702,-17.490457180733014],[-66.09602151587187,-17.490384390969997],[-66.09610319332992,-17.49031673173644],[-66.09618943863242,-17.490254510945217],[-66.09627985928073,-17.490198011759187],[-66.09637404377555,-17.49014749130257],[-66.09647156348964,-17.490103179490863],[-66.09657197461836,-17.49006527798458],[-66.09667482019911,-17.49003395927151],[-66.09733741099465,-17.48985555446217],[-66.09746164826949,-17.489819123269275],[-66.09758400704841,-17.48977724485646],[-66.09770422812221,-17.48973000793906],[-66.09782205681064,-17.48967751258413],[-66.09793724350212,-17.489619869998375],[-66.09883341588133,-17.489145911532656],[-66.09888936147597,-17.489112724785887],[-66.09894157863454,-17.489074348655702],[-66.09898954656488,-17.4890311658904],[-66.09903278685597,-17.4889836071777],[-66.09907086824938,-17.488932146849134],[-66.09910341094047,-17.48887729814916],[-66.09913009036629,-17.488819608116156],[-66.09915064044259,-17.488759652126436],[-66.09916485621743,-17.488698028155504],[-66.09917259591504,-17.48863535081414],[-66.0991737823497,-17.488572245218354],[-66.09916840369517,-17.488509340754803],[-66.09915651360252,-17.488447264803447],[-66.09913823066465,-17.488386636480435],[-66.09911373723325,-17.488328060463264],[-66.09905458035416,-17.48819686935493],[-66.09900181807171,-17.488063190049424],[-66.09895556358735,-17.487927309393896],[-66.09891591613767,-17.487789518958422],[-66.09888296078141,-17.48765011441028],[-66.09885676821726,-17.487509394879513],[-66.09883739463214,-17.48736766231707],[-66.09882488158085,-17.487225220846874],[-66.09881925589703,-17.48708237611328],[-66.09882052963573,-17.486939434625196],[-66.09882870004765,-17.486796703098438],[-66.09884374958521,-17.486654487797598],[-66.09885716553711,-17.486578214751272],[-66.09887733556185,-17.486503323638118],[-66.09890411159945,-17.486430364174293],[-66.0989372971012,-17.486359871896735],[-66.09897664847256,-17.486292364232256],[-66.09902187686123,-17.486228336699615],[-66.09915713381797,-17.486053485416765],[-66.09922988670306,-17.485965311150192],[-66.09930821853017,-17.485881654272422],[-66.09939182541912,-17.485802839315767],[-66.0994803830273,-17.485729172028954],[-66.09957354780792,-17.485660938191163],[-66.09967095834271,-17.485598402503413],[-66.0997722367439,-17.485541807561805],[-66.09987477948361,-17.48548853846474],[-66.09996035803704,-17.485448139603303],[-66.10004895659276,-17.485414262573762],[-66.10014003643003,-17.485387113365448],[-66.10023304374143,-17.48536685705948],[-66.10032741299997,-17.485353616825023],[-66.10042257039765,-17.48534747317036],[-66.10051793733423,-17.485348463453363],[-66.10061293393518,-17.485356581654305],[-66.10070698257739,-17.48537177841242],[-66.1007995114012,-17.485393961325986],[-66.10088995778736,-17.485422995514124],[-66.10097777177785,-17.485458704436784],[-66.1010624194198,-17.48550087096819],[-66.10114338601208,-17.485549238716914],[-66.10122017923473,-17.485603513584774],[-66.10129233214265,-17.485663365554974],[-66.10135940600469,-17.48572843069869],[-66.10142099297148,-17.485798313387775],[-66.10147671855546,-17.485872588700378],[-66.1020212872151,-17.4866615769818],[-66.10205871076062,-17.48670976084672],[-66.10210146561728,-17.48675367032636],[-66.10214902561533,-17.48679276503674],[-66.10220080544806,-17.486826563847597],[-66.10225616787504,-17.486854650803686],[-66.10231443156442,-17.48687668024401],[-66.10237487947812,-17.486892381055892],[-66.10243676769635,-17.486901560011646],[-66.10249933457312,-17.486904104146653],[-66.10256181010988,-17.48689998214976],[-66.10262342543193,-17.48688924474856],[-66.10268342225119,-17.486872024085248],[-66.10274106219842,-17.486848532090313],[-66.10279563591051,-17.486819057874335],[-66.1028464717607,-17.48678396416992],[-66.10289294412416,-17.486743682867534],[-66.1029344810777,-17.486698709700214],[-66.10297057143818,-17.486649598142638],[-66.10300077105367,-17.486596952599438],[-66.10302470826923,-17.486541420966844],[-66.1030455433632,-17.48648430316646],[-66.10308338267657,-17.486390540011417],[-66.10312753814745,-17.486299355576957],[-66.10317782027099,-17.486211141187518],[-66.10323401325044,-17.486126275420965],[-66.10329587592328,-17.48604512248397],[-66.10336314279621,-17.485968030649076],[-66.10343552518461,-17.48589533076014],[-66.10351271245148,-17.48582733481257],[-66.10482710458136,-17.484743393267667],[-66.10489102283151,-17.484686043643737],[-66.10495905031874,-17.48463322642156],[-66.10503083883843,-17.484585211949405],[-66.10510602093564,-17.484542245992373],[-66.10518421178608,-17.484504548474465],[-66.1052650111657,-17.484472312352967],[-66.10534800549907,-17.48444570263076],[-66.10543276997633,-17.484424855511815],[-66.10551887072741,-17.48440987770406],[-66.10639713577301,-17.484288053210804],[-66.10644410726619,-17.48427917629874],[-66.10772092042515,-17.483972345998577],[-66.10789388200261,-17.483927404729716],[-66.10806493445597,-17.483876174423145],[-66.10823382956848,-17.483818729417504],[-66.10840032225448,-17.4837551530697],[-66.10856417091503,-17.483685537633985],[-66.10933038806832,-17.483343091105777],[-66.10936188890807,-17.483329012899993],[-66.10936270670624,-17.483328647367053],[-66.1095709149148,-17.48323201539011],[-66.1097759712651,-17.483129364155158],[-66.10997768685384,-17.483020788226018],[-66.11017587585627,-17.482906387624553],[-66.11037035569727,-17.482786267738554],[-66.1105609472197,-17.482660539224568],[-66.11074747484945,-17.48252931790599],[-66.11092976675718,-17.482392724666262],[-66.11110765501667,-17.482250885337592],[-66.1112809757596,-17.482103930584902],[-66.11144956932637,-17.481951995785483],[-66.11161328041337,-17.48179522090424],[-66.11177195821593,-17.481633750364722],[-66.11192545656732,-17.481467732916023],[-66.11207363407337,-17.481297321495745],[-66.11221635424273,-17.481122673089068],[-66.11235348561254,-17.48094394858408],[-66.11248490186962,-17.48076131262359],[-66.11261048196671,-17.48057493345331],[-66.11266742286391,-17.48049420595803],[-66.1127303058853,-17.480417647523044],[-66.11279880083062,-17.480345660151542],[-66.11287254803311,-17.480278621844096],[-66.11295116024803,-17.480216884613963],[-66.1130342246861,-17.48016077263875],[-66.11312130518091,-17.480110580558236],[-66.11321194447922,-17.480066571927377],[-66.11330566664172,-17.4800289778324],[-66.11340197954216,-17.47999799567746],[-66.11350037745113,-17.47997378814816],[-66.11360034369162,-17.479956482357256],[-66.113641104025,-17.47994913670828],[-66.11368104735705,-17.47993842771681],[-66.11371987294275,-17.47992443601363],[-66.11372679476558,-17.479921663374707],[-66.11462035080133,-17.479571044940453],[-66.11468395874986,-17.47954246164159],[-66.11474429047709,-17.479507951234492],[-66.11480074819451,-17.479467855660705],[-66.11485277249977,-17.47942257220162],[-66.11489984791942,-17.47937254954203],[-66.11494150801654,-17.47931828332432],[-66.11497734001229,-17.47926031123729],[-66.11500698887578,-17.479199207688488],[-66.11503016084178,-17.479135578112608],[-66.1150466263212,-17.479070052972617],[-66.11505622217575,-17.47900328151275],[-66.11505885333408,-17.47893592532557],[-66.11505449373354,-17.478868651796567],[-66.11504318657806,-17.478802127491544],[-66.11502504390981,-17.478737011551996],[-66.11500024549875,-17.478673949164193],[-66.11496903706109,-17.47861356516653],[-66.11493172782443,-17.478556457858485],[-66.11471120610943,-17.47825353717136],[-66.11467544660496,-17.478196659021783],[-66.1146286318355,-17.478102340039463],[-66.11458807701486,-17.478005387565517],[-66.11455394200198,-17.477906183792776],[-66.11452636134787,-17.477805119788105],[-66.11450544376541,-17.47770259395078],[-66.11449127170097,-17.47759901044194],[-66.11448390100959,-17.477494777591403],[-66.11448336073494,-17.47739030628797],[-66.1144896529951,-17.477286008359755],[-66.11450275297432,-17.4771822949507],[-66.11451204969416,-17.4771369800928],[-66.11453637518417,-17.47702897270752],[-66.11455341160406,-17.47691968745344],[-66.11456308841609,-17.47680957689845],[-66.1145653655602,-17.476699097027407],[-66.11456023361983,-17.476588705353723],[-66.11454771386049,-17.476478859024756],[-66.11452785814167,-17.476370012928722],[-66.11450074870177,-17.476262617810832],[-66.1144664978173,-17.476157118406814],[-66.11442524733772,-17.476053951601152],[-66.11437716809789,-17.475953544617926],[-66.11432245921036,-17.475856313251718],[-66.11426134724067,-17.475762660145794],[-66.11424042754578,-17.47573014651263],[-66.11403163932648,-17.47537584301168],[-66.11402086971833,-17.47535658970899],[-66.11399001605852,-17.47529215296928],[-66.11396461873953,-17.475225558864356],[-66.1139448397404,-17.47515723213503],[-66.11393080520584,-17.47508760857233],[-66.11392260464186,-17.475017132238],[-66.11392029034502,-17.474946252632265],[-66.11391921288973,-17.474867637721335],[-66.1139145706418,-17.474789142338732],[-66.11390637240643,-17.474710915292615],[-66.113886841334,-17.474558055511228],[-66.11387312230741,-17.47447952990929],[-66.11385224783642,-17.47440246962635],[-66.11382438027358,-17.474327473969392],[-66.11378973635688,-17.47425512618773],[-66.11374234049208,-17.47415904931337],[-66.1137015907629,-17.474060204353755],[-66.11366766150178,-17.473959014208152],[-66.11364069785964,-17.473855911808624],[-66.11362081518521,-17.473751338267835],[-66.11360809853173,-17.473645740991714],[-66.11360260229311,-17.47353957176534],[-66.11360434997164,-17.47343328481997],[-66.11361333407751,-17.473327334889742],[-66.11362951616115,-17.47322217526615],[-66.11378783840108,-17.472383996227126],[-66.11380513091413,-17.472280193716813],[-66.11381791187254,-17.47217579100068],[-66.1138298452721,-17.472090654497777],[-66.11384840247307,-17.472006617565455],[-66.11387347880401,-17.471924154172438],[-66.1139049328262,-17.471843729412107],[-66.11394258713148,-17.47176579687947],[-66.11398622934296,-17.47169079611293],[-66.11403561331308,-17.471619150115423],[-66.11409046051179,-17.471551262968678],[-66.11415046159767,-17.47148751755438],[-66.11421527816258,-17.471428273394704],[-66.11428454464034,-17.471373864624812],[-66.11435787036838,-17.471324598108307],[-66.11443484179117,-17.47128075170668],[-66.11475224730746,-17.47112220602395],[-66.11481019656087,-17.471095959881026],[-66.11486542571949,-17.47106477634866],[-66.1149174792578,-17.471028912625986],[-66.11496592784324,-17.47098866451401],[-66.11501037187732,-17.470944363975786],[-66.1150504447916,-17.470896376398365],[-66.11508581607103,-17.470845097579044],[-66.11511619398001,-17.47079095046078],[-66.1151677416661,-17.470695519320373],[-66.11522511461978,-17.470603200879776],[-66.1152881095292,-17.470514322274624],[-66.11535650316183,-17.470429198450987],[-66.11543005315546,-17.470348131049402],[-66.11550849887716,-17.470271407336075],[-66.11559156234681,-17.470199299184983],[-66.11567894922212,-17.47013206211457],[-66.11577034984167,-17.470069934382305],[-66.11586544032214,-17.470013136140498],[-66.11646130631453,-17.469680424612793],[-66.1165478143711,-17.469628006482413],[-66.11663013782487,-17.469569710777115],[-66.11670784395626,-17.46950584391977],[-66.1167805243172,-17.469436741617137],[-66.1168477968781,-17.469362767095248],[-66.11690930803599,-17.469284309189998],[-66.1169647344731,-17.469201780303276],[-66.1170137848564,-17.469115614235076],[-66.11705620136867,-17.469026263903235],[-66.11709176106373,-17.468934198962685],[-66.11713313655571,-17.46879515289325],[-66.11716768716019,-17.468654400977794],[-66.11719533719582,-17.468512251588322],[-66.11721602610021,-17.468369016157908],[-66.11722970856248,-17.468225008498344],[-66.11723635462238,-17.468080544112617],[-66.11724085525358,-17.468026888075734],[-66.11725197848911,-17.46797412763072],[-66.11726956616735,-17.467923012953946],[-66.11729336821246,-17.46787427082089],[-66.11732304619021,-17.46782859427246],[-66.11735817812033,-17.467786632761143],[-66.1173982644765,-17.467748982916905],[-66.11744273528893,-17.467716180064052],[-66.1174909582485,-17.467688690609915],[-66.1175422476971,-17.4676669054133],[-66.11759587437655,-17.467651134227147],[-66.11765107579731,-17.46764160129439],[-66.11770706707976,-17.467638442159583],[-66.11807415683262,-17.467638771051078],[-66.11815416656341,-17.467642114267207],[-66.11823359010776,-17.467651976390226],[-66.1183118518829,-17.467668285950538],[-66.11838520238707,-17.46768984507334],[-66.11845647876541,-17.467717068260832],[-66.11852520706269,-17.467749774492734],[-66.11859093026644,-17.467787746289],[-66.11865321134567,-17.467830731155757],[-66.11871163615704,-17.467878443264294],[-66.11876581619858,-17.46793056535152],[-66.11881539119312,-17.467986750829617],[-66.11887814298498,-17.468058693346613],[-66.11894600021121,-17.46812623246751],[-66.11901862833608,-17.46818903521789],[-66.11909566930169,-17.468246791973577],[-66.11917674329325,-17.468299217987173],[-66.1192614506116,-17.46834605479196],[-66.1193493736437,-17.46838707147631],[-66.11944007892166,-17.4684220658221],[-66.1195331192598,-17.468450865301797],[-66.1196280359594,-17.46847332792911],[-66.11972436107025,-17.468489342959053],[-66.11982161969789,-17.468498831434022],[-66.11991933234492,-17.468501746573093],[-66.12001701727523,-17.46849807400269],[-66.12007250402719,-17.468490993475044],[-66.1201267662452,-17.468477805615944],[-66.12017907664652,-17.468458687183055],[-66.12022873410915,-17.468433894422162],[-66.12027507306937,-17.468403759632782],[-66.12031747244242,-17.46836868671413],[-66.12035536394717,-17.468329145751643],[-66.12038823972276,-17.468285666716202],[-66.12041565913559,-17.46823883236083],[-66.12043725468504,-17.468189270409848],[-66.120452736929,-17.468137645145394],[-66.1206781544698,-17.467180650447258],[-66.12070129134979,-17.467097355876994],[-66.12073098497173,-17.467015999129956],[-66.12076706209018,-17.466937054854476],[-66.12080931221824,-17.466860983623675],[-66.12085748885559,-17.466788229248447],[-66.12091131092693,-17.46671921618833],[-66.12097046442166,-17.466654347075174],[-66.12103460422612,-17.466594000364257],[-66.12110335613691,-17.46653852812638],[-66.12117631904412,-17.46648825399396],[-66.12125306727138,-17.46644347127292],[-66.12133315305918,-17.466404441231642],[-66.1214161091772,-17.466371391576704],[-66.12150145164995,-17.466344515124486],[-66.12158868258024,-17.466323968676267],[-66.12165885520575,-17.466306728441197],[-66.12172697585758,-17.46628309347445],[-66.12179241348346,-17.466253282723443],[-66.1218545618866,-17.466217572346505],[-66.12191284534153,-17.46617629315459],[-66.12196672392761,-17.466129827546634],[-66.1220156985308,-17.466078605967052],[-66.1220593154673,-17.466023102918133],[-66.12209717068637,-17.465963832564256],[-66.12212891351327,-17.46590134396868],[-66.12218663955575,-17.46578030620195],[-66.12225029649818,-17.465662039468793],[-66.1223197403464,-17.465546811273754],[-66.12239481401788,-17.465434882248196],[-66.12247534769713,-17.465326505560856],[-66.12256115921988,-17.465221926345308],[-66.12265205448509,-17.465121381145476],[-66.12274782789402,-17.46502509738073],[-66.12284826281527,-17.46493329283148],[-66.1229531320748,-17.464846175146665],[-66.12301965379237,-17.464789796560872],[-66.12308206838043,-17.46472924632374],[-66.12314009244082,-17.464664799371054],[-66.12319346251189,-17.46459674833194],[-66.12324193626489,-17.464525402200177],[-66.12328529360416,-17.464451084931078],[-66.12332333766646,-17.464374133970416],[-66.12335589571488,-17.46429489872229],[-66.12369012843025,-17.463393632873352],[-66.12372593736207,-17.463306694730033],[-66.12376790997722,-17.463222334624135],[-66.123815846278,-17.46314095451267],[-66.12386951785207,-17.46306294215328],[-66.12392866896076,-17.462988669256692],[-66.12399301775778,-17.462918489715705],[-66.12406225763218,-17.46285273791904],[-66.12413605866924,-17.46279172715813],[-66.12421406922252,-17.462735748134435],[-66.12429591758922,-17.46268506757436],[-66.1243812137813,-17.462639926958463],[-66.12446955138356,-17.46260054137091],[-66.12459418423992,-17.4625464620363],[-66.12471594058242,-17.462486650468158],[-66.12483453440538,-17.462421247163125],[-66.12494968713267,-17.46235040575292],[-66.12506112827215,-17.462274292643393],[-66.12516859605108,-17.462193086623593],[-66.12527183803113,-17.462106978445785],[-66.12537061170124,-17.462016170377318],[-66.12712056505094,-17.46032739269002],[-66.12718715540812,-17.460258512492018],[-66.12724860914847,-17.46018536643967],[-66.12730463044875,-17.460108306645996],[-66.12735494963775,-17.46002770406385],[-66.12739932449423,-17.45994394670018],[-66.12743754141299,-17.459857437748106],[-66.12746941643286,-17.459768593645954],[-66.12749479612226,-17.459677842072594],[-66.12751355831757,-17.45958561988851],[-66.12752561271111,-17.45949237103288],[-66.1276475717125,-17.458176784623106],[-66.12765717928318,-17.45810545277499],[-66.12767267222857,-17.45803508126948],[-66.12769395222216,-17.45796611669224],[-66.12772088421268,-17.45789899669998],[-66.12775329728123,-17.457834147243116],[-66.12779098572615,-17.457771979862617],[-66.12785800661071,-17.457670915333797],[-66.12795888983851,-17.45752259549475],[-66.1280633124542,-17.457376549712617],[-66.12817121882955,-17.457232855779374],[-66.12828255148105,-17.457091590234175],[-66.1283532895188,-17.457009113576664],[-66.12842898514161,-17.456930796001405],[-66.12850937342928,-17.456856911600305],[-66.12859417303952,-17.456787718950128],[-66.12868308719248,-17.45672346020763],[-66.12877580470949,-17.456664360262103],[-66.12896380516996,-17.456552070952004],[-66.12905816094263,-17.45649185673126],[-66.12914856887073,-17.456426299927713],[-66.1292347010233,-17.456355638332738],[-66.12931624497972,-17.456280128254065],[-66.12939290496311,-17.456200043586072],[-66.12946440291303,-17.456115674816154],[-66.12953047949418,-17.456027327971036],[-66.12961147014238,-17.455917814207588],[-66.12969801669428,-17.45581228802586],[-66.12978990638844,-17.455711008836698],[-66.12988691332973,-17.455614225610493],[-66.12998879904461,-17.455522176265237],[-66.13009531306746,-17.455435087081696],[-66.1302061935562,-17.455353172147237],[-66.13032116793597,-17.455276632829523],[-66.13043995356912,-17.455205657281635],[-66.13056225845,-17.455140419979525],[-66.13068778192266,-17.455081081293205],[-66.1308162154199,-17.45502778709248],[-66.13094724322177,-17.454980668388465],[-66.13108054323145,-17.454939841011527],[-66.1313350339732,-17.454861564573275],[-66.131386197831,-17.454847528144434],[-66.13251073348394,-17.454539018307187],[-66.13405562009797,-17.45411517530685],[-66.13426585992114,-17.454041753461535],[-66.1344673420201,-17.45389175156467],[-66.13488309663225,-17.453410357089847],[-66.13503349066289,-17.453242135763865],[-66.13509715098077,-17.45336540689908],[-66.13626555355833,-17.455627860006732],[-66.13662997246615,-17.45526506244796],[-66.13720380606722,-17.455008519824027],[-66.13833109603591,-17.453733522279776],[-66.13900993626885,-17.453549070772198],[-66.13915755160669,-17.45401167395211],[-66.14038180573196,-17.453948111002052],[-66.14037922110847,-17.45350460165714],[-66.14107730625946,-17.45306718075609],[-66.14151436941009,-17.45248844078635],[-66.14149678458179,-17.452047995090044],[-66.14169660644998,-17.451803189799733]]]]},"id":0},{"type":"Feature","properties":{"Distritos":"D8"},"geometry":{"type":"MultiPolygon","coordinates":[[[[-66.13681013168829,-17.423787445224526],[-66.13744910532547,-17.423137942592213],[-66.13834895546299,-17.42392015290463],[-66.14029916235296,-17.42542028018958],[-66.14083434579835,-17.425749081553654],[-66.14110687066193,-17.426137662326834],[-66.14112830913508,-17.426311548658745],[-66.14109560981095,-17.4264849692702],[-66.1419161886306,-17.426734956860535],[-66.1420655974487,-17.426738551483503],[-66.14248831500382,-17.426933164667915],[-66.14308855541375,-17.42714375610844],[-66.14327434170515,-17.426497229612302],[-66.14383518209765,-17.426567158343328],[-66.14435857054377,-17.426667327756295],[-66.14435194357152,-17.427093159267827],[-66.14510168572747,-17.427489553474775],[-66.14520772085295,-17.427593256074562],[-66.1453192391883,-17.42765131254123],[-66.1453972586713,-17.427659364220776],[-66.14550513822091,-17.427639203801967],[-66.14562729621046,-17.427585052669837],[-66.14583547939107,-17.42772068885977],[-66.14584385102458,-17.427832884402378],[-66.14608179683292,-17.427915393358028],[-66.14610259198255,-17.427924206296773],[-66.14612192397975,-17.427935685458777],[-66.14613942411664,-17.427949611909035],[-66.1462570785052,-17.42805723342171],[-66.14627868941024,-17.428073905317305],[-66.14630290872326,-17.4280868587998],[-66.1463290493009,-17.428095726356204],[-66.14635636948975,-17.42810025639822],[-66.14638409416841,-17.428100320400368],[-66.1464114367392,-17.428095916546518],[-66.14658617201816,-17.428052987606236],[-66.14671435791028,-17.42804008863292],[-66.14779912477317,-17.42782808995906],[-66.14816544648775,-17.428019058855302],[-66.14841307303362,-17.42819438151043],[-66.1484300506042,-17.42810241743716],[-66.14843441506387,-17.428089843472584],[-66.14844115506067,-17.4280784575522],[-66.14845028976747,-17.4280681154716],[-66.14846284962937,-17.428058366946672],[-66.1484754463632,-17.42805241964206],[-66.1484899430349,-17.42804854391937],[-66.1485015957769,-17.428047289488287],[-66.14851609572818,-17.428048589760703],[-66.14852521689258,-17.428050861377347],[-66.14853855421269,-17.428055972781543],[-66.14944079830465,-17.42846396434306],[-66.14936922608995,-17.428610806499183],[-66.14968623830684,-17.428712406682017],[-66.15006377879419,-17.42879237291538],[-66.15056023788496,-17.428785479305336],[-66.15127877917399,-17.428643587709075],[-66.15135558255568,-17.42869301297135],[-66.15155230881405,-17.42846522717076],[-66.15168021441526,-17.42839824065865],[-66.1517344688943,-17.428368350189757],[-66.15175226812431,-17.42835854454784],[-66.1520417904869,-17.428136289877546],[-66.15209291746325,-17.42808431607955],[-66.152321097446,-17.427842998107455],[-66.15235415956268,-17.427807091101755],[-66.15281762354792,-17.427197069882613],[-66.15286185446215,-17.42713427505431],[-66.15294240037791,-17.426976924008223],[-66.15306509720024,-17.426661640321445],[-66.15330288865849,-17.42666503987667],[-66.15319232481082,-17.426952683168683],[-66.1531139215686,-17.42712060835021],[-66.15284969076144,-17.42751025989711],[-66.15252788916446,-17.427950924052737],[-66.15227973603665,-17.428200844797832],[-66.15213304321605,-17.428335979303814],[-66.1518234405756,-17.428645944517346],[-66.15168314645273,-17.428789320550546],[-66.15157710932587,-17.428901449915774],[-66.1513507976643,-17.429173199950803],[-66.15110745653267,-17.42953955460349],[-66.151037857665,-17.429669613773182],[-66.15124714165657,-17.429820344458726],[-66.15083156857541,-17.430643609425687],[-66.1502702490899,-17.431499489671552],[-66.14594726672327,-17.43734241382796],[-66.14551895915906,-17.43812569709417],[-66.14506151100467,-17.438738447656736],[-66.14413537048155,-17.440365716606955],[-66.14377603437674,-17.440885595285316],[-66.14273054382801,-17.44200937550924],[-66.14200863738307,-17.442587854371766],[-66.14110528634008,-17.443442857580198],[-66.14087367789202,-17.443662067608646],[-66.14154973410055,-17.44449470122914],[-66.14153088718173,-17.44451442526808],[-66.14152455928365,-17.444520907187545],[-66.14131407479466,-17.444736522012978],[-66.14050170960446,-17.4455686766716],[-66.13987546108243,-17.446142626932282],[-66.13979003134152,-17.446353657050796],[-66.13974083838131,-17.446475173296097],[-66.13942435641405,-17.44697712213591],[-66.13896836571847,-17.447486621829547],[-66.13890251087955,-17.447583915733237],[-66.1387441524803,-17.447817877623187],[-66.13863953791248,-17.44814129722725],[-66.13860400627215,-17.448503936545933],[-66.13857604119467,-17.449019591499233],[-66.13852148428073,-17.44927755131075],[-66.13833977298465,-17.44967631432319],[-66.13809980592484,-17.449960163070777],[-66.13797459072832,-17.450108273754477],[-66.13755985232676,-17.450536611452126],[-66.13749832627848,-17.450600154714],[-66.13676892290067,-17.45128250783965],[-66.1360655975738,-17.45208767747029],[-66.13594780834688,-17.45221943201544],[-66.13519976801882,-17.453056148480176],[-66.13503381143174,-17.453241777386538],[-66.13503349066289,-17.453242135763865],[-66.13488309663225,-17.453410357089847],[-66.1344673420201,-17.45389175156467],[-66.13426585992114,-17.454041753461535],[-66.13405562009797,-17.45411517530685],[-66.13251073348394,-17.454539018307187],[-66.131386197831,-17.454847528144434],[-66.1313350339732,-17.454861564573275],[-66.13108054323145,-17.454939841011527],[-66.13094724322177,-17.454980668388465],[-66.1308162154199,-17.45502778709248],[-66.13068778192266,-17.455081081293205],[-66.13056225845,-17.455140419979525],[-66.13043995356912,-17.455205657281635],[-66.13032116793597,-17.455276632829523],[-66.1302061935562,-17.455353172147237],[-66.13009531306746,-17.455435087081696],[-66.12998879904461,-17.455522176265237],[-66.12988691332973,-17.455614225610493],[-66.12978990638844,-17.455711008836698],[-66.12969801669428,-17.45581228802586],[-66.12961147014238,-17.455917814207588],[-66.12953047949418,-17.456027327971036],[-66.12946440291303,-17.456115674816154],[-66.12939290496311,-17.456200043586072],[-66.12931624497972,-17.456280128254065],[-66.1292347010233,-17.456355638332738],[-66.12914856887073,-17.456426299927713],[-66.12905816094263,-17.45649185673126],[-66.12896380516996,-17.456552070952004],[-66.12877580470949,-17.456664360262103],[-66.12868308719248,-17.45672346020763],[-66.12859417303952,-17.456787718950128],[-66.12850937342928,-17.456856911600305],[-66.12842898514161,-17.456930796001405],[-66.1283532895188,-17.457009113576664],[-66.12828255148105,-17.457091590234175],[-66.12817121882955,-17.457232855779374],[-66.1280633124542,-17.457376549712617],[-66.12795888983851,-17.45752259549475],[-66.12785800661071,-17.457670915333797],[-66.12779098572615,-17.457771979862617],[-66.12775329728123,-17.457834147243116],[-66.12772088421268,-17.45789899669998],[-66.12769395222216,-17.457966116692237],[-66.12767267222856,-17.45803508126948],[-66.12765717928318,-17.45810545277499],[-66.1276475717125,-17.458176784623106],[-66.12752561271111,-17.45949237103288],[-66.12751355831757,-17.45958561988851],[-66.12749479612226,-17.459677842072594],[-66.12746941643286,-17.459768593645954],[-66.12743754141299,-17.459857437748106],[-66.12739932449423,-17.45994394670018],[-66.12735494963775,-17.46002770406385],[-66.12730463044875,-17.460108306645996],[-66.12724860914847,-17.46018536643967],[-66.12718715540812,-17.460258512492018],[-66.12712056505094,-17.46032739269002],[-66.12537061170124,-17.462016170377318],[-66.12527183803113,-17.462106978445785],[-66.12516859605108,-17.462193086623593],[-66.12506112827215,-17.462274292643393],[-66.12494968713267,-17.462350405752932],[-66.12483453440538,-17.462421247163135],[-66.12471594058242,-17.462486650468158],[-66.12459418423992,-17.4625464620363],[-66.12446955138356,-17.46260054137091],[-66.1243812137813,-17.462639926958463],[-66.12429591758922,-17.46268506757436],[-66.12421406922252,-17.462735748134435],[-66.12413605866924,-17.46279172715813],[-66.12406225763218,-17.46285273791904],[-66.12399301775778,-17.462918489715705],[-66.12392866896076,-17.462988669256692],[-66.12386951785207,-17.46306294215328],[-66.123815846278,-17.46314095451267],[-66.12376790997722,-17.463222334624135],[-66.12372593736207,-17.463306694730033],[-66.12369012843025,-17.463393632873352],[-66.12335589571488,-17.46429489872229],[-66.12332333766646,-17.464374133970416],[-66.12328529360416,-17.464451084931078],[-66.12324193626489,-17.464525402200177],[-66.12319346251189,-17.46459674833194],[-66.12314009244082,-17.464664799371054],[-66.12308206838043,-17.46472924632374],[-66.12301965379237,-17.464789796560872],[-66.1229531320748,-17.464846175146665],[-66.12284826281527,-17.46493329283148],[-66.12274782789402,-17.46502509738073],[-66.12265205448509,-17.465121381145476],[-66.12256115921988,-17.465221926345308],[-66.12247534769713,-17.465326505560856],[-66.12239481401788,-17.465434882248196],[-66.1223197403464,-17.465546811273754],[-66.12225029649818,-17.465662039468793],[-66.12218663955575,-17.46578030620195],[-66.12212891351327,-17.46590134396868],[-66.12209717068637,-17.465963832564256],[-66.1220593154673,-17.466023102918133],[-66.1220156985308,-17.466078605967052],[-66.12196672392761,-17.466129827546634],[-66.12191284534153,-17.46617629315459],[-66.1218545618866,-17.466217572346505],[-66.12179241348346,-17.466253282723443],[-66.12172697585758,-17.46628309347445],[-66.12165885520575,-17.466306728441197],[-66.12158868258024,-17.466323968676267],[-66.12150145164995,-17.466344515124486],[-66.1214161091772,-17.466371391576704],[-66.12133315305918,-17.466404441231642],[-66.12125306727138,-17.46644347127292],[-66.12117631904412,-17.46648825399396],[-66.12110335613691,-17.466538528126392],[-66.12103460422612,-17.466594000364257],[-66.12097046442166,-17.466654347075174],[-66.12091131092693,-17.46671921618833],[-66.12085748885559,-17.466788229248447],[-66.12080931221824,-17.466860983623675],[-66.12076706209018,-17.466937054854476],[-66.12073098497173,-17.467015999129956],[-66.12070129134979,-17.467097355876994],[-66.1206781544698,-17.467180650447258],[-66.120452736929,-17.468137645145394],[-66.12043725468503,-17.468189270409848],[-66.12041565913559,-17.46823883236083],[-66.12038823972276,-17.468285666716195],[-66.12035536394716,-17.468329145751643],[-66.12031747244242,-17.468368686714122],[-66.12027507306935,-17.468403759632782],[-66.12022873410915,-17.468433894422155],[-66.12017907664652,-17.46845868718305],[-66.1201267662452,-17.468477805615944],[-66.12007250402719,-17.468490993475044],[-66.12001701727523,-17.46849807400269],[-66.11991933234492,-17.468501746573093],[-66.11982161969789,-17.468498831434022],[-66.11972436107025,-17.468489342959053],[-66.1196280359594,-17.46847332792911],[-66.1195331192598,-17.468450865301797],[-66.11944007892166,-17.4684220658221],[-66.1193493736437,-17.46838707147631],[-66.1192614506116,-17.46834605479196],[-66.11917674329325,-17.468299217987173],[-66.11909566930169,-17.468246791973577],[-66.11901862833608,-17.46818903521789],[-66.11894600021121,-17.46812623246751],[-66.11887814298498,-17.468058693346613],[-66.11881539119312,-17.467986750829617],[-66.11876581619858,-17.46793056535152],[-66.11871163615704,-17.467878443264294],[-66.11865321134567,-17.467830731155757],[-66.11859093026644,-17.467787746289],[-66.11852520706269,-17.467749774492734],[-66.11845647876541,-17.467717068260832],[-66.11838520238707,-17.46768984507334],[-66.1183118518829,-17.467668285950538],[-66.11823359010776,-17.467651976390226],[-66.11815416656341,-17.467642114267207],[-66.11807415683262,-17.467638771051078],[-66.11770706707976,-17.467638442159583],[-66.11765107579731,-17.46764160129438],[-66.11759587437655,-17.46765113422714],[-66.1175422476971,-17.46766690541329],[-66.1174909582485,-17.46768869060991],[-66.11744273528893,-17.467716180064052],[-66.11739826447649,-17.4677489829169],[-66.11735817812033,-17.467786632761143],[-66.11732304619021,-17.467828594272454],[-66.11729336821246,-17.46787427082089],[-66.11726956616735,-17.467923012953946],[-66.11725197848911,-17.46797412763072],[-66.11724085525358,-17.46802688807573],[-66.11723635462238,-17.468080544112617],[-66.11722970856248,-17.468225008498344],[-66.11721602610021,-17.468369016157908],[-66.11719533719582,-17.468512251588322],[-66.11716768716019,-17.468654400977794],[-66.11713313655571,-17.46879515289325],[-66.11709176106373,-17.468934198962685],[-66.11705620136867,-17.469026263903235],[-66.1170137848564,-17.469115614235076],[-66.1169647344731,-17.469201780303276],[-66.11690930803599,-17.469284309189998],[-66.1168477968781,-17.469362767095248],[-66.1167805243172,-17.469436741617137],[-66.11670784395626,-17.46950584391977],[-66.11663013782487,-17.469569710777115],[-66.1165478143711,-17.469628006482413],[-66.11646130631453,-17.469680424612793],[-66.11586544032214,-17.470013136140498],[-66.11577034984167,-17.470069934382305],[-66.11567894922212,-17.47013206211457],[-66.11559156234681,-17.470199299184983],[-66.11550849887716,-17.470271407336075],[-66.11543005315546,-17.470348131049402],[-66.11535650316183,-17.470429198450987],[-66.1152881095292,-17.470514322274624],[-66.11522511461978,-17.470603200879776],[-66.1151677416661,-17.470695519320373],[-66.11511619398001,-17.47079095046078],[-66.11508581607103,-17.470845097579044],[-66.1150504447916,-17.470896376398365],[-66.11501037187732,-17.470944363975786],[-66.11496592784324,-17.47098866451401],[-66.1149174792578,-17.471028912625986],[-66.11486542571949,-17.47106477634866],[-66.11481019656087,-17.471095959881026],[-66.11475224730746,-17.47112220602395],[-66.11443484179117,-17.47128075170668],[-66.11435787036838,-17.471324598108307],[-66.11428454464034,-17.471373864624812],[-66.11421527816258,-17.471428273394704],[-66.11415046159767,-17.47148751755438],[-66.11409046051179,-17.471551262968678],[-66.11403561331308,-17.471619150115423],[-66.11398622934296,-17.47169079611293],[-66.11394258713148,-17.47176579687947],[-66.1139049328262,-17.471843729412107],[-66.11387347880401,-17.471924154172438],[-66.11384840247307,-17.472006617565455],[-66.1138298452721,-17.472090654497777],[-66.11381791187254,-17.47217579100068],[-66.11380513091413,-17.472280193716813],[-66.11378783840108,-17.472383996227126],[-66.11362951616115,-17.47322217526615],[-66.11361333407751,-17.473327334889742],[-66.11360434997164,-17.47343328481997],[-66.11360260229311,-17.47353957176534],[-66.11360809853173,-17.473645740991714],[-66.11362081518521,-17.473751338267835],[-66.11364069785964,-17.473855911808624],[-66.11366766150178,-17.473959014208152],[-66.1137015907629,-17.474060204353755],[-66.11374234049208,-17.47415904931337],[-66.11378973635688,-17.47425512618773],[-66.11382438027358,-17.474327473969392],[-66.11385224783642,-17.47440246962635],[-66.11387312230741,-17.47447952990929],[-66.113886841334,-17.474558055511228],[-66.11390637240643,-17.474710915292615],[-66.1139145706418,-17.474789142338732],[-66.11391921288973,-17.474867637721335],[-66.11392029034502,-17.474946252632265],[-66.11392260464186,-17.475017132238],[-66.11393080520584,-17.47508760857233],[-66.1139448397404,-17.47515723213503],[-66.11396461873953,-17.475225558864356],[-66.11399001605852,-17.47529215296928],[-66.11402086971833,-17.47535658970899],[-66.11403163932648,-17.47537584301168],[-66.11424042754578,-17.47573014651263],[-66.11426134724067,-17.475762660145794],[-66.11432245921036,-17.475856313251718],[-66.11437716809789,-17.475953544617926],[-66.11442524733772,-17.476053951601152],[-66.1144664978173,-17.476157118406814],[-66.11450074870177,-17.476262617810832],[-66.11452785814167,-17.476370012928722],[-66.11454771386049,-17.476478859024756],[-66.11456023361983,-17.476588705353723],[-66.1145653655602,-17.476699097027407],[-66.11456308841609,-17.47680957689845],[-66.11455341160406,-17.47691968745344],[-66.11453637518417,-17.47702897270752],[-66.11451204969416,-17.4771369800928],[-66.11450275297432,-17.4771822949507],[-66.1144896529951,-17.477286008359755],[-66.11448336073494,-17.47739030628797],[-66.11448390100959,-17.477494777591403],[-66.11449127170097,-17.47759901044194],[-66.11450544376541,-17.47770259395078],[-66.11452636134787,-17.477805119788105],[-66.11455394200198,-17.477906183792776],[-66.11458807701486,-17.478005387565517],[-66.1146286318355,-17.478102340039463],[-66.11467544660496,-17.478196659021783],[-66.11471120610943,-17.47825353717136],[-66.11493172782443,-17.478556457858485],[-66.11496903706109,-17.47861356516653],[-66.11500024549875,-17.478673949164193],[-66.11502504390981,-17.478737011551996],[-66.11504318657806,-17.478802127491544],[-66.11505449373354,-17.478868651796567],[-66.11505885333408,-17.47893592532557],[-66.11505622217575,-17.47900328151275],[-66.1150466263212,-17.479070052972617],[-66.11503016084178,-17.479135578112608],[-66.11500698887578,-17.479199207688488],[-66.11497734001229,-17.47926031123729],[-66.11494150801654,-17.47931828332432],[-66.11489984791942,-17.47937254954203],[-66.11485277249977,-17.47942257220162],[-66.11480074819451,-17.479467855660705],[-66.11474429047709,-17.479507951234492],[-66.11468395874986,-17.47954246164159],[-66.11462035080133,-17.479571044940453],[-66.11372679476558,-17.479921663374707],[-66.11371987294275,-17.47992443601363],[-66.11368104735705,-17.47993842771681],[-66.113641104025,-17.47994913670828],[-66.11360034369162,-17.479956482357256],[-66.11350037745113,-17.47997378814816],[-66.11340197954216,-17.47999799567746],[-66.11330566664172,-17.4800289778324],[-66.11321194447922,-17.480066571927377],[-66.11312130518091,-17.480110580558236],[-66.1130342246861,-17.48016077263875],[-66.11295116024803,-17.480216884613963],[-66.11287254803311,-17.480278621844096],[-66.11279880083062,-17.480345660151542],[-66.1127303058853,-17.480417647523044],[-66.11266742286391,-17.48049420595803],[-66.11261048196671,-17.48057493345331],[-66.11248490186962,-17.48076131262359],[-66.11235348561254,-17.48094394858408],[-66.11221635424273,-17.481122673089068],[-66.11207363407337,-17.481297321495745],[-66.11192545656732,-17.481467732916023],[-66.11177195821593,-17.481633750364722],[-66.11161328041337,-17.48179522090425],[-66.11144956932637,-17.481951995785483],[-66.1112809757596,-17.482103930584902],[-66.11110765501668,-17.482250885337592],[-66.11092976675718,-17.482392724666262],[-66.11074747484945,-17.48252931790599],[-66.11056094721971,-17.482660539224575],[-66.11037035569728,-17.482786267738554],[-66.11017587585627,-17.482906387624553],[-66.10997768685384,-17.483020788226018],[-66.1097759712651,-17.483129364155165],[-66.1095709149148,-17.48323201539011],[-66.10936270670624,-17.483328647367053],[-66.10936188890807,-17.483329012899993],[-66.10933038806832,-17.483343091105777],[-66.10856417091503,-17.483685537633985],[-66.10840032225448,-17.4837551530697],[-66.10823382956848,-17.483818729417504],[-66.10806493445597,-17.483876174423145],[-66.10789388200261,-17.483927404729716],[-66.10772092042515,-17.483972345998577],[-66.10644410726619,-17.48427917629874],[-66.10639713577301,-17.484288053210804],[-66.10551887072741,-17.48440987770406],[-66.10543276997633,-17.484424855511815],[-66.10534800549907,-17.48444570263076],[-66.1052650111657,-17.484472312352967],[-66.10518421178608,-17.484504548474465],[-66.10510602093564,-17.484542245992373],[-66.10503083883843,-17.484585211949405],[-66.10495905031874,-17.48463322642156],[-66.10489102283151,-17.484686043643737],[-66.10482710458136,-17.484743393267667],[-66.10351271245148,-17.48582733481257],[-66.10343552518461,-17.48589533076014],[-66.10336314279621,-17.485968030649076],[-66.10329587592328,-17.48604512248397],[-66.10323401325044,-17.486126275420965],[-66.10317782027099,-17.486211141187518],[-66.10312753814745,-17.486299355576957],[-66.10308338267657,-17.486390540011417],[-66.1030455433632,-17.48648430316646],[-66.10302470826923,-17.486541420966844],[-66.10300077105366,-17.486596952599438],[-66.10297057143818,-17.486649598142638],[-66.1029344810777,-17.486698709700214],[-66.10289294412416,-17.486743682867534],[-66.1028464717607,-17.48678396416992],[-66.10279563591051,-17.486819057874346],[-66.1027410621984,-17.48684853209032],[-66.10268342225119,-17.486872024085255],[-66.10262342543193,-17.486889244748568],[-66.10256181010988,-17.486899982149765],[-66.10249933457312,-17.486904104146664],[-66.10243676769635,-17.486901560011653],[-66.1023748794781,-17.486892381055895],[-66.10231443156441,-17.486876680244016],[-66.10225616787503,-17.486854650803696],[-66.10220080544806,-17.4868265638476],[-66.10214902561532,-17.48679276503675],[-66.10210146561728,-17.48675367032637],[-66.1020587107606,-17.48670976084672],[-66.1020212872151,-17.4866615769818],[-66.10147671855546,-17.485872588700378],[-66.10142099297148,-17.485798313387775],[-66.10135940600469,-17.48572843069869],[-66.10129233214265,-17.485663365554974],[-66.10122017923474,-17.485603513584763],[-66.10114338601208,-17.485549238716914],[-66.1010624194198,-17.485500870968192],[-66.10097777177786,-17.485458704436777],[-66.10088995778736,-17.485422995514117],[-66.1007995114012,-17.485393961325986],[-66.10070698257739,-17.485371778412425],[-66.10061293393518,-17.485356581654298],[-66.10051793733423,-17.485348463453352],[-66.10042257039765,-17.485347473170354],[-66.10032741299997,-17.485353616825016],[-66.10023304374143,-17.48536685705948],[-66.10014003643003,-17.485387113365448],[-66.10004895659276,-17.485414262573762],[-66.09996035803704,-17.485448139603303],[-66.09987477948361,-17.48548853846474],[-66.0997722367439,-17.485541807561805],[-66.09967095834271,-17.485598402503413],[-66.09957354780792,-17.485660938191163],[-66.0994803830273,-17.485729172028954],[-66.09939182541912,-17.485802839315767],[-66.09930821853017,-17.485881654272422],[-66.09922988670306,-17.485965311150192],[-66.09915713381797,-17.486053485416765],[-66.09902187686123,-17.486228336699615],[-66.09897664847256,-17.486292364232256],[-66.0989372971012,-17.486359871896735],[-66.09890411159945,-17.486430364174293],[-66.09887733556185,-17.486503323638118],[-66.09885716553711,-17.486578214751272],[-66.09884374958521,-17.486654487797598],[-66.09882870004765,-17.486796703098438],[-66.09882052963573,-17.486939434625196],[-66.09881925589703,-17.48708237611328],[-66.09882488158085,-17.487225220846874],[-66.09883739463214,-17.48736766231707],[-66.09885676821726,-17.487509394879513],[-66.09888296078141,-17.48765011441028],[-66.09891591613767,-17.487789518958422],[-66.09895556358735,-17.487927309393896],[-66.09900181807171,-17.488063190049424],[-66.09905458035416,-17.48819686935493],[-66.09911373723325,-17.488328060463264],[-66.09913823066465,-17.488386636480435],[-66.09915651360252,-17.488447264803447],[-66.09916840369517,-17.488509340754803],[-66.0991737823497,-17.488572245218354],[-66.09917259591504,-17.48863535081414],[-66.09916485621743,-17.488698028155504],[-66.09915064044259,-17.488759652126436],[-66.09913009036629,-17.488819608116156],[-66.09910341094047,-17.48887729814916],[-66.09907086824938,-17.488932146849134],[-66.09903278685597,-17.4889836071777],[-66.09898954656488,-17.4890311658904],[-66.09894157863454,-17.489074348655702],[-66.09888936147597,-17.489112724785887],[-66.09883341588133,-17.489145911532656],[-66.09793724350212,-17.489619869998375],[-66.09782205681064,-17.489677512584137],[-66.09770422812221,-17.48973000793907],[-66.09758400704841,-17.489777244856466],[-66.09746164826949,-17.489819123269275],[-66.09733741099465,-17.48985555446217],[-66.09667482019911,-17.49003395927151],[-66.09657197461836,-17.49006527798458],[-66.09647156348964,-17.490103179490863],[-66.09637404377555,-17.49014749130257],[-66.09627985928073,-17.490198011759187],[-66.09618943863242,-17.490254510945217],[-66.09610319332992,-17.49031673173644],[-66.09602151587187,-17.490384390969997],[-66.0959447779702,-17.490457180733014],[-66.09587332885845,-17.490534769763737],[-66.09580749370241,-17.490616804959128],[-66.09574757212044,-17.49070291298162],[-66.0956938368197,-17.490792701958128],[-66.0956465323551,-17.490885763263364],[-66.09560587401626,-17.490981673379355],[-66.0955720468475,-17.491079995822805],[-66.09554520480569,-17.49118028313144],[-66.09552547005937,-17.491282078900294],[-66.09551293243258,-17.491384919858795],[-66.09550764899589,-17.491488337979003],[-66.09549299476062,-17.492410443986603],[-66.09548774065566,-17.492513520012974],[-66.09547528013368,-17.4926160242258],[-66.09545566951614,-17.49271749320944],[-66.09542899745016,-17.49281746822777],[-66.09539538450797,-17.49291549729811],[-66.09535498264198,-17.49301113723479],[-66.09530797449807,-17.493103955652703],[-66.0952545725898,-17.493193532922273],[-66.09519501833793,-17.493279464066603],[-66.09488205763247,-17.493699679826626],[-66.0943444218617,-17.49333324205889],[-66.0943430797055,-17.49333237543921],[-66.09407253754449,-17.493157610033148],[-66.0937856638787,-17.492973181064286],[-66.09342589344409,-17.492845187744066],[-66.09327035914136,-17.492790542260643],[-66.0932636452162,-17.492788184743397],[-66.0929823599807,-17.492687789439323],[-66.09236091504656,-17.4924659723312],[-66.09212848627853,-17.49236613187739],[-66.09206755003504,-17.492339374036597],[-66.09183685744148,-17.492238071560234],[-66.09113646902813,-17.491624366935593],[-66.09099187698448,-17.49135714160315],[-66.09083686725411,-17.49106962773833],[-66.09067263903302,-17.490763400494863],[-66.09062650346542,-17.49067737291072],[-66.09052809073022,-17.490493444205644],[-66.09043603898914,-17.49032287485688],[-66.09033004888003,-17.490012880762485],[-66.09026834732352,-17.489834004891154],[-66.09021884557956,-17.489686730502985],[-66.09014869587378,-17.48945906359661],[-66.0898500878661,-17.489249070826883],[-66.0898500413329,-17.489249038541434],[-66.0896571294416,-17.4891288620179],[-66.08949140870278,-17.489233220409943],[-66.08949137054199,-17.489233253259535],[-66.08933659253358,-17.489403988815592],[-66.0891531990458,-17.48952237869266],[-66.08914663826727,-17.489521465313526],[-66.08904231839202,-17.489506938442684],[-66.08904228464091,-17.489506930724133],[-66.08890167966729,-17.489545781314533],[-66.08835574885966,-17.489856216920753],[-66.08824163171255,-17.489904484107367],[-66.0882066829499,-17.489919259247895],[-66.08809541165031,-17.48995798599963],[-66.08800281200428,-17.489952739436674],[-66.08786276941075,-17.489919171993826],[-66.08768989493443,-17.48984972718693],[-66.08766331996904,-17.489852138220037],[-66.08762417905766,-17.489852103895508],[-66.08759159561579,-17.489836182696752],[-66.08759155740563,-17.48983615956242],[-66.08756367495543,-17.489816989001632],[-66.08755674632508,-17.48978630900854],[-66.08755341189402,-17.48977146889352],[-66.08755745562696,-17.489759804350122],[-66.08756068319641,-17.489750583849634],[-66.08759550374089,-17.489696907043736],[-66.08760135094265,-17.489654966929464],[-66.08760135064918,-17.489654926292506],[-66.08756321244692,-17.489627278272717],[-66.08750146207558,-17.48959928379091],[-66.0871515354086,-17.489574831402575],[-66.08689007126394,-17.489638439112245],[-66.0864592010852,-17.4897454477296],[-66.08627873958501,-17.489792001285846],[-66.08627870833965,-17.489792013468453],[-66.08620437486736,-17.489829070008287],[-66.08615137696465,-17.489828842813367],[-66.08595471767158,-17.48966010070662],[-66.08591756069966,-17.489641866484433],[-66.08590625539885,-17.489644041853687],[-66.0858401338947,-17.489656760694412],[-66.08577912391115,-17.489689584624905],[-66.08572763983813,-17.4897026492523],[-66.08570958294125,-17.489700241449995],[-66.08567187123393,-17.489695201925677],[-66.08557290775148,-17.489616933430252],[-66.08557287532997,-17.489616901351084],[-66.08552880133952,-17.48959856189054],[-66.08557166449162,-17.48947590561316],[-66.08557167244919,-17.4894758786416],[-66.08559803593954,-17.489375128472915],[-66.08558922004751,-17.489314178354775],[-66.08558921207039,-17.489314147537467],[-66.08557971067248,-17.489308939795517],[-66.0855572424996,-17.48929657001882],[-66.0854530415134,-17.489316234029616],[-66.08541046388203,-17.489324261795623],[-66.08529868529227,-17.48932369681003],[-66.08529396504895,-17.48932101256614],[-66.0851999360425,-17.489267539059476],[-66.08510401387431,-17.48925230458062],[-66.0851039712108,-17.489252324721885],[-66.08491297057222,-17.48937888494884],[-66.08472557242047,-17.48942309229628],[-66.08469491868576,-17.48941351872419],[-66.08463847752094,-17.489395862470296],[-66.08459846334307,-17.489339975650964],[-66.08455411587035,-17.48930617083429],[-66.08455731541079,-17.48920308514418],[-66.08455818910758,-17.489175207781095],[-66.0845151797441,-17.48911119469316],[-66.08448894825769,-17.489102284702476],[-66.08443651125373,-17.48910702429361],[-66.08443647126836,-17.489107053503524],[-66.08434243413535,-17.48915929641643],[-66.08434239439475,-17.489159310279835],[-66.08425910573762,-17.489172255905505],[-66.08416833890955,-17.489137454034637],[-66.08415601618779,-17.489018546494876],[-66.08418048219927,-17.488973025402814],[-66.08419661046233,-17.488943082253538],[-66.08419658823068,-17.488943060256283],[-66.08416894567237,-17.488931300572066],[-66.0841469837657,-17.488921946705567],[-66.08400193206889,-17.489007853147303],[-66.08395057071064,-17.48903057522418],[-66.08387006945343,-17.48906603414653],[-66.08384454046661,-17.489057033265777],[-66.0838029383573,-17.489042311759942],[-66.08373510208945,-17.489018380344877],[-66.0836929061356,-17.48900331329514],[-66.0836695895914,-17.488995061837098],[-66.0836293093424,-17.48898076514131],[-66.083523407754,-17.488943133840618],[-66.08343343642045,-17.488912276583058],[-66.08336933864956,-17.488889934991224],[-66.08328979828849,-17.488862400276282],[-66.08319546819666,-17.488829682917476],[-66.08307148432428,-17.48878677615753],[-66.08303067919591,-17.488775424269253],[-66.08300640377998,-17.488768654830164],[-66.08290680173529,-17.488740831490585],[-66.08290677176203,-17.488740822923607],[-66.08288295752878,-17.48873410539509],[-66.08285573458251,-17.488726425796386],[-66.08264279817918,-17.4886625526425],[-66.08249189494036,-17.4886855251593],[-66.08230273776655,-17.488682745843725],[-66.08230270579665,-17.488682744470875],[-66.0822970412622,-17.48868251493417],[-66.08213974756666,-17.488676106242252],[-66.08212031038019,-17.488667694030184],[-66.08203031106244,-17.48862889257076],[-66.08195820812419,-17.488597651750123],[-66.08189764178837,-17.48855540295201],[-66.08187563017381,-17.48854003902992],[-66.08187559752261,-17.488540021393995],[-66.08182074459948,-17.488518636924894],[-66.0818207053633,-17.488518619192153],[-66.08174152740224,-17.488562717988373],[-66.08171637276489,-17.48868252192274],[-66.08161563246688,-17.48871310893592],[-66.08150414373054,-17.488746943769513],[-66.08138259923925,-17.488702866445806],[-66.08123321816315,-17.48864865504906],[-66.08116462079738,-17.488603422016876],[-66.08113554077964,-17.488584238471923],[-66.0810964006192,-17.48855861167162],[-66.08099455666202,-17.488491910723212],[-66.08090534242733,-17.48848216171471],[-66.08083497382302,-17.488474437904244],[-66.08079313537554,-17.488436894053184],[-66.08079310013302,-17.488436861931888],[-66.08067291056422,-17.4883291213503],[-66.08067287153006,-17.488329090979114],[-66.0806435412718,-17.488322342642967],[-66.08058638414029,-17.488309155204462],[-66.08049853157904,-17.488289095478116],[-66.0804625443004,-17.48828087041602],[-66.08030760346124,-17.48827570486975],[-66.08025187543866,-17.48827390099638],[-66.08004733407525,-17.488267278825624],[-66.08004729828495,-17.48826728100799],[-66.0800114021815,-17.488272259138267],[-66.07971832725612,-17.48831242685155],[-66.07944622314733,-17.488305929766312],[-66.07923987274633,-17.488301058037706],[-66.07917972601649,-17.48829955724803],[-66.07916310166749,-17.48829914288541],[-66.07916307062405,-17.488299142428634],[-66.07915849560834,-17.488299214165085],[-66.07911180840341,-17.488299924056452],[-66.07892583168508,-17.488302966296533],[-66.07891208156782,-17.488291737229417],[-66.07889828111247,-17.488280419835416],[-66.07887933534153,-17.488264705243736],[-66.07886333113822,-17.488251391519412],[-66.07878699148208,-17.48818868386143],[-66.07878696380897,-17.488188649142394],[-66.07877130867324,-17.4881578496555],[-66.07875516113894,-17.488126067744336],[-66.0787278756902,-17.48807233122324],[-66.07868846890184,-17.487995002127718],[-66.07867272928593,-17.487937342476204],[-66.07867271950074,-17.487937307117456],[-66.07864367159962,-17.48783046971488],[-66.07868038355046,-17.487764540787953],[-66.07868040197208,-17.487764506747247],[-66.0787226268229,-17.487688507156836],[-66.0787475395079,-17.487644009273218],[-66.0787496648414,-17.48763990146152],[-66.07875207842498,-17.487635302176255],[-66.0787923641887,-17.487587316705625],[-66.07883054142904,-17.48754173814086],[-66.07887850281632,-17.487484474993643],[-66.07887585172982,-17.487461952719368],[-66.07887281725739,-17.487437278509727],[-66.07886989461606,-17.487413201887623],[-66.07886496911104,-17.48737131866521],[-66.07886496411592,-17.487371277959312],[-66.07885777344838,-17.487309631212714],[-66.0787814318208,-17.487217214062255],[-66.07875460570634,-17.48718467095495],[-66.07874114899326,-17.48717275093968],[-66.07873277027642,-17.487165317423912],[-66.0786497260951,-17.4870923015483],[-66.07862991278128,-17.487069353355537],[-66.07860300922542,-17.48703812648687],[-66.07857897308836,-17.48701087773747],[-66.07851554554831,-17.486950513581824],[-66.07848847462127,-17.486924816565512],[-66.07843612619948,-17.486875070601897],[-66.07839678313871,-17.486846410104352],[-66.07829410105136,-17.486771580039676],[-66.07827894756463,-17.486760565059136],[-66.07826027520571,-17.48674694838098],[-66.07826005969251,-17.486746833244386],[-66.07819707321622,-17.486641103573834],[-66.07816901360275,-17.486593909180105],[-66.07814083637592,-17.48656602607755],[-66.0781296972146,-17.486554990712243],[-66.07807946192608,-17.48652552064057],[-66.07805653870454,-17.486510244079238],[-66.07802629710937,-17.486490074209566],[-66.0780104593764,-17.486470361036293],[-66.07798860670482,-17.486443089293576],[-66.07795708027253,-17.486349009166005],[-66.07796236725743,-17.48630633088288],[-66.07799715388924,-17.486247115093082],[-66.07807090603814,-17.486147973137143],[-66.07808540833538,-17.486058255372793],[-66.07807049200659,-17.485885573031904],[-66.07807049054358,-17.485885546825063],[-66.07788123623314,-17.48566382866177],[-66.07780964618196,-17.48560115459388],[-66.07774336022965,-17.485543124754262],[-66.07774252254787,-17.485541022114276],[-66.07774189326145,-17.485539420965505],[-66.07774748796241,-17.48545252925965],[-66.07775004775917,-17.485412760751576],[-66.07774641646178,-17.485256421634038],[-66.07764110775562,-17.4851642099158],[-66.07748545488361,-17.48505061313895],[-66.07748541388274,-17.485050588155993],[-66.0772622134759,-17.484939672794177],[-66.0770179161525,-17.484876789195894],[-66.07688273672528,-17.484841972573523],[-66.07671656181323,-17.484787795523776],[-66.07671651312825,-17.484787780359895],[-66.07651485142978,-17.48472162504205],[-66.07624555933835,-17.484751249009165],[-66.07598594118191,-17.484775784335277],[-66.0758038905902,-17.48484045615588],[-66.0756764240758,-17.484879301350908],[-66.07558785616044,-17.48491094419912],[-66.07555542210065,-17.484922526128894],[-66.0755436849368,-17.484926717154128],[-66.07554365270789,-17.484926732029393],[-66.07541228257145,-17.484992792847603],[-66.0753199696726,-17.48495261832614],[-66.07514419339928,-17.48483038303053],[-66.07509311638648,-17.484775719636996],[-66.07507623865598,-17.48475734808635],[-66.07505603742405,-17.484735342900915],[-66.07488256793884,-17.484578922693753],[-66.07486394780011,-17.484562131789417],[-66.07480196216356,-17.484506284594396],[-66.07475977465461,-17.484468172069878],[-66.07458544312533,-17.484310677109363],[-66.07453233934338,-17.484262681754668],[-66.07446060125481,-17.48419784648902],[-66.07442392085838,-17.484164683706783],[-66.07433195622147,-17.484101786047486],[-66.07422448396171,-17.484028283257185],[-66.07415374218849,-17.48397969653559],[-66.07386425233761,-17.483780872255426],[-66.07378431721493,-17.483738810020277],[-66.07369017836471,-17.483689273372338],[-66.07368079857206,-17.483677568480502],[-66.0735800968285,-17.48355190668945],[-66.07343745784817,-17.48328458767287],[-66.07337456076468,-17.483216843128382],[-66.07336072781084,-17.483196432366935],[-66.07334250898202,-17.48316951719844],[-66.07331365524571,-17.48312707635036],[-66.07330103034303,-17.48310849288231],[-66.07326131167544,-17.483050026343403],[-66.07322693363521,-17.482999316210037],[-66.0731653410442,-17.482908748302556],[-66.07301165308304,-17.48268264071198],[-66.07292681356465,-17.482557825631112],[-66.07277359371103,-17.48233166342962],[-66.07261474090262,-17.48217957013417],[-66.07260337594109,-17.48216868922014],[-66.07247029419908,-17.482040537047734],[-66.07238215484998,-17.481955616453124],[-66.0722155912955,-17.48179634284274],[-66.07214038834144,-17.4817244210858],[-66.07170424176279,-17.481305427520685],[-66.07134041142575,-17.480956326213963],[-66.07116341360612,-17.48078657929485],[-66.07115918739176,-17.48077992461533],[-66.07091838962135,-17.4804119455998],[-66.07091836480176,-17.480411909116217],[-66.07063242774898,-17.479974811502046],[-66.07063240020872,-17.479974768657748],[-66.0705358642472,-17.479827882346292],[-66.07053584411659,-17.47982784683478],[-66.07053539023649,-17.47982751779085],[-66.07053456037752,-17.479826871687386],[-66.07050620415619,-17.479693992494397],[-66.0703762875953,-17.479052525570975],[-66.07037305615846,-17.479024534703328],[-66.07031112268538,-17.47823036002031],[-66.07024359261449,-17.47744483870643],[-66.0700179565167,-17.475049489622865],[-66.06969707703138,-17.474054052782837],[-66.06953327984314,-17.473563888873027],[-66.06951987276166,-17.473523766830443],[-66.06952461989303,-17.47329228587296],[-66.0695282096748,-17.473118553237324],[-66.06979018932508,-17.47270196399338],[-66.06990929563393,-17.472512598706626],[-66.06995744485039,-17.472319141194227],[-66.07001635097988,-17.472082589788343],[-66.07003544021623,-17.471847116144374],[-66.07004578778816,-17.47171959699617],[-66.07006485394622,-17.47147233423981],[-66.07010098481513,-17.471004014927],[-66.07016384464855,-17.469692792856055],[-66.07000334762205,-17.469028211677667],[-66.06997221791056,-17.468793536024535],[-66.06996758654434,-17.468758608918815],[-66.06996758531349,-17.46875856826847],[-66.06998862863777,-17.468467086130804],[-66.07012866190385,-17.468135424251056],[-66.07031189720729,-17.467720522535917],[-66.07044952585603,-17.467311942333975],[-66.07051538727073,-17.46718841256369],[-66.07063348034436,-17.46696697512859],[-66.07087093439385,-17.46653140893395],[-66.07099919773955,-17.46629614808707],[-66.07121829216588,-17.466032024278277],[-66.07126811302824,-17.465923992324097],[-66.07136159423632,-17.465721387968564],[-66.07146583359558,-17.465350754353413],[-66.07147984602608,-17.465143039290886],[-66.07150167165423,-17.46482012230922],[-66.07162384632463,-17.46446372302946],[-66.07192598217001,-17.463565303952965],[-66.07192759029739,-17.463560520395454],[-66.07200039619751,-17.463344026125906],[-66.07203290200086,-17.463291181904587],[-66.07238916619283,-17.462712013052563],[-66.07238917972172,-17.46271199067834],[-66.07262401271404,-17.46229014855166],[-66.0727171999448,-17.46212275066823],[-66.07271722792855,-17.462122706836297],[-66.07290631090332,-17.46180194180505],[-66.07311224333087,-17.461452591913755],[-66.07318691305645,-17.461325919021203],[-66.07349351567363,-17.460806945397753],[-66.07375383290027,-17.460366313266658],[-66.07399726227692,-17.46005711784406],[-66.07411844714798,-17.460011495353022],[-66.07433243315202,-17.459930979196642],[-66.07478259155543,-17.459558432586263],[-66.07485202739379,-17.45945697677636],[-66.07504541254016,-17.459174414130068],[-66.07537022021533,-17.458897897576733],[-66.07556469149358,-17.458877256673365],[-66.0758042494503,-17.458851847574245],[-66.07586655469038,-17.4588561843759],[-66.07650437151061,-17.458900583816586],[-66.07670545382622,-17.458851349794656],[-66.077971957452,-17.45854125274636],[-66.07797198256905,-17.45854121158012],[-66.07806394259431,-17.45836520518567],[-66.07822924576413,-17.458048824152225],[-66.07826302527927,-17.45776157855183],[-66.07828608417344,-17.457565642696682],[-66.07828712521483,-17.45740762293951],[-66.07828899748134,-17.457123307980986],[-66.07828978567022,-17.45700366233042],[-66.07829377105396,-17.456398566017306],[-66.07832625804188,-17.456324169482617],[-66.0784980701872,-17.45593070977674],[-66.07854319199679,-17.455827377073845],[-66.07880164222567,-17.455361202651243],[-66.07880935539437,-17.45534728963118],[-66.07917009894021,-17.45498740314868],[-66.07962982900281,-17.45469711941661],[-66.080091097055,-17.454427827905445],[-66.08053845333552,-17.454343560250095],[-66.08087121829946,-17.454250569046796],[-66.0812743785469,-17.454083500762913],[-66.08183380876541,-17.453591995522384],[-66.08204864886454,-17.453247432445146],[-66.08235309900085,-17.452991553840288],[-66.08244976202185,-17.45263831613606],[-66.0824579983433,-17.45200587289312],[-66.08251094353817,-17.45131296500402],[-66.08291876377189,-17.450964265929134],[-66.08370166376469,-17.45084473356287],[-66.0839706674428,-17.450640718153107],[-66.08465705457752,-17.44983479067676],[-66.08469514952262,-17.44938631899041],[-66.08502678478926,-17.448907147557883],[-66.08521175973874,-17.448495724372737],[-66.08550935011965,-17.448210059605362],[-66.08572164218604,-17.447910887908883],[-66.08595249938378,-17.447473951234553],[-66.08618456160283,-17.44661768017613],[-66.08642545695685,-17.44635039046675],[-66.08675286051512,-17.446023184265908],[-66.08685630723099,-17.4455861316581],[-66.08667909196973,-17.44470988414667],[-66.08695198587536,-17.443001529239837],[-66.08715432033067,-17.442296835517162],[-66.08734915709827,-17.442063804526384],[-66.0877047712101,-17.441794688884915],[-66.08790125300818,-17.441572194317786],[-66.08818553817646,-17.441094061291302],[-66.08864846912164,-17.44036875160918],[-66.09030406637612,-17.43824727401176],[-66.09095220307294,-17.437667878316283],[-66.0910513355509,-17.43727094145607],[-66.09104687176199,-17.43686375421921],[-66.0910695160555,-17.436741038778358],[-66.09110861212851,-17.436529168648757],[-66.09214330294314,-17.435333415036407],[-66.09242196638422,-17.434371959161965],[-66.09298966424313,-17.433681364629315],[-66.0940502324249,-17.432917153577186],[-66.09533266170128,-17.43265010037875],[-66.09692100373937,-17.432918124964047],[-66.09697630510497,-17.43292804683052],[-66.0969856728472,-17.43292972840773],[-66.09703074914425,-17.432937815318162],[-66.09721316482491,-17.432970544889766],[-66.09731766922467,-17.432987959962926],[-66.09713443470774,-17.433458028927202],[-66.09699786671312,-17.433808379582],[-66.09671466588328,-17.43429704009455],[-66.09648731983964,-17.43481656339329],[-66.09625786573186,-17.435268740014752],[-66.09611863480355,-17.435959026791675],[-66.09603596445109,-17.436582362626826],[-66.09613398117617,-17.4381527692471],[-66.09607023898165,-17.438692897281456],[-66.0964024044353,-17.439388662569602],[-66.09680284716715,-17.440590424337376],[-66.09707584908745,-17.440893054167457],[-66.09752008219701,-17.4411733375776],[-66.0976417311097,-17.441330726882615],[-66.09776024288855,-17.441423351775608],[-66.09788887172182,-17.441426682573205],[-66.09810435050565,-17.441394920530623],[-66.09840493010668,-17.44147013116499],[-66.09994431312458,-17.443058125362757],[-66.10068889361293,-17.44348364327584],[-66.10097109442002,-17.443744509439085],[-66.1010344754393,-17.444147004534972],[-66.10104490122139,-17.444349310210164],[-66.1012921185361,-17.444617478782195],[-66.10130409588311,-17.4448082988601],[-66.10141955832611,-17.44497432262624],[-66.10148938653818,-17.445321474430674],[-66.10186907043085,-17.445772401190453],[-66.1021110571838,-17.446218775247836],[-66.10214352246275,-17.446439582277833],[-66.10229440606739,-17.446477564550023],[-66.10235839058635,-17.446513700314632],[-66.10237174416133,-17.44655815434628],[-66.10235897633042,-17.44660124545905],[-66.10229597970631,-17.44665488287503],[-66.10228580138975,-17.446709535283237],[-66.10230172020412,-17.44674221686546],[-66.1024206377267,-17.446777358639793],[-66.10254541564208,-17.446874470121706],[-66.10256985994732,-17.44695626961618],[-66.102546489185,-17.44699810559277],[-66.10239168250057,-17.44711801578127],[-66.10235092694148,-17.447206137071063],[-66.10237841360846,-17.447478501062097],[-66.10250463431429,-17.447634501257657],[-66.10253909889823,-17.447752805337018],[-66.1025126504663,-17.44789349231971],[-66.10252822003656,-17.447962073235615],[-66.10269235416342,-17.448018275102857],[-66.10277191064883,-17.44806070281948],[-66.10280675066468,-17.44814373006102],[-66.1028011909623,-17.448196564389082],[-66.1025778101055,-17.448762687773584],[-66.10260154182946,-17.44888956263378],[-66.10270508522899,-17.448947790399153],[-66.10283225355123,-17.448948188090437],[-66.10292997276197,-17.44899178783061],[-66.10295540196748,-17.44910705185438],[-66.10293835411673,-17.449323501495634],[-66.10287782443204,-17.449513140035986],[-66.10289449369242,-17.449607915607615],[-66.10297647957762,-17.449689098584198],[-66.10306914685256,-17.44973761087525],[-66.10343085969369,-17.450416243246334],[-66.10373684214815,-17.45050214371852],[-66.1037935941126,-17.450535826211052],[-66.1038214546207,-17.45057944674401],[-66.10382683906826,-17.450621909252845],[-66.10381575009708,-17.450666624949477],[-66.10377707583936,-17.450705121158713],[-66.10372321276081,-17.450719296133443],[-66.10366489623365,-17.450686866714843],[-66.1036319625191,-17.450690542526807],[-66.10361265867265,-17.45070771383436],[-66.10360677267622,-17.450751673656413],[-66.10363307174582,-17.45083931791871],[-66.1043544364042,-17.451488393750097],[-66.10434819716869,-17.451539116165808],[-66.1041831883839,-17.451782350665013],[-66.10413977488375,-17.451874321717575],[-66.10414784848454,-17.451951935041063],[-66.10428901529814,-17.45205205581581],[-66.10431325824648,-17.45210559685631],[-66.10429872305446,-17.452149430771705],[-66.10425100432754,-17.45221272791737],[-66.10425897164521,-17.452256058763087],[-66.10445911719619,-17.452356947046432],[-66.1044939172497,-17.452444312324488],[-66.10430496221366,-17.453058178970952],[-66.10467232785965,-17.4537046344049],[-66.1050158689731,-17.45377697718629],[-66.10534146095505,-17.453781717020902],[-66.10541976515067,-17.453757246147017],[-66.10566725122592,-17.45362564704216],[-66.10572116476584,-17.453619048224347],[-66.10641499074268,-17.453806150557096],[-66.1064909366296,-17.453874815338743],[-66.10650935773573,-17.453958985787708],[-66.10649709024692,-17.454015794169376],[-66.10640636194348,-17.45406338744273],[-66.10638488292906,-17.45410866457301],[-66.10639544781009,-17.454190974375308],[-66.10695084537504,-17.454947313122776],[-66.10699533536028,-17.45504151372106],[-66.1070670025224,-17.455401752435705],[-66.10714909826771,-17.45546189499417],[-66.10730311431617,-17.455485084443946],[-66.10742405429095,-17.455428331833634],[-66.10759029502692,-17.455316210137514],[-66.10771672431424,-17.455308907605524],[-66.1078438993943,-17.45536394561156],[-66.10794665773557,-17.455485943448778],[-66.10812304063916,-17.455821763874447],[-66.10815629440587,-17.45596228185454],[-66.10815692221315,-17.456032100017843],[-66.10811123487575,-17.456076312823665],[-66.10802648107091,-17.456074248475538],[-66.10798258993839,-17.456114331932902],[-66.10799341413933,-17.45619593308231],[-66.1080816264317,-17.45630774791269],[-66.10825138744731,-17.456423063077224],[-66.10841219521592,-17.456492670810928],[-66.10858983291521,-17.456497675011537],[-66.1087814665849,-17.456469254384952],[-66.10894888895356,-17.45648023723187],[-66.10900192128793,-17.45651092626061],[-66.10907418081767,-17.456599831742096],[-66.10944513344684,-17.456585074495255],[-66.10954170757708,-17.456599842356287],[-66.10964598741023,-17.456633052374958],[-66.10972470369803,-17.456676545717702],[-66.10979308525913,-17.456743004702606],[-66.10983851973732,-17.456814909080325],[-66.1098684306839,-17.456916656528193],[-66.10985491262282,-17.45700422820687],[-66.1097834896746,-17.4571603058332],[-66.1097670613444,-17.457229595302216],[-66.10978455214531,-17.457289716128358],[-66.10981751098328,-17.45731755507891],[-66.10986865712687,-17.45733753172353],[-66.10998331359188,-17.457351117536085],[-66.11009773914657,-17.457355489685575],[-66.11019976186296,-17.45735290925843],[-66.11028623086752,-17.457352269830466],[-66.11035463229425,-17.45738726605085],[-66.11036821591692,-17.457450981655743],[-66.11034739979671,-17.45751813060472],[-66.11030761107521,-17.457589247728357],[-66.11025297241751,-17.45764154791872],[-66.11019667468757,-17.457667818582784],[-66.11003450214126,-17.457726140557682],[-66.10994471431955,-17.457805030397573],[-66.10989692787305,-17.45816325250671],[-66.10987930756471,-17.458409415440006],[-66.10991303916919,-17.458465799321488],[-66.11019072920784,-17.458577886537995],[-66.11031160033355,-17.45885245447411],[-66.11060220578017,-17.458847957494882],[-66.11076376785762,-17.458944911946425],[-66.11091776328729,-17.45927438007164],[-66.11132042887401,-17.459686650875003],[-66.11138497737925,-17.459794557736526],[-66.11207912714929,-17.460954981118988],[-66.11209985693945,-17.461103344328713],[-66.11210982929882,-17.461321929328367],[-66.11220378844365,-17.461480494429672],[-66.11227677606503,-17.46151562819098],[-66.11282804360393,-17.461292360938362],[-66.11334639891537,-17.461500414569667],[-66.11343162891941,-17.4615822655348],[-66.11338035277471,-17.46174773362717],[-66.11340640818887,-17.46182373818436],[-66.11359699687817,-17.461971181890345],[-66.11363673065641,-17.462100502992016],[-66.11358073356172,-17.46230475453881],[-66.11363131216294,-17.462553976477025],[-66.11362040744207,-17.462754178355954],[-66.11358598408711,-17.462880011664527],[-66.11395557869491,-17.462652712780994],[-66.11424761856571,-17.462473108781783],[-66.11511998865208,-17.461580907949738],[-66.11554514573754,-17.460995543360042],[-66.11565733860174,-17.460604289775794],[-66.11580246546679,-17.459806455677754],[-66.11642694552322,-17.457424272363436],[-66.11956166114047,-17.45176609371655],[-66.11971363206777,-17.45126109557823],[-66.11953571623467,-17.4509270379619],[-66.11915656793465,-17.450712869642974],[-66.1170976890568,-17.44955387218714],[-66.11892245713676,-17.446407722972154],[-66.11864713331494,-17.446274068581673],[-66.11990499844256,-17.44411892011019],[-66.12012076416683,-17.443576467559645],[-66.12015259994128,-17.44248415103943],[-66.12018721872403,-17.441298416983372],[-66.1201491097691,-17.440956554413475],[-66.12007587803754,-17.440738498467017],[-66.125108734482,-17.43996595861399],[-66.12508730355708,-17.439593365550984],[-66.12581391953783,-17.438770157951215],[-66.12586398971803,-17.43836913599502],[-66.12544757713442,-17.436429226182238],[-66.1252448650254,-17.43572822538696],[-66.12529306505415,-17.43539305949129],[-66.12611339504151,-17.434155088164193],[-66.12676564697969,-17.43313010295349],[-66.12732124123868,-17.432136358806662],[-66.12877089663351,-17.429404851886485],[-66.1306564669441,-17.427079353104325],[-66.1324477584352,-17.425566409953653],[-66.13379183494614,-17.424427955632826],[-66.13477027759059,-17.423614088045223],[-66.13681013168829,-17.423787445224526]]]]},"id":1},{"type":"Feature","properties":{"Distritos":"D14"},"geometry":{"type":"MultiPolygon","coordinates":[[[[-66.10681662053508,-17.418855188443334],[-66.10681993232147,-17.41885298274187],[-66.10685937128567,-17.41890019912847],[-66.10724537669715,-17.419362328189546],[-66.10756136474353,-17.419640244527614],[-66.10793268700753,-17.419976211943688],[-66.11011063878065,-17.422246100365875],[-66.11087816076473,-17.423156421689036],[-66.11189875255114,-17.424219037107257],[-66.11221782286259,-17.424112194433157],[-66.11251837449021,-17.42419829724656],[-66.11271071362425,-17.42434786892103],[-66.11286073209024,-17.42443031781969],[-66.11316462998963,-17.424602916738515],[-66.11338217730606,-17.424695901227537],[-66.11377957228314,-17.424873676840974],[-66.11406832918395,-17.424996362003412],[-66.1141145396887,-17.425096418851705],[-66.11428078406708,-17.425159988816883],[-66.11452737975975,-17.42530499788629],[-66.11467567951233,-17.425370219134997],[-66.11487766511716,-17.425440041280183],[-66.11498618444996,-17.425502774387137],[-66.11535397534891,-17.425725869183974],[-66.11569952478939,-17.425939039070062],[-66.1158535779022,-17.426029613435354],[-66.11598283414195,-17.42638095059923],[-66.11604055591204,-17.426867855844893],[-66.11665892616448,-17.42701794538619],[-66.11680087245072,-17.427099438775876],[-66.1170866546501,-17.427285149751626],[-66.11780972958765,-17.42748465551321],[-66.11811523151174,-17.427792232257612],[-66.118343375554,-17.427995714134152],[-66.1184470606055,-17.42813728829475],[-66.11783659393726,-17.42899507631722],[-66.11728307695469,-17.43095499903405],[-66.11673064811228,-17.431809426715258],[-66.11675785994073,-17.432154846069377],[-66.1168840534294,-17.43243894253047],[-66.11712877553727,-17.43350085929187],[-66.11728908273805,-17.43369136012302],[-66.11848929653469,-17.43424194303035],[-66.1190664407509,-17.434940258351247],[-66.11946238851459,-17.43572994969999],[-66.11953934252452,-17.436029044364787],[-66.11956593281826,-17.437456396719895],[-66.11944773974918,-17.438740518721307],[-66.11952257299987,-17.43918062707585],[-66.11995754103513,-17.440401755820606],[-66.12007587803754,-17.440738498467017],[-66.1201491097691,-17.440956554413475],[-66.12018721872403,-17.441298416983372],[-66.12015259994128,-17.44248415103943],[-66.12012076416683,-17.443576467559645],[-66.11990499844256,-17.44411892011019],[-66.11864713331494,-17.446274068581673],[-66.11892245713676,-17.446407722972154],[-66.1170976890568,-17.44955387218714],[-66.11915656793465,-17.450712869642974],[-66.11953571623467,-17.4509270379619],[-66.11971363206777,-17.45126109557823],[-66.11956166114047,-17.45176609371655],[-66.11642694552322,-17.457424272363436],[-66.11580246546679,-17.459806455677754],[-66.11565733860174,-17.460604289775794],[-66.11554514573754,-17.460995543360042],[-66.11511998865208,-17.461580907949738],[-66.11424761856571,-17.462473108781783],[-66.11395557869491,-17.462652712780994],[-66.11358598408711,-17.462880011664527],[-66.11362040744207,-17.462754178355954],[-66.11363131216294,-17.462553976477025],[-66.11358073356172,-17.46230475453881],[-66.11363673065641,-17.462100502992016],[-66.11359699687817,-17.461971181890345],[-66.11340640818887,-17.46182373818436],[-66.11338035277471,-17.46174773362717],[-66.11343162891941,-17.4615822655348],[-66.11334639891537,-17.461500414569667],[-66.11282804360393,-17.461292360938362],[-66.11227677606503,-17.46151562819098],[-66.11220378844365,-17.461480494429672],[-66.11210982929882,-17.461321929328367],[-66.11209985693945,-17.461103344328713],[-66.11207912714929,-17.460954981118988],[-66.11138497737925,-17.459794557736526],[-66.11132042887401,-17.459686650875003],[-66.11091776328729,-17.45927438007164],[-66.11076376785762,-17.458944911946425],[-66.11060220578017,-17.458847957494882],[-66.11031160033355,-17.45885245447411],[-66.11019072920784,-17.458577886537995],[-66.10991303916919,-17.458465799321488],[-66.10987930756471,-17.458409415440006],[-66.10989692787305,-17.45816325250671],[-66.10994471431955,-17.457805030397573],[-66.11003450214126,-17.457726140557682],[-66.11019667468757,-17.457667818582784],[-66.11025297241751,-17.45764154791872],[-66.11030761107521,-17.457589247728357],[-66.11034739979671,-17.45751813060472],[-66.11036821591692,-17.457450981655743],[-66.11035463229425,-17.45738726605085],[-66.11028623086752,-17.457352269830466],[-66.11019976186296,-17.45735290925843],[-66.11009773914657,-17.457355489685575],[-66.10998331359188,-17.457351117536085],[-66.10986865712687,-17.45733753172353],[-66.10981751098328,-17.45731755507891],[-66.10978455214531,-17.457289716128358],[-66.1097670613444,-17.457229595302216],[-66.1097834896746,-17.4571603058332],[-66.10985491262282,-17.45700422820687],[-66.1098684306839,-17.456916656528193],[-66.10983851973732,-17.456814909080325],[-66.10979308525913,-17.456743004702606],[-66.10972470369803,-17.456676545717702],[-66.10964598741023,-17.456633052374958],[-66.10954170757708,-17.456599842356287],[-66.10944513344684,-17.456585074495255],[-66.10907418081767,-17.456599831742096],[-66.10900192128793,-17.45651092626061],[-66.10894888895356,-17.45648023723187],[-66.1087814665849,-17.456469254384952],[-66.10858983291521,-17.456497675011537],[-66.10841219521592,-17.456492670810928],[-66.10825138744731,-17.456423063077224],[-66.1080816264317,-17.45630774791269],[-66.10799341413933,-17.45619593308231],[-66.10798258993839,-17.456114331932902],[-66.10802648107091,-17.456074248475538],[-66.10811123487575,-17.456076312823665],[-66.10815692221315,-17.456032100017843],[-66.10815629440587,-17.45596228185454],[-66.10812304063916,-17.455821763874447],[-66.10794665773557,-17.455485943448778],[-66.1078438993943,-17.45536394561156],[-66.10771672431424,-17.455308907605524],[-66.10759029502692,-17.455316210137514],[-66.10742405429095,-17.455428331833634],[-66.10730311431617,-17.455485084443946],[-66.10714909826771,-17.45546189499417],[-66.1070670025224,-17.455401752435705],[-66.10699533536028,-17.45504151372106],[-66.10695084537504,-17.454947313122776],[-66.10639544781009,-17.454190974375308],[-66.10638488292906,-17.45410866457301],[-66.10640636194348,-17.45406338744273],[-66.10649709024692,-17.454015794169376],[-66.10650935773573,-17.453958985787708],[-66.1064909366296,-17.453874815338743],[-66.10641499074268,-17.453806150557096],[-66.10572116476584,-17.453619048224347],[-66.10566725122592,-17.45362564704216],[-66.10541976515067,-17.453757246147017],[-66.10534146095505,-17.453781717020902],[-66.1050158689731,-17.45377697718629],[-66.10467232785965,-17.4537046344049],[-66.10430496221366,-17.453058178970952],[-66.1044939172497,-17.452444312324488],[-66.10445911719619,-17.452356947046432],[-66.10425897164521,-17.452256058763087],[-66.10425100432754,-17.45221272791737],[-66.10429872305446,-17.452149430771705],[-66.10431325824648,-17.45210559685631],[-66.10428901529814,-17.45205205581581],[-66.10414784848454,-17.451951935041063],[-66.10413977488375,-17.451874321717575],[-66.1041831883839,-17.451782350665013],[-66.10434819716869,-17.451539116165808],[-66.1043544364042,-17.451488393750097],[-66.10363307174582,-17.45083931791871],[-66.10360677267622,-17.450751673656413],[-66.10361265867265,-17.45070771383436],[-66.1036319625191,-17.450690542526807],[-66.10366489623365,-17.450686866714843],[-66.10372321276081,-17.450719296133443],[-66.10377707583936,-17.450705121158713],[-66.10381575009708,-17.450666624949477],[-66.10382683906826,-17.450621909252845],[-66.1038214546207,-17.45057944674401],[-66.1037935941126,-17.450535826211052],[-66.10373684214815,-17.45050214371852],[-66.10343085969369,-17.450416243246334],[-66.10306914685256,-17.44973761087525],[-66.10297647957762,-17.449689098584198],[-66.10289449369242,-17.449607915607615],[-66.10287782443204,-17.449513140035986],[-66.10293835411673,-17.449323501495634],[-66.10295540196748,-17.44910705185438],[-66.10292997276197,-17.44899178783061],[-66.10283225355123,-17.448948188090437],[-66.10270508522899,-17.448947790399153],[-66.10260154182946,-17.44888956263378],[-66.1025778101055,-17.448762687773584],[-66.1028011909623,-17.448196564389082],[-66.10280675066468,-17.44814373006102],[-66.10277191064883,-17.44806070281948],[-66.10269235416342,-17.448018275102857],[-66.10252822003656,-17.447962073235615],[-66.1025126504663,-17.44789349231971],[-66.10253909889823,-17.447752805337018],[-66.10250463431429,-17.447634501257657],[-66.10237841360846,-17.447478501062097],[-66.10235092694148,-17.447206137071063],[-66.10239168250057,-17.44711801578127],[-66.102546489185,-17.44699810559277],[-66.10256985994732,-17.44695626961618],[-66.10254541564208,-17.446874470121706],[-66.1024206377267,-17.446777358639793],[-66.10230172020412,-17.44674221686546],[-66.10228580138975,-17.446709535283237],[-66.10229597970631,-17.44665488287503],[-66.10235897633042,-17.44660124545905],[-66.10237174416133,-17.44655815434628],[-66.10235839058635,-17.446513700314632],[-66.10229440606739,-17.446477564550023],[-66.10214352246275,-17.446439582277833],[-66.1021110571838,-17.446218775247836],[-66.10186907043085,-17.445772401190453],[-66.10148938653818,-17.445321474430674],[-66.10141955832611,-17.44497432262624],[-66.10130409588311,-17.4448082988601],[-66.1012921185361,-17.444617478782195],[-66.10104490122139,-17.444349310210164],[-66.1010344754393,-17.444147004534972],[-66.10097109442002,-17.443744509439085],[-66.10068889361293,-17.44348364327584],[-66.09994431312458,-17.443058125362757],[-66.09840493010668,-17.44147013116499],[-66.09810435050565,-17.441394920530623],[-66.09788887172182,-17.441426682573205],[-66.09776024288855,-17.441423351775608],[-66.0976417311097,-17.441330726882615],[-66.09752008219701,-17.4411733375776],[-66.09707584908745,-17.440893054167457],[-66.09680284716715,-17.440590424337376],[-66.0964024044353,-17.439388662569602],[-66.09607023898165,-17.438692897281456],[-66.09613398117617,-17.4381527692471],[-66.09603596445109,-17.436582362626826],[-66.09611863480355,-17.435959026791675],[-66.09625786573186,-17.435268740014752],[-66.09648731983964,-17.43481656339329],[-66.09671466588328,-17.43429704009455],[-66.09699786671312,-17.433808379582],[-66.09713443470774,-17.433458028927202],[-66.09731766922467,-17.432987959962926],[-66.09736611884495,-17.432996041813354],[-66.09736614891052,-17.432996044057674],[-66.09756686686836,-17.433011671795217],[-66.0980756494009,-17.433051297229042],[-66.09891739737691,-17.433125037424148],[-66.09977067684963,-17.43180951901825],[-66.10060422884035,-17.430512337750848],[-66.10117716881187,-17.42982725581396],[-66.10147178989436,-17.429474996709384],[-66.10173226004525,-17.429163568415827],[-66.10173225228023,-17.429163524057685],[-66.10169703050178,-17.428670935319452],[-66.10160701646006,-17.42741205174642],[-66.10138869732046,-17.426906705328324],[-66.10128392105209,-17.426664150816915],[-66.1013125493643,-17.426544450246883],[-66.10135665962447,-17.42636001058338],[-66.10145586052364,-17.426150314253384],[-66.10152742827577,-17.42599904536555],[-66.10260502640142,-17.4252296048007],[-66.10270328929545,-17.4251541923901],[-66.10324849975245,-17.424932149379856],[-66.10368844138095,-17.424753016628557],[-66.10404720351927,-17.42436993016174],[-66.10444688158583,-17.42323882680671],[-66.10478716499077,-17.42227949706819],[-66.10482616632153,-17.422169542139272],[-66.10498640969666,-17.421712770228815],[-66.10517852772377,-17.421165136440962],[-66.10517854331098,-17.421165102354866],[-66.10519414789509,-17.421138801867613],[-66.10521510249723,-17.421103503440722],[-66.10589505156152,-17.420051004033024],[-66.10609095081051,-17.41973699355843],[-66.10636164423963,-17.41932018589449],[-66.10653862032359,-17.419047680967314],[-66.10658048824202,-17.41901800727268],[-66.10671075098847,-17.41892568392766],[-66.10673108175713,-17.418912145792483],[-66.10675700091562,-17.4188948864351],[-66.10681662053508,-17.418855188443334]]]]},"id":2},{"type":"Feature","properties":{"Distritos":"D5"},"geometry":{"type":"MultiPolygon","coordinates":[[[[-66.1669984250875,-17.407978870096475],[-66.17127853595592,-17.405983034406532],[-66.17287535643442,-17.407813026471175],[-66.17438041993094,-17.409309104871664],[-66.17462603806972,-17.409046133942777],[-66.17554637841081,-17.409924233930646],[-66.17670456897599,-17.41087651461472],[-66.1771516423791,-17.411089013421808],[-66.17962495405392,-17.411488496195783],[-66.1846773066982,-17.410737427216983],[-66.18701019614527,-17.40996086719505],[-66.18768417726608,-17.40962230591495],[-66.18784310798486,-17.409542470419602],[-66.19030953911951,-17.4073785004644],[-66.19026112455569,-17.407018372582566],[-66.19040258209756,-17.407020303305174],[-66.19072455028498,-17.40710611313188],[-66.19076171278078,-17.407130115422632],[-66.19101718725229,-17.407295537126366],[-66.19127707378792,-17.407603065922125],[-66.19219508280614,-17.408686802606816],[-66.19297472284427,-17.409599270984966],[-66.18504491121517,-17.416440746288682],[-66.18050081379143,-17.42036076673505],[-66.1804933781305,-17.423245426964193],[-66.18064051643123,-17.423795367885727],[-66.18496571878136,-17.42918524447128],[-66.18533106884705,-17.430100017182156],[-66.18534817234872,-17.430142840675238],[-66.18534783494198,-17.430142943364157],[-66.18516304096498,-17.43019918125839],[-66.18469330800868,-17.43034213400683],[-66.18425979648445,-17.430995750639877],[-66.18403429057601,-17.431335785292443],[-66.18393698086906,-17.431556945078537],[-66.18389437888827,-17.43165376960597],[-66.18357407931174,-17.432632993200947],[-66.1835506833233,-17.432704458154177],[-66.18352119654327,-17.43277381598301],[-66.1834858219678,-17.43284058915249],[-66.1834448027869,-17.43290431695037],[-66.18339842134691,-17.432964561793654],[-66.18334699728351,-17.433020908299298],[-66.18329088461704,-17.433072968661335],[-66.1832304688893,-17.433120385319526],[-66.18316616620922,-17.433162831849028],[-66.18309841946288,-17.433200014712867],[-66.18302769539487,-17.433231679541905],[-66.18295447997485,-17.43325760655424],[-66.18287927731814,-17.433277619570198],[-66.18275661702658,-17.433301630409627],[-66.18263275932557,-17.433319078276323],[-66.18250808418496,-17.433329908045764],[-66.18238297591685,-17.43333408813426],[-66.18225781762926,-17.433331604099298],[-66.18213299585922,-17.433322463220197],[-66.18200889397502,-17.4333066953077],[-66.18188589318596,-17.433284348203134],[-66.18176437250051,-17.43325549048682],[-66.18164470496399,-17.43322021142478],[-66.18152725864066,-17.433178618273452],[-66.181412394677,-17.433130839864354],[-66.18130046641647,-17.433077022979305],[-66.18119181845904,-17.433017332337105],[-66.18108678379777,-17.43295195326187],[-66.17887505017887,-17.431490035171407],[-66.1770388857525,-17.430276327557632],[-66.17692979385451,-17.43020840676267],[-66.17681695769795,-17.430146378243098],[-66.17670072242571,-17.43009043110004],[-66.17658144284788,-17.430040737414927],[-66.17645948537834,-17.42999744866504],[-66.17633522048325,-17.429960697422512],[-66.17620903023284,-17.429930595655513],[-66.17608129982324,-17.42990723551109],[-66.17595241853117,-17.429890688425825],[-66.17582278253546,-17.429881005165846],[-66.17569278646688,-17.429878214804045],[-66.17556282902338,-17.42988232660581],[-66.17543330641475,-17.42989332813006],[-66.17530461613865,-17.429911184379765],[-66.17517715032801,-17.4299358422227],[-66.17505129958258,-17.429967225930703],[-66.17492744729849,-17.430005238905245],[-66.17480597435703,-17.430049764646924],[-66.17468725063254,-17.430100668441003],[-66.17457163881029,-17.430157793799427],[-66.17445949431703,-17.43022096697488],[-66.17435115786681,-17.430289992339848],[-66.1742469619055,-17.430364661508122],[-66.17414722509308,-17.430444745129304],[-66.17405225127982,-17.430529998292215],[-66.17396233232787,-17.430620160564892],[-66.1738777415278,-17.430714955901006],[-66.17379873921381,-17.430814094525463],[-66.17372556616631,-17.430917273743702],[-66.17365844644739,-17.431024177078783],[-66.17359758450966,-17.43113447874528],[-66.17354316805937,-17.431247840980816],[-66.1734953614173,-17.431363917563733],[-66.17345431211591,-17.431482353003606],[-66.17342014520067,-17.43160278607235],[-66.17339296515262,-17.431724847122304],[-66.1733728548502,-17.43184816439258],[-66.17335987657931,-17.431972359508197],[-66.17335407005457,-17.43209705377304],[-66.1733335317614,-17.43325515849959],[-66.173327789796,-17.433374063575553],[-66.17331480302437,-17.43349244226288],[-66.173294615328,-17.433609887925037],[-66.17326729689562,-17.433725996104368],[-66.17323294131833,-17.433840369899],[-66.17319166565943,-17.43395261544884],[-66.17314361317861,-17.4340623482954],[-66.17308894773097,-17.434169190593366],[-66.17302785744562,-17.43427277658094],[-66.17296055193206,-17.434372750734305],[-66.17288726132601,-17.43446876865717],[-66.17280823904125,-17.434560501635016],[-66.17272375522788,-17.434647633833283],[-66.17263409951049,-17.434729867754438],[-66.17253958105752,-17.434806919724007],[-66.17244052285481,-17.43487852522741],[-66.17233726640801,-17.4349444389769],[-66.17223016515884,-17.435004434818048],[-66.17211958729268,-17.435058306672857],[-66.17200591197631,-17.43510586848629],[-66.17186861687694,-17.435162283623416],[-66.17173412972555,-17.435224618028137],[-66.1716027243657,-17.43529274285408],[-66.17147467388257,-17.43536651750579],[-66.17135024022967,-17.435445791297255],[-66.17122967992768,-17.435530399920857],[-66.17111324021889,-17.435620170810626],[-66.17100116292688,-17.435714916876055],[-66.17089367679316,-17.435814445423087],[-66.17079100323173,-17.435918551011913],[-66.17069335345182,-17.436027019027875],[-66.17060092938459,-17.43613962659768],[-66.17051391994877,-17.43625614073016],[-66.17043250566984,-17.436376323799895],[-66.17035913994069,-17.436484142613885],[-66.17029004115298,-17.436594528796604],[-66.1702253067406,-17.436707325712423],[-66.17021631642612,-17.436723711150005],[-66.17020875444344,-17.436740747192623],[-66.17016222574061,-17.436850319126165],[-66.17011930735701,-17.436961240895695],[-66.17008004051304,-17.437073402020697],[-66.17007764211773,-17.43708062627512],[-66.1700754975173,-17.43708792457255],[-66.17004933914438,-17.43716482459841],[-66.17001675244178,-17.43723942716989],[-66.16997795292245,-17.437311238694594],[-66.16993319627876,-17.437379783308323],[-66.16988192192835,-17.4374371914721],[-66.16982582241324,-17.437490279654508],[-66.16976529295009,-17.43753867511262],[-66.1697007555029,-17.43758203979842],[-66.1696326653944,-17.43762006864699],[-66.16956149805506,-17.437652494806205],[-66.16948775463801,-17.437679091522636],[-66.16941195074668,-17.437699671078413],[-66.16933461917235,-17.437714090248157],[-66.16925630147105,-17.437722247470266],[-66.16917754698092,-17.437724085541966],[-66.16909890905981,-17.437719591565735],[-66.16902093848738,-17.437708797758503],[-66.16894418163952,-17.43769177781358],[-66.16886917850951,-17.43766865319347],[-66.16873603133594,-17.437625195602973],[-66.16860079355001,-17.437588160154817],[-66.16846380146396,-17.43755763741329],[-66.16832539536004,-17.437533704454875],[-66.16818591956054,-17.437516420354225],[-66.16804571959224,-17.437505827046955],[-66.16790514402598,-17.437501952064842],[-66.16776454171098,-17.437504804884455],[-66.16762426176105,-17.43751437783008],[-66.16748465352698,-17.437530647879278],[-66.16734606289037,-17.437553572998176],[-66.16720883404722,-17.437583098487863],[-66.16707330867924,-17.437619149748603],[-66.16693982212212,-17.43766163674022],[-66.16680870615951,-17.437710455827908],[-66.16668028723966,-17.437765483435797],[-66.1665548844551,-17.43782658504812],[-66.1664328077873,-17.437893607057212],[-66.16511324265376,-17.43866057132847],[-66.16497945239573,-17.43874131180052],[-66.16484856402336,-17.43882632226526],[-66.1647207239206,-17.438915504580045],[-66.16459607753171,-17.439008760589218],[-66.1644747657529,-17.439105982139587],[-66.1643569257052,-17.43920706192755],[-66.16426823509671,-17.4392809585661],[-66.16417491289926,-17.439349398236413],[-66.16407732351601,-17.43941211612806],[-66.1639758479883,-17.439468866631383],[-66.16387088110396,-17.439519427811472],[-66.16376283135536,-17.439563604116596],[-66.16365212099497,-17.439601222767113],[-66.1635391803362,-17.43963213728628],[-66.16260398182516,-17.439858075010736],[-66.16259048916325,-17.43986133479669],[-66.16257542429935,-17.439864973999484],[-66.16242398707855,-17.439899434937082],[-66.16227397264882,-17.43993921665118],[-66.16212558316501,-17.439984264234262],[-66.16197901803069,-17.440034518225236],[-66.16183447774432,-17.44008990924628],[-66.1574986057215,-17.441840829825978],[-66.1573905346664,-17.44188075788071],[-66.15728010929784,-17.441914228316186],[-66.15716774740285,-17.441941114358414],[-66.15705387487009,-17.44196131282806],[-66.15373065522836,-17.442449764066378],[-66.15362622270798,-17.442468020432667],[-66.15221465208245,-17.442754496890455],[-66.15184795467613,-17.44282891557324],[-66.15170373521849,-17.442855687248287],[-66.15155863481853,-17.44287763956954],[-66.15141282795038,-17.442894745235723],[-66.1512664899026,-17.442906985084687],[-66.15111979872924,-17.442914343606358],[-66.15045937558291,-17.442936449504504],[-66.1502829168137,-17.442945899518698],[-66.15010702277401,-17.442962411635996],[-66.14993199963692,-17.442985956830295],[-66.14975815377215,-17.443016493437494],[-66.1495857870015,-17.443053969796605],[-66.14941520043132,-17.44309831978961],[-66.14924669064843,-17.443149465495946],[-66.14855351874424,-17.443375217693276],[-66.14841540018462,-17.44342020544511],[-66.14830840351094,-17.443451699692893],[-66.14819963745182,-17.443477013731567],[-66.14809261299608,-17.443495535994153],[-66.14808949449012,-17.44349607552828],[-66.14797836609833,-17.44350881755158],[-66.1478666443667,-17.44351519304855],[-66.14775472569492,-17.443515180612707],[-66.14764300614542,-17.443508780505372],[-66.14753188235558,-17.443496016474764],[-66.14622211916407,-17.443307469528],[-66.1461108279091,-17.443288141206587],[-66.14600093147176,-17.443262429736183],[-66.14589283019144,-17.443230423035384],[-66.14466950637953,-17.44282917381011],[-66.14455994905617,-17.442796767198136],[-66.1444485485803,-17.442770841012123],[-66.14433570917159,-17.44275147419114],[-66.14422185018157,-17.44273874047429],[-66.14410739515917,-17.442732685669146],[-66.14399276799021,-17.44273333391733],[-66.14388986363738,-17.44273994485056],[-66.14388579180367,-17.442740206058453],[-66.14387839487726,-17.442740681402036],[-66.14376470049326,-17.442754701710776],[-66.14365210617112,-17.442775341294514],[-66.14354103168648,-17.442802525814102],[-66.14343188690574,-17.442836152796538],[-66.143325079212,-17.442876098062392],[-66.14322100320172,-17.442922212868947],[-66.14312004724044,-17.44297432581021],[-66.14302258498411,-17.443032243598104],[-66.14298589759152,-17.44305713408088],[-66.14292897818679,-17.44309575200569],[-66.14283957483379,-17.443164614937302],[-66.1427547063061,-17.443238575290728],[-66.14267468917717,-17.443317360400798],[-66.14154973410055,-17.44449470122914],[-66.14087367789202,-17.443662067608646],[-66.14110528634008,-17.443442857580198],[-66.14200863738307,-17.442587854371766],[-66.14273054382801,-17.44200937550924],[-66.14377603437674,-17.440885595285316],[-66.14413537048155,-17.440365716606955],[-66.14506151100467,-17.438738447656736],[-66.14551895915906,-17.43812569709417],[-66.14594726672327,-17.43734241382796],[-66.1502702490899,-17.431499489671552],[-66.15083156857541,-17.430643609425687],[-66.15124714165657,-17.429820344458726],[-66.151037857665,-17.429669613773182],[-66.15110745653267,-17.42953955460349],[-66.1513507976643,-17.429173199950803],[-66.15157710932587,-17.428901449915774],[-66.15168314645273,-17.428789320550546],[-66.1518234405756,-17.428645944517346],[-66.15213304321605,-17.428335979303814],[-66.15227973603665,-17.428200844797832],[-66.15252788916446,-17.427950924052737],[-66.15284969076144,-17.42751025989711],[-66.1531139215686,-17.42712060835021],[-66.15319232481082,-17.426952683168683],[-66.15330288865849,-17.42666503987667],[-66.15386262472339,-17.42667304095139],[-66.15417366192268,-17.42580889831174],[-66.1542799728605,-17.425274037979943],[-66.15450341563611,-17.424398073817365],[-66.1546946053529,-17.423642559489274],[-66.15473487488711,-17.421650479098574],[-66.15422954455526,-17.421622504455062],[-66.15431496013642,-17.41951644124546],[-66.15451574065877,-17.41660185661621],[-66.15463002463821,-17.414700668681924],[-66.15466331963648,-17.414149185480067],[-66.15469271185232,-17.413662343519007],[-66.15470900653747,-17.41339244193509],[-66.1547395598449,-17.412886352850066],[-66.15475497984251,-17.41263093726062],[-66.15494077838598,-17.412732620887063],[-66.15525868884794,-17.41064193275118],[-66.15609626770724,-17.410742516254576],[-66.15684206607317,-17.410847567961362],[-66.15715400093274,-17.410766137386418],[-66.15770627018942,-17.411273329026873],[-66.15820453251155,-17.411538042604764],[-66.15874253224463,-17.411664029463502],[-66.15924032494142,-17.41165358183092],[-66.15972314792177,-17.411529230933063],[-66.16430886763288,-17.409393771341406],[-66.1667759956968,-17.40824482024949],[-66.1669984250875,-17.407978870096475]]]]},"id":3},{"type":"Feature","properties":{"Distritos":"D9"},"geometry":{"type":"MultiPolygon","coordinates":[[[[-66.21446746158361,-17.399654523552183],[-66.21625542264987,-17.39959469671156],[-66.21625549031539,-17.3995947003653],[-66.21625550871256,-17.399594727713247],[-66.21625556211906,-17.399594803410906],[-66.21626107461422,-17.399603136836838],[-66.21626808390168,-17.399613745139337],[-66.2162749812269,-17.399624169465135],[-66.21629049550715,-17.3996476708642],[-66.21628876019987,-17.399689527706663],[-66.21628213591568,-17.399849378499955],[-66.21741680033249,-17.40056433936851],[-66.2174176452288,-17.40056488124237],[-66.21764944072858,-17.400658474720007],[-66.21822358090117,-17.400890298077762],[-66.21887575615861,-17.40109530722058],[-66.21908724996113,-17.401161797573586],[-66.21909207744862,-17.401173268479795],[-66.2191971044709,-17.401422845970135],[-66.21920901209631,-17.4016051830216],[-66.21922152748952,-17.401796834367037],[-66.2192699771326,-17.40253874262534],[-66.21930252922321,-17.403037203711772],[-66.21935800120933,-17.40388664897722],[-66.21935930096971,-17.403906549316],[-66.21938768569699,-17.40434493178458],[-66.21939356995176,-17.404435815332665],[-66.21943937172239,-17.405154838856046],[-66.21943937391512,-17.405154880426423],[-66.21950944346402,-17.406150229211537],[-66.21955637656791,-17.406816922952206],[-66.21957988370085,-17.407150850590643],[-66.21958006928146,-17.407153566811285],[-66.21960316471957,-17.40749263331953],[-66.21961578131469,-17.40755303387641],[-66.21974852933548,-17.40818853172671],[-66.21974878820086,-17.408189823974148],[-66.21974906205354,-17.408191244662177],[-66.21975010864256,-17.40819120327225],[-66.21975246936078,-17.40819115583056],[-66.21990263215079,-17.408290770430007],[-66.2200559514806,-17.408347889495495],[-66.2201039503023,-17.408365779896457],[-66.22010397841916,-17.408365786609878],[-66.22011927680569,-17.40836894207722],[-66.22019048737656,-17.408383650591336],[-66.22049108722408,-17.40839895098467],[-66.22054357040159,-17.40840979148226],[-66.2206064086306,-17.408422820844386],[-66.22073897367447,-17.408457991513085],[-66.22104265407081,-17.40865102428018],[-66.2210426940991,-17.40865105192946],[-66.22106671640906,-17.4086546657955],[-66.22108305431767,-17.4086571313161],[-66.22116897754631,-17.40861648058908],[-66.2213452876956,-17.408533089291996],[-66.2214071928087,-17.408532136279145],[-66.22150138081481,-17.40853068688933],[-66.22153618319842,-17.408530156113823],[-66.22153622741176,-17.408530155827115],[-66.22172709383555,-17.40853281639337],[-66.22190101466153,-17.408507513638988],[-66.2220914967426,-17.408537895449253],[-66.22231639675549,-17.408585466598883],[-66.22251221399087,-17.408643736028857],[-66.22259481013357,-17.408688189604362],[-66.22264994534227,-17.408717872351044],[-66.22282127509291,-17.40886466221708],[-66.22289276424584,-17.409493270829977],[-66.22291715393561,-17.409793526798968],[-66.22298730005373,-17.410019201538308],[-66.22303852681664,-17.410184005970333],[-66.22310479926136,-17.410474791062708],[-66.22315789565982,-17.410707762300305],[-66.2231680650465,-17.41076287480529],[-66.22316952382803,-17.41077078590277],[-66.22318459472811,-17.410852536876003],[-66.22325890527802,-17.410914708124594],[-66.22370736483524,-17.411045776135776],[-66.22407679380015,-17.411153778640223],[-66.22437195041749,-17.411146781330086],[-66.22455292401814,-17.41111834999435],[-66.22485910732223,-17.41107028616146],[-66.22513206717981,-17.410996335000156],[-66.22524191785241,-17.411003376650577],[-66.2254306932476,-17.41114486119015],[-66.22562833228568,-17.411464157937147],[-66.22562835707744,-17.411464198016148],[-66.22602921685638,-17.412119611268604],[-66.22611048791921,-17.412219394529483],[-66.22619393764548,-17.412321852202],[-66.22619396730327,-17.412321881512177],[-66.22645690573442,-17.412531015987692],[-66.22652614742071,-17.412543088009887],[-66.2267856533889,-17.412399236215613],[-66.22689760746121,-17.412337183797668],[-66.22719593604802,-17.412246968768944],[-66.2273002106362,-17.41223731218831],[-66.22770289197614,-17.412387311183863],[-66.22779076022391,-17.412384993620364],[-66.22784183453469,-17.41238366233424],[-66.22784187054408,-17.412383644774295],[-66.22797021067178,-17.4123132777558],[-66.2281684378969,-17.412210470095538],[-66.22837153227464,-17.412026408065643],[-66.22843223315846,-17.41198087012723],[-66.22861808220053,-17.411933465842022],[-66.22871902036485,-17.411924857477995],[-66.2287860488185,-17.411919157617206],[-66.22891242797047,-17.411951355710563],[-66.2290445634068,-17.411985019941266],[-66.22915491837936,-17.412013135468563],[-66.22915495955453,-17.41201314958674],[-66.22951127489684,-17.412168050477877],[-66.22977156148447,-17.412171668903877],[-66.23000928532629,-17.41213609456833],[-66.2302263403277,-17.411946891958795],[-66.23027897052475,-17.411901014557742],[-66.230464716755,-17.41172778120019],[-66.23054301089543,-17.411654787916905],[-66.23069996203357,-17.411606942052284],[-66.23110483728325,-17.411612566879544],[-66.23189716492182,-17.411629171855544],[-66.23205852414327,-17.411670242261184],[-66.23205855216608,-17.411670255293043],[-66.23218459465788,-17.411749747356982],[-66.23237224585834,-17.411968985355728],[-66.23242250760202,-17.412021956234977],[-66.23245767934817,-17.41205902439752],[-66.23245770351406,-17.41205904369711],[-66.23260085605018,-17.412155437992038],[-66.23275617881366,-17.412195016230896],[-66.23280829252252,-17.41220830126122],[-66.23280833386134,-17.412208304544382],[-66.2330632557406,-17.41218407457676],[-66.23309964237806,-17.412176411722903],[-66.23335456864073,-17.41212272583517],[-66.23353339495061,-17.4120850869085],[-66.23370529966223,-17.412192988009163],[-66.23384194177467,-17.412339296488703],[-66.23384196949858,-17.412339329383236],[-66.2339610370658,-17.412496488700715],[-66.23398124198873,-17.412510551461718],[-66.23406023153963,-17.41256553178426],[-66.23411565620964,-17.41260413785503],[-66.23423377084995,-17.412642643217524],[-66.23431139556409,-17.412667958356106],[-66.23446220675311,-17.41264227268557],[-66.23454377719796,-17.41254566328656],[-66.23454380880375,-17.412545625797147],[-66.23472141481754,-17.412336277766972],[-66.23491127834902,-17.411996563970945],[-66.23496505032092,-17.4119050185173],[-66.23565439624446,-17.411464682940053],[-66.23577040716316,-17.41144407257541],[-66.2357878132471,-17.411449917422043],[-66.23608184313933,-17.411688427021343],[-66.23617154737353,-17.411715442323693],[-66.23621571039895,-17.411728767921975],[-66.23621574909312,-17.411728759428104],[-66.2364728950024,-17.41170540916526],[-66.23659425838808,-17.411669975847992],[-66.23666837623468,-17.411648349685176],[-66.23685730152496,-17.411630153946053],[-66.23707023271065,-17.411609660257316],[-66.23707026319879,-17.411609634491565],[-66.23707535913869,-17.411606663670216],[-66.23731711093485,-17.41162480079206],[-66.23740900307516,-17.411631695230447],[-66.23757637490839,-17.411711040060894],[-66.23767151271808,-17.411789399794912],[-66.23790692301156,-17.411879350997058],[-66.23808903535652,-17.411910770785823],[-66.23816125808467,-17.411911771712052],[-66.23828370680893,-17.411907689132057],[-66.23837857882775,-17.41190772332816],[-66.23842413403128,-17.411907739631605],[-66.2384902361535,-17.411893026527085],[-66.23857918919087,-17.411873256884967],[-66.23858523668389,-17.411871061382705],[-66.23865126916974,-17.4118474016367],[-66.23865138118401,-17.41184770932295],[-66.2388701160602,-17.411762479464844],[-66.23926866597252,-17.411712001891583],[-66.23947299645948,-17.411718771485454],[-66.23988359313313,-17.411732391943687],[-66.23989202146406,-17.411731443074526],[-66.23999859710965,-17.411719952189237],[-66.23999868903275,-17.411720407697214],[-66.24028144144356,-17.411692920710216],[-66.24028905381974,-17.41169218719044],[-66.24028909894774,-17.41169218871842],[-66.24057634228132,-17.41154452664983],[-66.24108012113365,-17.411285604094193],[-66.24113794166546,-17.411276579321576],[-66.24119001682801,-17.411268488222788],[-66.24127295965263,-17.41127640115065],[-66.24130846833579,-17.411312016901583],[-66.241386172332,-17.411389980187796],[-66.2414006277365,-17.411455145869883],[-66.24140769146523,-17.411487059988513],[-66.24141111893431,-17.411490896639656],[-66.24140119900434,-17.411919726361706],[-66.24148569324993,-17.412002047850375],[-66.24152491254517,-17.412040258845025],[-66.24170800518738,-17.412170529889423],[-66.24201843666162,-17.412391445214617],[-66.24213838594237,-17.41247680468156],[-66.24251737715075,-17.41321252336762],[-66.24292027180024,-17.413994638958286],[-66.24342698496226,-17.414978282653404],[-66.24374026339741,-17.4155864206211],[-66.244167340098,-17.4164154579382],[-66.2441557013389,-17.41667881617031],[-66.24412653273144,-17.417338797830592],[-66.24408985211646,-17.418168748502342],[-66.24410355610306,-17.418249082274613],[-66.24425831875988,-17.419156334818265],[-66.24439924246246,-17.41998245343214],[-66.24449532528759,-17.42054570498361],[-66.24458925382118,-17.421096325527866],[-66.24460931819078,-17.421944613844857],[-66.2446169957977,-17.422269199875764],[-66.24462124592596,-17.422448928417833],[-66.24466273987802,-17.424203273168796],[-66.24466816739572,-17.424432767202717],[-66.24466844015242,-17.424444300260703],[-66.24491435151245,-17.426010701123563],[-66.24494852612776,-17.426228384488283],[-66.24498766700742,-17.426477702797854],[-66.24505940058188,-17.426637271399752],[-66.24559646182149,-17.427886207295387],[-66.24568812198724,-17.42809936050295],[-66.24569760743576,-17.42812141875858],[-66.2457086314695,-17.428214577670357],[-66.2458357514144,-17.429719748307086],[-66.24585415014293,-17.429937608092875],[-66.24598646389477,-17.431504276310207],[-66.24600998608987,-17.4317827910483],[-66.2461430366195,-17.433358176714844],[-66.24614355501112,-17.433364315621546],[-66.2461490917917,-17.43355992504287],[-66.2461702292337,-17.43430664831885],[-66.24618744809523,-17.434915770534012],[-66.24618997946158,-17.435005327078674],[-66.24619821121054,-17.435296690242183],[-66.24620242370052,-17.435445773156527],[-66.24622921389046,-17.436393972709848],[-66.24677932827055,-17.43690558360079],[-66.2469168932908,-17.43703352028553],[-66.2486701113902,-17.438663999347565],[-66.24880357985225,-17.438788122602435],[-66.2494920529989,-17.439428385090004],[-66.25079068126303,-17.440635838254064],[-66.25089089172013,-17.440729011995458],[-66.25167039543379,-17.441453776340154],[-66.25268964972564,-17.442401506497454],[-66.25293544429825,-17.44263005025013],[-66.25294786683268,-17.442641600274865],[-66.25411563479554,-17.443727401793176],[-66.2551428734277,-17.446637058760114],[-66.25557433709754,-17.447859160569095],[-66.25625928123023,-17.449799201983954],[-66.25659871055689,-17.450760593676904],[-66.25659874599117,-17.450760614936012],[-66.25692981608061,-17.450873722466078],[-66.2571365744824,-17.450944359263435],[-66.25781170843695,-17.45117501377765],[-66.26171358584236,-17.45250800537094],[-66.2636412750057,-17.453166524224233],[-66.26402076197812,-17.453296158496677],[-66.2648230457026,-17.45357021778994],[-66.26846192778147,-17.45481321077595],[-66.26887798856148,-17.454955327171895],[-66.26925208474253,-17.45508310739245],[-66.27012526091735,-17.455381356577302],[-66.27825479508358,-17.45815792481427],[-66.27856933392391,-17.458265297875087],[-66.27977232674883,-17.458675921554565],[-66.28070265791487,-17.458993513638113],[-66.28050115025879,-17.459295801247183],[-66.28038271053363,-17.459473472818484],[-66.2802678985296,-17.45964564633515],[-66.27996918527896,-17.460093802515054],[-66.2795836234754,-17.460672177568878],[-66.27849297869683,-17.46286646784137],[-66.27718198307215,-17.465885855058133],[-66.27718196177123,-17.46588589540452],[-66.27665435898999,-17.466854160863193],[-66.27570313954399,-17.467759004385808],[-66.27493079817766,-17.470042558170007],[-66.27491571285061,-17.470087157974252],[-66.27473175519762,-17.470346772595413],[-66.27433901107739,-17.470901040959554],[-66.27396955167134,-17.471067555658408],[-66.27380333648563,-17.471765743857368],[-66.27377883303821,-17.471868669908922],[-66.27393526257916,-17.472737761864803],[-66.27389601697055,-17.472845591592055],[-66.27337643023269,-17.47298295262778],[-66.27306126039919,-17.473294700863033],[-66.27288102990498,-17.47339156449889],[-66.27254340905752,-17.47394683174163],[-66.27219174545705,-17.4738742979857],[-66.27198054785454,-17.47383073569786],[-66.27084619111862,-17.474808529409856],[-66.27050696533277,-17.474839991628514],[-66.26987901111076,-17.475933103130544],[-66.26963424386547,-17.47657091558183],[-66.2691196051764,-17.477006343176484],[-66.26907436444036,-17.477170008616078],[-66.2688609771622,-17.477941974958682],[-66.26867952682723,-17.478120092936564],[-66.26876835086544,-17.47847350958635],[-66.26852131240031,-17.47863266414999],[-66.26818501570344,-17.479097632630552],[-66.26805196665069,-17.479207362687152],[-66.26793730166229,-17.479301930206823],[-66.26767276119898,-17.480002681133104],[-66.26744777330363,-17.47994540198679],[-66.26695557848483,-17.48013730363271],[-66.26564871428795,-17.483207789976266],[-66.26540258938796,-17.484031766645153],[-66.2653317148583,-17.48426903828585],[-66.2649225615825,-17.484570444136736],[-66.26421044577717,-17.484994103610926],[-66.26415993709026,-17.48501236566449],[-66.26336836507849,-17.485298570964297],[-66.26237074503298,-17.485935022216033],[-66.25954557568431,-17.487955022158527],[-66.25823898943459,-17.48870474647292],[-66.25760916601499,-17.489066135340646],[-66.25726693444285,-17.489296202211086],[-66.25709940176462,-17.489799599294898],[-66.25693593245666,-17.490032135265462],[-66.25663050144175,-17.489935360276593],[-66.2566081203137,-17.489928269022183],[-66.25602240245547,-17.490705832430443],[-66.25582352094364,-17.49141649727166],[-66.25564033702162,-17.49233508151957],[-66.25559408073966,-17.492489061338603],[-66.25534316027162,-17.49332433342361],[-66.25495094172476,-17.494375483742246],[-66.2543554333435,-17.495803103179405],[-66.2536557367915,-17.497274430291906],[-66.2531225896197,-17.49768245568488],[-66.2525486463019,-17.497645495734588],[-66.25222941283573,-17.49762493704841],[-66.25187927238869,-17.49827886449173],[-66.25111586356074,-17.499704595987623],[-66.25039876686147,-17.500453223434317],[-66.24930159838651,-17.500817296930233],[-66.24745962921118,-17.501893471974057],[-66.2471403347672,-17.50189600428147],[-66.24704548918392,-17.50189675618464],[-66.24630544866164,-17.502292857918107],[-66.24572085355408,-17.50236601710056],[-66.24362049604021,-17.503661219331892],[-66.24289947903578,-17.504105829575703],[-66.24243923880694,-17.50408874202051],[-66.24173314042675,-17.504062524134945],[-66.24090294461176,-17.504195466165466],[-66.23964169045487,-17.50482811179663],[-66.23882212864623,-17.504879918442438],[-66.23836695874316,-17.505057775902355],[-66.23788487659294,-17.505246148159184],[-66.23655071213314,-17.50484810252863],[-66.23559885431904,-17.50456411207045],[-66.23562872183852,-17.50445616322354],[-66.23521039639644,-17.504455372105237],[-66.23479486333757,-17.504382664658532],[-66.23455946824792,-17.504384058194365],[-66.23422786812367,-17.504306779064088],[-66.23156197783992,-17.503206710111655],[-66.22625642322643,-17.503388598318107],[-66.22488138133619,-17.503435715186708],[-66.2240345521685,-17.503464727414286],[-66.22401672321153,-17.503462290772383],[-66.22043385415674,-17.502972628568873],[-66.21854090651773,-17.502713896601083],[-66.2181093158223,-17.502654903787604],[-66.21793917102413,-17.502631646933924],[-66.21793842722136,-17.502631545296865],[-66.21792045669544,-17.50262908898281],[-66.21634763993679,-17.502414094325072],[-66.21613319280269,-17.502384779900847],[-66.21610044404464,-17.50238030276428],[-66.21573537786432,-17.502346508313636],[-66.21569559362128,-17.50234282546794],[-66.21561467658313,-17.50233533426836],[-66.21401795144851,-17.502187539964904],[-66.2139530858673,-17.502181535047296],[-66.21103626232042,-17.501911506415226],[-66.20615927104612,-17.50193344601788],[-66.20376169664368,-17.502004829547417],[-66.20168234218775,-17.502066692067128],[-66.2013796467172,-17.50220476807658],[-66.2013436650154,-17.502221181282138],[-66.20133785081227,-17.50222383360677],[-66.20010594576651,-17.50278576720907],[-66.19850870245637,-17.50351428995322],[-66.19842205430743,-17.503915781957566],[-66.19809746960567,-17.505419759605246],[-66.197916288984,-17.506609260299925],[-66.19785118635184,-17.507036584320872],[-66.19773332146993,-17.5078102242689],[-66.19773335200728,-17.507810258112052],[-66.19773798886125,-17.50781577785747],[-66.19714319884415,-17.509104431485557],[-66.19665867008196,-17.510160231129092],[-66.19662627985849,-17.51023080909642],[-66.19662380953855,-17.5102361940839],[-66.19592732802802,-17.511754694665257],[-66.19391209275234,-17.514656955187217],[-66.19334270303517,-17.515373727464826],[-66.19271601842449,-17.51609333795715],[-66.19133657827977,-17.517677271447134],[-66.19115680709324,-17.517824528733737],[-66.19015483392467,-17.518644978609125],[-66.18913650469405,-17.519248843049567],[-66.18867828138607,-17.519554246516986],[-66.18822648306275,-17.519855364771267],[-66.18749248426823,-17.520344510082214],[-66.18609000344499,-17.521362606550813],[-66.18559201366789,-17.521724093477825],[-66.18479295044392,-17.522177793435276],[-66.18337190850488,-17.522984615221265],[-66.18157240427931,-17.52368684576914],[-66.17596978804923,-17.52587303838295],[-66.17334342655172,-17.527841847305524],[-66.17333856647066,-17.527847962622896],[-66.17178570577035,-17.529025854165234],[-66.17178567813139,-17.52902587634569],[-66.17044416728666,-17.529931188204337],[-66.16936558279849,-17.5308293480006],[-66.16935598827583,-17.53083733789002],[-66.16934501870024,-17.530846415206632],[-66.16881491601343,-17.531125993182673],[-66.16841099347933,-17.53118966044205],[-66.16814363155069,-17.53113879239186],[-66.16792291241812,-17.531097086232258],[-66.16779925488642,-17.53107363284284],[-66.16729892944792,-17.530682254648855],[-66.1672989053325,-17.5306822317291],[-66.16671202035938,-17.530122680271784],[-66.16671199165133,-17.53012265006231],[-66.16645675066432,-17.52981480699143],[-66.1650315668553,-17.528096063028293],[-66.1649653630423,-17.5280162706311],[-66.16488569917793,-17.527920196936027],[-66.16385724411974,-17.526771485383982],[-66.16346264628275,-17.52633073313892],[-66.16259158867416,-17.525710767468922],[-66.16259154502426,-17.525710729821103],[-66.16153341918901,-17.52639142652354],[-66.16135665085645,-17.52642551325852],[-66.16124795968027,-17.526446455968834],[-66.16074826462471,-17.52654024365862],[-66.16007481366194,-17.52660432615828],[-66.15947601805824,-17.526661291852495],[-66.15810226488578,-17.52659498681549],[-66.15734402568143,-17.52656456294331],[-66.1572090899126,-17.526559144172133],[-66.15622364896362,-17.526327362660236],[-66.15518702886244,-17.52588589447585],[-66.15412645437375,-17.525235142953814],[-66.15309421247414,-17.524526558213054],[-66.15246553411855,-17.52409498725339],[-66.15246549506347,-17.52409495689358],[-66.15237221012933,-17.52401171268393],[-66.15218061987791,-17.523840913391798],[-66.15139830600641,-17.523143313111394],[-66.1478766543873,-17.519279166744955],[-66.14787662484208,-17.519279130200392],[-66.14750465825529,-17.51877260536789],[-66.14750463720677,-17.51877256713961],[-66.14705646742333,-17.517618850343695],[-66.14752598989028,-17.51739437807846],[-66.14886202407648,-17.515076964914833],[-66.14974365272282,-17.514100707021726],[-66.15040662296683,-17.513751684137937],[-66.15134394873827,-17.512667039077225],[-66.15259343074537,-17.511932065464883],[-66.15256071990197,-17.511831847957726],[-66.15239876202445,-17.51133565946421],[-66.15228155634927,-17.510976576908764],[-66.15224853081699,-17.510794169344678],[-66.15172018942907,-17.50787602229672],[-66.15099996786924,-17.50681700096726],[-66.15099956675093,-17.506816411874905],[-66.15099977553331,-17.506759903160642],[-66.15105148642608,-17.49271293469759],[-66.15247439865132,-17.488624204235357],[-66.15108682461825,-17.48779785283487],[-66.1502490957888,-17.491275968934175],[-66.14973023450321,-17.491295286052093],[-66.14979977418588,-17.483306646952638],[-66.14959158292393,-17.48076333272919],[-66.14954269122121,-17.479259692249943],[-66.1497522659703,-17.47932280841698],[-66.15034581846525,-17.477729555627572],[-66.14765339166414,-17.47728550395349],[-66.14505941811402,-17.476128546689136],[-66.1445204354687,-17.4752044489417],[-66.14300402370111,-17.473785886690692],[-66.14291960860847,-17.473163929878748],[-66.14279242394021,-17.471574481060948],[-66.14274221505241,-17.47137877016536],[-66.14272189639625,-17.471255308057405],[-66.1427208867529,-17.47119119512553],[-66.14273100776273,-17.471163783369256],[-66.14274787418039,-17.4711513642625],[-66.1427907765813,-17.471135223626682],[-66.14285911908799,-17.471128758596084],[-66.14292195251375,-17.471127428159228],[-66.14295250158601,-17.471132708354915],[-66.14304092926679,-17.471155951347917],[-66.14306486472032,-17.47116262635392],[-66.1431369665834,-17.471163663109127],[-66.14320666895469,-17.471162062932507],[-66.14339366296932,-17.471178925705466],[-66.14359412236077,-17.47111288642302],[-66.14390134469213,-17.470979889257453],[-66.14551763872561,-17.470267094571398],[-66.1460699849257,-17.470026408458356],[-66.14672601567904,-17.469739635599545],[-66.14708611160596,-17.469578624714977],[-66.1476865748021,-17.469311538328018],[-66.14785863328527,-17.46924297356772],[-66.14794797746337,-17.46921362568056],[-66.14802219482432,-17.46919709528208],[-66.14810390496524,-17.469178717422416],[-66.1481479270861,-17.469173450013315],[-66.14862952496114,-17.468370699652844],[-66.14896344280642,-17.46764290078999],[-66.14922463087517,-17.467235977149645],[-66.1513188760015,-17.46467397064396],[-66.15131583617283,-17.464639802129003],[-66.15131538280751,-17.464639854325377],[-66.14961045745629,-17.464837379840926],[-66.14863104730372,-17.462590623199098],[-66.14957046799636,-17.46178027900981],[-66.14793414149138,-17.4606725261995],[-66.14791906362491,-17.46066231919975],[-66.14448130301616,-17.461310688182838],[-66.14445997668756,-17.46133864532535],[-66.14313345881187,-17.463077574791384],[-66.1409211288852,-17.4625101780899],[-66.1401838036594,-17.461698396564717],[-66.13795298042491,-17.46026359476606],[-66.13746484081128,-17.45713657584255],[-66.13849241485859,-17.45706736479622],[-66.13942182980608,-17.45637596698608],[-66.14285552132343,-17.455748959358125],[-66.14172790355255,-17.451306876304297],[-66.14169660644998,-17.451803189799733],[-66.14149678458179,-17.452047995090044],[-66.14151436941009,-17.45248844078635],[-66.14107730625946,-17.45306718075609],[-66.14037922110847,-17.45350460165714],[-66.14038180573196,-17.453948111002052],[-66.13915755160669,-17.45401167395211],[-66.13900993626885,-17.453549070772198],[-66.13833109603591,-17.453733522279776],[-66.13720380606722,-17.455008519824027],[-66.13662997246615,-17.45526506244796],[-66.13626555355833,-17.455627860006732],[-66.13509715098077,-17.45336540689908],[-66.13503349066289,-17.453242135763865],[-66.13503381143174,-17.453241777386538],[-66.13519976801882,-17.453056148480176],[-66.13594780834688,-17.45221943201544],[-66.1360655975738,-17.45208767747029],[-66.13676892290067,-17.45128250783965],[-66.13749832627848,-17.450600154714],[-66.13755985232676,-17.450536611452126],[-66.13797459072832,-17.450108273754477],[-66.13809980592484,-17.449960163070777],[-66.13833977298465,-17.44967631432319],[-66.13852148428073,-17.44927755131075],[-66.13857604119467,-17.449019591499233],[-66.13860400627215,-17.448503936545933],[-66.13863953791248,-17.44814129722725],[-66.1387441524803,-17.447817877623187],[-66.13890251087955,-17.447583915733237],[-66.13896836571847,-17.447486621829547],[-66.13942435641405,-17.44697712213591],[-66.13974083838131,-17.446475173296097],[-66.13979003134152,-17.446353657050796],[-66.13987546108243,-17.446142626932282],[-66.14050170960446,-17.4455686766716],[-66.14131407479466,-17.444736522012978],[-66.14152455928365,-17.444520907187545],[-66.14153088718173,-17.44451442526808],[-66.14154973410055,-17.44449470122914],[-66.14267468917717,-17.443317360400798],[-66.1427547063061,-17.443238575290728],[-66.14283957483379,-17.443164614937302],[-66.14292897818679,-17.44309575200569],[-66.14298589759152,-17.44305713408088],[-66.14302258498411,-17.443032243598104],[-66.14312004724044,-17.44297432581021],[-66.14322100320172,-17.442922212868947],[-66.143325079212,-17.442876098062392],[-66.14343188690574,-17.442836152796538],[-66.14354103168648,-17.442802525814102],[-66.14365210617112,-17.442775341294514],[-66.14376470049326,-17.442754701710776],[-66.14387839487726,-17.442740681402036],[-66.14388579180367,-17.442740206058453],[-66.14388986363738,-17.44273994485056],[-66.14399276799021,-17.44273333391733],[-66.14410739515917,-17.442732685669146],[-66.14422185018157,-17.44273874047429],[-66.14433570917159,-17.44275147419114],[-66.1444485485803,-17.442770841012123],[-66.14455994905617,-17.442796767198136],[-66.14466950637953,-17.44282917381011],[-66.14589283019144,-17.443230423035384],[-66.14600093147176,-17.443262429736183],[-66.1461108279091,-17.443288141206587],[-66.14622211916407,-17.443307469528],[-66.14753188235558,-17.443496016474764],[-66.14764300614542,-17.443508780505372],[-66.14775472569492,-17.443515180612707],[-66.1478666443667,-17.44351519304855],[-66.14797836609833,-17.44350881755158],[-66.14808949449012,-17.44349607552828],[-66.14809261299608,-17.443495535994153],[-66.14819963745182,-17.443477013731567],[-66.14830840351094,-17.443451699692893],[-66.14841540018462,-17.44342020544511],[-66.14855351874424,-17.443375217693276],[-66.14924669064843,-17.443149465495946],[-66.14941520043132,-17.44309831978961],[-66.1495857870015,-17.443053969796605],[-66.14975815377215,-17.443016493437494],[-66.14993199963692,-17.442985956830295],[-66.15010702277401,-17.442962411635996],[-66.1502829168137,-17.442945899518698],[-66.15045937558291,-17.442936449504504],[-66.15111979872924,-17.442914343606358],[-66.1512664899026,-17.442906985084687],[-66.15141282795038,-17.442894745235723],[-66.15155863481853,-17.44287763956954],[-66.15170373521849,-17.442855687248287],[-66.15184795467613,-17.44282891557324],[-66.15221465208245,-17.442754496890455],[-66.15362622270798,-17.442468020432667],[-66.15373065522836,-17.442449764066378],[-66.15705387487009,-17.44196131282806],[-66.15716774740285,-17.441941114358414],[-66.15728010929784,-17.441914228316186],[-66.1573905346664,-17.44188075788071],[-66.1574986057215,-17.441840829825978],[-66.16183447774432,-17.44008990924628],[-66.16197901803069,-17.440034518225236],[-66.16212558316501,-17.439984264234262],[-66.16227397264882,-17.43993921665118],[-66.16242398707855,-17.439899434937082],[-66.16257542429935,-17.439864973999484],[-66.16259048916325,-17.43986133479669],[-66.16260398182516,-17.439858075010736],[-66.1635391803362,-17.43963213728628],[-66.16365212099497,-17.439601222767113],[-66.16376283135536,-17.439563604116596],[-66.16387088110396,-17.439519427811472],[-66.1639758479883,-17.439468866631383],[-66.16407732351601,-17.43941211612806],[-66.16417491289926,-17.439349398236413],[-66.16426823509671,-17.4392809585661],[-66.1643569257052,-17.43920706192755],[-66.1644747657529,-17.439105982139587],[-66.16459607753171,-17.439008760589218],[-66.1647207239206,-17.438915504580045],[-66.16484856402336,-17.43882632226526],[-66.16497945239573,-17.43874131180052],[-66.16511324265376,-17.43866057132847],[-66.1664328077873,-17.437893607057212],[-66.1665548844551,-17.43782658504812],[-66.16668028723966,-17.437765483435797],[-66.16680870615951,-17.437710455827908],[-66.16693982212212,-17.43766163674022],[-66.16707330867924,-17.437619149748603],[-66.16720883404722,-17.437583098487863],[-66.16734606289037,-17.437553572998176],[-66.16748465352698,-17.437530647879278],[-66.16762426176105,-17.43751437783008],[-66.16776454171098,-17.437504804884455],[-66.16790514402598,-17.437501952064842],[-66.16804571959224,-17.437505827046955],[-66.16818591956054,-17.437516420354225],[-66.16832539536004,-17.437533704454875],[-66.16846380146396,-17.43755763741329],[-66.16860079355001,-17.437588160154817],[-66.16873603133594,-17.437625195602973],[-66.16886917850951,-17.43766865319347],[-66.16894418163952,-17.43769177781358],[-66.16902093848738,-17.437708797758503],[-66.16909890905981,-17.437719591565735],[-66.16917754698092,-17.437724085541966],[-66.16925630147105,-17.437722247470266],[-66.16933461917235,-17.437714090248157],[-66.16941195074668,-17.437699671078413],[-66.16948775463801,-17.437679091522636],[-66.16956149805506,-17.437652494806205],[-66.1696326653944,-17.43762006864699],[-66.1697007555029,-17.43758203979842],[-66.16976529295009,-17.43753867511262],[-66.16982582241324,-17.437490279654508],[-66.16988192192835,-17.4374371914721],[-66.16993319627876,-17.437379783308323],[-66.16997795292245,-17.437311238694594],[-66.17001675244178,-17.43723942716989],[-66.17004933914438,-17.43716482459841],[-66.1700754975173,-17.43708792457255],[-66.17007764211773,-17.43708062627512],[-66.17008004051304,-17.437073402020697],[-66.17011930735701,-17.436961240895695],[-66.17016222574061,-17.436850319126165],[-66.17020875444344,-17.436740747192623],[-66.17021631642612,-17.436723711150005],[-66.1702253067406,-17.436707325712423],[-66.17029004115298,-17.436594528796604],[-66.17035913994069,-17.436484142613885],[-66.17043250566984,-17.436376323799895],[-66.17051391994877,-17.43625614073016],[-66.17060092938459,-17.43613962659768],[-66.17069335345182,-17.436027019027875],[-66.17079100323173,-17.435918551011913],[-66.17089367679316,-17.435814445423087],[-66.17100116292688,-17.435714916876055],[-66.17111324021889,-17.435620170810626],[-66.17122967992768,-17.435530399920857],[-66.17135024022967,-17.435445791297255],[-66.17147467388257,-17.43536651750579],[-66.1716027243657,-17.43529274285408],[-66.17173412972555,-17.435224618028137],[-66.17186861687694,-17.435162283623416],[-66.17200591197631,-17.43510586848629],[-66.17211958729268,-17.435058306672857],[-66.17223016515884,-17.435004434818048],[-66.17233726640801,-17.4349444389769],[-66.17244052285481,-17.43487852522741],[-66.17253958105752,-17.434806919724007],[-66.17263409951049,-17.434729867754438],[-66.17272375522788,-17.434647633833283],[-66.17280823904125,-17.434560501635016],[-66.17288726132601,-17.43446876865717],[-66.17296055193206,-17.434372750734305],[-66.17302785744562,-17.43427277658094],[-66.17308894773097,-17.434169190593366],[-66.17314361317861,-17.4340623482954],[-66.17319166565943,-17.43395261544884],[-66.17323294131833,-17.433840369899],[-66.17326729689562,-17.433725996104368],[-66.173294615328,-17.433609887925037],[-66.17331480302437,-17.43349244226288],[-66.173327789796,-17.433374063575553],[-66.1733335317614,-17.43325515849959],[-66.17335407005457,-17.43209705377304],[-66.17335987657931,-17.431972359508197],[-66.1733728548502,-17.43184816439258],[-66.17339296515262,-17.431724847122304],[-66.17342014520067,-17.43160278607235],[-66.17345431211591,-17.431482353003606],[-66.1734953614173,-17.431363917563733],[-66.17354316805937,-17.431247840980816],[-66.17359758450966,-17.43113447874528],[-66.17365844644739,-17.431024177078783],[-66.17372556616631,-17.430917273743702],[-66.17379873921381,-17.430814094525463],[-66.1738777415278,-17.430714955901006],[-66.17396233232787,-17.430620160564892],[-66.17405225127982,-17.430529998292215],[-66.17414722509308,-17.430444745129304],[-66.1742469619055,-17.430364661508122],[-66.17435115786681,-17.430289992339848],[-66.17445949431703,-17.43022096697488],[-66.17457163881029,-17.430157793799427],[-66.17468725063254,-17.430100668441003],[-66.17480597435703,-17.430049764646924],[-66.17492744729849,-17.430005238905245],[-66.17505129958258,-17.429967225930703],[-66.17517715032801,-17.4299358422227],[-66.17530461613865,-17.429911184379765],[-66.17543330641475,-17.42989332813006],[-66.17556282902338,-17.42988232660581],[-66.17569278646688,-17.429878214804045],[-66.17582278253546,-17.429881005165846],[-66.17595241853117,-17.429890688425825],[-66.17608129982324,-17.42990723551109],[-66.17620903023284,-17.429930595655513],[-66.17633522048325,-17.429960697422512],[-66.17645948537834,-17.42999744866504],[-66.17658144284788,-17.430040737414927],[-66.17670072242571,-17.43009043110004],[-66.17681695769795,-17.430146378243098],[-66.17692979385451,-17.43020840676267],[-66.1770388857525,-17.430276327557632],[-66.17887505017887,-17.431490035171407],[-66.18108678379777,-17.43295195326187],[-66.18119181845904,-17.433017332337105],[-66.18130046641647,-17.433077022979305],[-66.181412394677,-17.433130839864354],[-66.18152725864066,-17.433178618273452],[-66.18164470496399,-17.43322021142478],[-66.18176437250051,-17.43325549048682],[-66.18188589318596,-17.433284348203134],[-66.18200889397502,-17.4333066953077],[-66.18213299585922,-17.433322463220197],[-66.18225781762926,-17.433331604099298],[-66.18238297591685,-17.43333408813426],[-66.18250808418496,-17.433329908045764],[-66.18263275932557,-17.433319078276323],[-66.18275661702658,-17.433301630409627],[-66.18287927731814,-17.433277619570198],[-66.18295447997485,-17.43325760655424],[-66.18302769539487,-17.433231679541905],[-66.18309841946288,-17.433200014712867],[-66.18316616620922,-17.433162831849028],[-66.1832304688893,-17.433120385319526],[-66.18329088461704,-17.433072968661335],[-66.18334699728351,-17.433020908299298],[-66.18339842134691,-17.432964561793654],[-66.1834448027869,-17.43290431695037],[-66.1834858219678,-17.43284058915249],[-66.18352119654327,-17.43277381598301],[-66.1835506833233,-17.432704458154177],[-66.18357407931174,-17.432632993200947],[-66.18389437888827,-17.43165376960597],[-66.18393698086906,-17.431556945078537],[-66.18403429057601,-17.431335785292443],[-66.18425979648445,-17.430995750639877],[-66.18469330800868,-17.43034213400683],[-66.18516304096498,-17.43019918125839],[-66.18534783494198,-17.430142943364157],[-66.18534817234872,-17.430142840675238],[-66.18533106884705,-17.430100017182156],[-66.18496571878136,-17.42918524447128],[-66.18064051643123,-17.423795367885727],[-66.1804933781305,-17.423245426964193],[-66.18050081379143,-17.42036076673505],[-66.18504491121517,-17.416440746288682],[-66.19297472284427,-17.409599270984966],[-66.19219508280614,-17.408686802606816],[-66.19127707378792,-17.407603065922125],[-66.19101718725229,-17.407295537126366],[-66.19076171278078,-17.407130115422632],[-66.19072455028498,-17.40710611313188],[-66.19040258209756,-17.407020303305174],[-66.19026112455569,-17.407018372582566],[-66.18979536293483,-17.403553829229104],[-66.19262461576511,-17.40395175447153],[-66.19498091184941,-17.403929528523257],[-66.19498094859289,-17.40392952452512],[-66.1967967567779,-17.403384308984403],[-66.19703655582028,-17.403312305068145],[-66.19714020488324,-17.4032811820403],[-66.19715203926297,-17.40339865406876],[-66.19715760561395,-17.403453906247044],[-66.19720035537179,-17.403955037739475],[-66.19734675753988,-17.405670654488823],[-66.197505263209,-17.407528052897305],[-66.1975098284472,-17.407577100767025],[-66.19766484410282,-17.409241120632633],[-66.19935732497885,-17.40897693444375],[-66.19934088147284,-17.408846189040315],[-66.19929562234853,-17.408453061864613],[-66.19926418563917,-17.408256365493127],[-66.19924774351409,-17.408057541886144],[-66.19921571891106,-17.407832345883403],[-66.19919076048116,-17.40760613845056],[-66.19911127836713,-17.40691800848259],[-66.19862472101315,-17.402912926825326],[-66.19861771447226,-17.40285524963655],[-66.20047394946675,-17.402590690120935],[-66.20047397679254,-17.402590686892523],[-66.20450148759478,-17.402053563260484],[-66.20580444183572,-17.40188111572356],[-66.20608416387384,-17.401876008030893],[-66.20608576619263,-17.401876097308246],[-66.20787720192037,-17.401963475412124],[-66.20944437686676,-17.401989435249085],[-66.21474179002311,-17.40212877479064],[-66.21474298314686,-17.402128805906624],[-66.21474281692603,-17.402127299126235],[-66.21446746158361,-17.399654523552183]]]]},"id":4},{"type":"Feature","properties":{"Distritos":"D7"},"geometry":{"type":"MultiPolygon","coordinates":[[[[-66.12561624681724,-17.39106032184337],[-66.1256162625668,-17.391060276921333],[-66.12576030601589,-17.39113733948207],[-66.12640676372366,-17.39188518507796],[-66.1273801277027,-17.393443151034088],[-66.12766261819799,-17.39389530094169],[-66.1278411546235,-17.394741617273663],[-66.12772017222045,-17.395691230172314],[-66.12769594524895,-17.39588139120469],[-66.12760479631451,-17.396596819238148],[-66.12810688892004,-17.39675712643343],[-66.12817845112663,-17.3968661525936],[-66.12821085789984,-17.39692381769165],[-66.12854209802448,-17.39751322707365],[-66.12870621051482,-17.39766403931125],[-66.12898979787737,-17.39784898862343],[-66.12910680910072,-17.397895908989298],[-66.12910692743611,-17.397895919722753],[-66.12932949241791,-17.3979012024681],[-66.12937314463845,-17.39790223720524],[-66.12944027833768,-17.397904416313942],[-66.12949289140742,-17.39792594405933],[-66.12956579302843,-17.397991375143988],[-66.12983417032524,-17.398228840432232],[-66.12985052467637,-17.39826414041727],[-66.12993061509593,-17.39843701323613],[-66.13047815994594,-17.399618857784933],[-66.13056022281522,-17.399747805311506],[-66.13060249446283,-17.399793746950014],[-66.13060251961134,-17.399793762662608],[-66.13071502235714,-17.39985010956417],[-66.1307275115755,-17.399856364549535],[-66.13076832325407,-17.399854673600696],[-66.13085875078905,-17.39985092714155],[-66.13086514381588,-17.39985066245477],[-66.130898927033,-17.39984252598924],[-66.13096963353107,-17.399819704643107],[-66.13103632670119,-17.399788879277637],[-66.13122681994409,-17.39970800207659],[-66.1316689937704,-17.39972632331875],[-66.1320136721068,-17.399869315803386],[-66.13211666354921,-17.39998422178755],[-66.13226807423861,-17.400153163352343],[-66.13242504176625,-17.40046153405813],[-66.13257519902506,-17.40071507602931],[-66.13260974828943,-17.40077341079089],[-66.13274277250767,-17.40099802031704],[-66.13274519542853,-17.401002110459594],[-66.13285033903477,-17.401179644683566],[-66.13288458477152,-17.40141943774598],[-66.1328853506559,-17.40144920026486],[-66.1328883876451,-17.401567299116465],[-66.13289363579764,-17.401771365814422],[-66.13289394905037,-17.40178353982955],[-66.13289406584614,-17.401788110606294],[-66.13289407892748,-17.401788598405577],[-66.13289416530564,-17.401791984030385],[-66.13289417889068,-17.401792499829394],[-66.13289420008012,-17.401793311916396],[-66.13289423682711,-17.401794754509687],[-66.13285898074523,-17.401936039409275],[-66.1327344737573,-17.402097504668674],[-66.13228198482359,-17.402484983592068],[-66.13126852478169,-17.403243889101837],[-66.13028267322952,-17.404027077712485],[-66.12923693144403,-17.40486016609616],[-66.12887154358918,-17.405350651059827],[-66.12765227183809,-17.407333989943822],[-66.12717472209724,-17.408170001810486],[-66.12604470685731,-17.41462210698629],[-66.12598540738594,-17.415279883950692],[-66.1261343964216,-17.4161993686845],[-66.12648626218574,-17.41667480547373],[-66.127166044344,-17.41707668254836],[-66.13133874470519,-17.417954640967114],[-66.13102366074956,-17.423398817176032],[-66.13102275623683,-17.42341443835817],[-66.13451134138477,-17.42359208081453],[-66.13477027759059,-17.423614088045223],[-66.13379183494614,-17.424427955632826],[-66.1324477584352,-17.425566409953653],[-66.1306564669441,-17.427079353104325],[-66.12877089663351,-17.429404851886485],[-66.12732124123868,-17.432136358806662],[-66.12676564697969,-17.43313010295349],[-66.12611339504151,-17.434155088164193],[-66.12529306505415,-17.43539305949129],[-66.1252448650254,-17.43572822538696],[-66.12544757713442,-17.436429226182238],[-66.12586398971803,-17.43836913599502],[-66.12581391953783,-17.438770157951215],[-66.12508730355708,-17.439593365550984],[-66.125108734482,-17.43996595861399],[-66.12007587803754,-17.440738498467017],[-66.11995754103513,-17.440401755820606],[-66.11952257299987,-17.43918062707585],[-66.11944773974918,-17.438740518721307],[-66.11956593281826,-17.437456396719895],[-66.11953934252452,-17.436029044364787],[-66.11946238851459,-17.43572994969999],[-66.1190664407509,-17.434940258351247],[-66.11848929653469,-17.43424194303035],[-66.11728908273805,-17.43369136012302],[-66.11712877553727,-17.43350085929187],[-66.1168840534294,-17.43243894253047],[-66.11675785994073,-17.432154846069377],[-66.11673064811228,-17.431809426715258],[-66.11728307695469,-17.43095499903405],[-66.11783659393726,-17.42899507631722],[-66.1184470606055,-17.42813728829475],[-66.118343375554,-17.427995714134152],[-66.11811523151174,-17.427792232257612],[-66.11780972958765,-17.42748465551321],[-66.1170866546501,-17.427285149751626],[-66.11680087245072,-17.427099438775876],[-66.11665892616448,-17.42701794538619],[-66.11604055591204,-17.426867855844893],[-66.11598283414195,-17.42638095059923],[-66.1158535779022,-17.426029613435354],[-66.11569952478939,-17.425939039070062],[-66.11535397534891,-17.425725869183974],[-66.11498618444996,-17.425502774387137],[-66.11487766511716,-17.425440041280183],[-66.11467567951233,-17.425370219134997],[-66.11452737975975,-17.42530499788629],[-66.11428078406708,-17.425159988816883],[-66.1141145396887,-17.425096418851705],[-66.11406832918395,-17.424996362003412],[-66.11377957228314,-17.424873676840974],[-66.11338217730606,-17.424695901227537],[-66.11316462998963,-17.424602916738515],[-66.11286073209024,-17.42443031781969],[-66.11271071362425,-17.42434786892103],[-66.11251837449021,-17.42419829724656],[-66.11221782286259,-17.424112194433157],[-66.11189875255114,-17.424219037107257],[-66.11087816076473,-17.423156421689036],[-66.11011063878065,-17.422246100365875],[-66.10793268700753,-17.419976211943688],[-66.10756136474353,-17.419640244527614],[-66.10724537669715,-17.419362328189546],[-66.10685937128567,-17.41890019912847],[-66.10681993232147,-17.41885298274187],[-66.10681995798197,-17.41885296595822],[-66.10694678269846,-17.41876242912365],[-66.10701617618851,-17.418712925939527],[-66.10760093508951,-17.4182954884078],[-66.10794599956245,-17.41802301228087],[-66.10794602526542,-17.41802299278876],[-66.10922993851665,-17.4170392994023],[-66.10922997191287,-17.41703926918601],[-66.11019047420125,-17.41604263340071],[-66.11094727626855,-17.41537851950833],[-66.11094730493397,-17.415378491029006],[-66.1114430494853,-17.414823035625954],[-66.11152854689557,-17.41472724029789],[-66.11160835792968,-17.414637816004568],[-66.11163486872319,-17.414608111596092],[-66.11167314366263,-17.41456522642334],[-66.11167789929969,-17.414559898317915],[-66.11168782900745,-17.414548771404814],[-66.11170270581513,-17.414532103350744],[-66.11170375721046,-17.41453109733419],[-66.1118647569766,-17.41437705498505],[-66.11206254090845,-17.414184103935106],[-66.11343771966656,-17.412842508561035],[-66.11432024420229,-17.412772581698334],[-66.1145867460287,-17.412751464770054],[-66.11504825587242,-17.413309012807563],[-66.11524004886122,-17.41339514919671],[-66.11551525493566,-17.413518758094884],[-66.1160990201335,-17.413431944487265],[-66.11647424843582,-17.41289062531756],[-66.11654290621674,-17.412706952013004],[-66.116556984099,-17.412669304938486],[-66.11659130257252,-17.412577527710358],[-66.1170345540957,-17.412099340187538],[-66.11726647002672,-17.411891474664202],[-66.11750426615518,-17.411584284664123],[-66.1178228542494,-17.41107944886785],[-66.11801831925602,-17.4107177761595],[-66.11801833103594,-17.410717744725797],[-66.11807815564055,-17.410478418972765],[-66.11807329860812,-17.410429742581293],[-66.11806327743622,-17.410329123817572],[-66.11806324880965,-17.41032908999359],[-66.11803275729754,-17.410286983148385],[-66.1175691867632,-17.40964682510296],[-66.1175507733597,-17.409447724114695],[-66.11752294044106,-17.409390910124976],[-66.1175054095321,-17.409355125483636],[-66.11750351756955,-17.40935126229004],[-66.1174629551711,-17.409268381366036],[-66.11743820663986,-17.40911888748768],[-66.11740384552392,-17.40891132705316],[-66.11747902964753,-17.40851893942882],[-66.11751973280032,-17.408399414622355],[-66.11764531149318,-17.408094733666022],[-66.11764525393242,-17.408094565783543],[-66.11764493674671,-17.408091822478685],[-66.11764537743518,-17.40809137014138],[-66.11763701916966,-17.40791642823069],[-66.11763628557402,-17.407900181259897],[-66.1176974061205,-17.407714690561768],[-66.11807267924311,-17.407305421971852],[-66.11807271840551,-17.407305383710238],[-66.11841463058259,-17.40700981924023],[-66.11852989396077,-17.406778511988488],[-66.11866469048252,-17.406280126315355],[-66.11866989161867,-17.40617403703629],[-66.11867440421979,-17.40608270413718],[-66.11868074233762,-17.405865609726373],[-66.1186824493818,-17.405759457292838],[-66.11890638917342,-17.405259967778886],[-66.11890662490441,-17.405259509766125],[-66.11927054038762,-17.404550529917127],[-66.11934857900748,-17.404394656538795],[-66.11945373356455,-17.404184621716947],[-66.119478372803,-17.404135407144622],[-66.1196236592974,-17.403745606327526],[-66.1196236798081,-17.403745557863232],[-66.11993181718121,-17.40291881672687],[-66.11993184394314,-17.402918609429218],[-66.12012806066154,-17.402164470798528],[-66.12037836564883,-17.401676502834444],[-66.12039878186661,-17.401538416719514],[-66.12043894693232,-17.40126689237594],[-66.12037410964143,-17.400488855217155],[-66.12075821849115,-17.39988814437038],[-66.12146084375509,-17.399298649637593],[-66.12146193400896,-17.399297735311034],[-66.1214619806911,-17.399297697156968],[-66.12175402290518,-17.399069272741862],[-66.12189868881856,-17.39895612028367],[-66.1218987288761,-17.39895608474278],[-66.12253097553092,-17.39742443428577],[-66.12253098534354,-17.39742440824102],[-66.12310710886783,-17.395618609656527],[-66.12333524446716,-17.39504721374075],[-66.12333525708618,-17.39504718863938],[-66.12360853317068,-17.394646271763573],[-66.12364818154745,-17.394588103941384],[-66.12385700185403,-17.39428233385574],[-66.12408427583006,-17.393949542433152],[-66.12412023180241,-17.393896891706607],[-66.12416968034803,-17.393824485108667],[-66.12416970058779,-17.393824453796242],[-66.12423062902023,-17.393723694832804],[-66.12432432241593,-17.393568767197436],[-66.12440013374743,-17.393443407975635],[-66.12447543522283,-17.3933188910625],[-66.12453918628138,-17.39321346090552],[-66.12454135660134,-17.393209871248644],[-66.12454789939396,-17.393199051266922],[-66.12456429549007,-17.393171935506114],[-66.1245658585447,-17.393169350236594],[-66.12458592811569,-17.393136160719283],[-66.12458954660357,-17.393130175567137],[-66.12459639930309,-17.393118842643748],[-66.1245968019094,-17.393118175728485],[-66.12459720256459,-17.39311751329999],[-66.12459788028869,-17.39311639344352],[-66.1245980376594,-17.393116132945334],[-66.12459899537197,-17.393114549382148],[-66.12459901177992,-17.39311452252931],[-66.12459934393726,-17.39311385008356],[-66.12460167569084,-17.393109138544293],[-66.12463333971762,-17.393045135863606],[-66.12465007585367,-17.393011308637206],[-66.12465018947812,-17.393011079112586],[-66.12469801406915,-17.392914508671414],[-66.12470717382969,-17.39289601225722],[-66.12475798361534,-17.392793414097472],[-66.12561624681724,-17.39106032184337]]]]},"id":5},{"type":"Feature","properties":{"Distritos":"D4"},"geometry":{"type":"MultiPolygon","coordinates":[[[[-66.20408593430648,-17.381358784904016],[-66.20787672509087,-17.380816845261897],[-66.20788199745084,-17.38083406942644],[-66.20800812471073,-17.381246118888406],[-66.20818819419041,-17.3818345096182],[-66.2082033565753,-17.381892522175935],[-66.20822164013327,-17.381962639308064],[-66.20821791088942,-17.382049439096185],[-66.20821492779702,-17.382118300627504],[-66.2080572157366,-17.382728978657955],[-66.2079743596241,-17.383049794226494],[-66.20796603517145,-17.38631041300004],[-66.20797606331614,-17.386935234524532],[-66.20801833883935,-17.389569366254563],[-66.20817647045827,-17.392373834521255],[-66.20833992687544,-17.395502060233813],[-66.20981409535047,-17.39559005692054],[-66.21009886119496,-17.3956087391912],[-66.21040852188688,-17.39589009880796],[-66.21091000710135,-17.396345727176282],[-66.21159358465944,-17.396516577579657],[-66.21281120679384,-17.396820897766737],[-66.21316434791581,-17.396969376616173],[-66.21359746410879,-17.397151478902224],[-66.21423005534483,-17.397129662780063],[-66.2142300844411,-17.397129666798648],[-66.2144789758362,-17.39717719974967],[-66.21477608026485,-17.397520727609255],[-66.21491319250252,-17.39766340062077],[-66.21511176883621,-17.39786801330486],[-66.2153307067604,-17.39819854878691],[-66.21612274514302,-17.39939429907722],[-66.21625546641273,-17.399594663910115],[-66.21625549031539,-17.3995947003653],[-66.21625542264987,-17.39959469671156],[-66.21446746158361,-17.399654523552183],[-66.21474281692603,-17.402127299126235],[-66.21474298314686,-17.402128805906624],[-66.21474179002311,-17.40212877479064],[-66.20944437686676,-17.401989435249085],[-66.20787720192037,-17.401963475412124],[-66.20608576619263,-17.401876097308246],[-66.20608416387384,-17.401876008030893],[-66.20580444183572,-17.40188111572356],[-66.20450148759478,-17.402053563260484],[-66.20047397679254,-17.402590686892523],[-66.20047394946675,-17.402590690120935],[-66.19861771447226,-17.40285524963655],[-66.19862472101315,-17.402912926825326],[-66.19911127836713,-17.40691800848259],[-66.19919076048116,-17.40760613845056],[-66.19921571891106,-17.407832345883403],[-66.19924774351409,-17.408057541886144],[-66.19926418563917,-17.408256365493127],[-66.19929562234853,-17.408453061864613],[-66.19934088147284,-17.408846189040315],[-66.19935732497885,-17.40897693444375],[-66.19766484410282,-17.409241120632633],[-66.1975098284472,-17.407577100767025],[-66.197505263209,-17.407528052897305],[-66.19734675753988,-17.405670654488823],[-66.19720035537179,-17.403955037739475],[-66.19715760561395,-17.403453906247044],[-66.19715203926297,-17.40339865406876],[-66.19714020488324,-17.4032811820403],[-66.19703655582028,-17.403312305068145],[-66.1967967567779,-17.403384308984403],[-66.19498094859289,-17.40392952452512],[-66.19498091184941,-17.403929528523257],[-66.19262461576511,-17.40395175447153],[-66.18979536293483,-17.403553829229104],[-66.19026112455569,-17.407018372582566],[-66.19030953911951,-17.4073785004644],[-66.18784310798486,-17.409542470419602],[-66.18768417726608,-17.40962230591495],[-66.18701019614527,-17.40996086719505],[-66.1846773066982,-17.410737427216983],[-66.17962495405392,-17.411488496195783],[-66.1771516423791,-17.411089013421808],[-66.17670456897599,-17.41087651461472],[-66.17554637841081,-17.409924233930646],[-66.17462603806972,-17.409046133942777],[-66.17438041993094,-17.409309104871664],[-66.17287535643442,-17.407813026471175],[-66.17127853595592,-17.405983034406532],[-66.17056928336858,-17.40516706374814],[-66.16983522440954,-17.4040093897227],[-66.16908684851947,-17.402672752436487],[-66.16846284990002,-17.40004770548441],[-66.16775641857231,-17.39697051988798],[-66.1677554314052,-17.396965428262444],[-66.16775463942977,-17.396961341746266],[-66.16775034922507,-17.39693921314287],[-66.16770907155005,-17.3967262867349],[-66.16767066485207,-17.396528165258005],[-66.16751940468393,-17.395747902651067],[-66.16751741646134,-17.395737645156352],[-66.16748340026174,-17.395562176549987],[-66.16747594919124,-17.39552373810276],[-66.1674735540336,-17.39551138527167],[-66.16747225059468,-17.39550466283977],[-66.16746156187081,-17.395449524262023],[-66.16746099554189,-17.395446603119964],[-66.16745001667776,-17.395389968654907],[-66.1674493475575,-17.39538651598817],[-66.16743835126863,-17.395329791878044],[-66.16743764380733,-17.395326141811378],[-66.16743050463384,-17.395289314242415],[-66.16742905392698,-17.395281833902562],[-66.16742801455308,-17.39527646882772],[-66.16742697075588,-17.395271085629915],[-66.16742626502246,-17.395267445520854],[-66.16742615438022,-17.395266874152398],[-66.16742600713823,-17.395266114438794],[-66.16742427330922,-17.395257170819505],[-66.16742421321283,-17.395256859331774],[-66.16742290105461,-17.39525009252874],[-66.16742224321311,-17.39524670142664],[-66.1674213763335,-17.39524222735997],[-66.1671914310996,-17.394056059258652],[-66.18050892489308,-17.393471289609394],[-66.18216079306752,-17.393400809201935],[-66.18938415588181,-17.39311054132908],[-66.1938335424712,-17.39290814868056],[-66.19696993149999,-17.392767174621266],[-66.196928605328,-17.392510548220017],[-66.19674682707179,-17.390796334178027],[-66.19665478562752,-17.389196589828074],[-66.19626530755498,-17.384599740377322],[-66.19611546631498,-17.38155311101693],[-66.2021245307832,-17.38086960702696],[-66.2025412512476,-17.381099073597344],[-66.20309293140946,-17.3814028537468],[-66.20408593430648,-17.381358784904016]]]]},"id":6},{"type":"Feature","properties":{"Distritos":"D10"},"geometry":{"type":"MultiPolygon","coordinates":[[[[-66.15202550840405,-17.379806630109552],[-66.15210952153603,-17.37946161413691],[-66.16004719229103,-17.381416560877987],[-66.16125155086165,-17.381906545208345],[-66.16210351728388,-17.382566240944005],[-66.16234961323944,-17.382863416161342],[-66.16267303621872,-17.383253967689313],[-66.16271138853118,-17.383308433154795],[-66.16324753271394,-17.38436252626689],[-66.16337501352771,-17.38465204382524],[-66.1637416729936,-17.385484751122863],[-66.16471165396362,-17.387687606840277],[-66.16509539484812,-17.388459994826253],[-66.16627129963773,-17.39111438625466],[-66.16644567924764,-17.391528808337615],[-66.16649667057216,-17.39164999004719],[-66.16686902321669,-17.392534898124246],[-66.16691615014886,-17.392756641477806],[-66.16711810457834,-17.39370688448008],[-66.16716424885753,-17.393924002223848],[-66.16718225235618,-17.39400871069163],[-66.1671914310996,-17.394056059258652],[-66.1674213763335,-17.39524222735997],[-66.16742224321311,-17.39524670142664],[-66.16742290105461,-17.39525009252874],[-66.16742421321283,-17.395256859331774],[-66.16742427330922,-17.395257170819505],[-66.16742600713823,-17.395266114438794],[-66.16742615438022,-17.395266874152398],[-66.16742626502246,-17.395267445520854],[-66.16742697075588,-17.395271085629915],[-66.16742801455308,-17.39527646882772],[-66.16742905392698,-17.395281833902562],[-66.16743050463384,-17.395289314242415],[-66.16743764380733,-17.395326141811378],[-66.16743835126863,-17.395329791878044],[-66.1674493475575,-17.39538651598817],[-66.16745001667776,-17.395389968654907],[-66.16746099554189,-17.395446603119964],[-66.16746156187081,-17.395449524262023],[-66.16747225059468,-17.39550466283977],[-66.1674735540336,-17.39551138527167],[-66.16747594919124,-17.39552373810276],[-66.16748340026174,-17.395562176549987],[-66.16751741646134,-17.395737645156352],[-66.16751940468393,-17.395747902651067],[-66.16767066485207,-17.396528165258005],[-66.16770907155005,-17.3967262867349],[-66.16775034922507,-17.39693921314287],[-66.16775463942977,-17.396961341746266],[-66.1677554314052,-17.396965428262444],[-66.16775641857231,-17.39697051988798],[-66.16846284990002,-17.40004770548441],[-66.16908684851947,-17.402672752436487],[-66.16983522440954,-17.4040093897227],[-66.17056928336858,-17.40516706374814],[-66.17127853595592,-17.405983034406532],[-66.1669984250875,-17.407978870096475],[-66.1667759956968,-17.40824482024949],[-66.16430886763288,-17.409393771341406],[-66.15972314792177,-17.411529230933063],[-66.15924032494142,-17.41165358183092],[-66.15874253224463,-17.411664029463502],[-66.15820453251155,-17.411538042604764],[-66.15770627018942,-17.411273329026873],[-66.15715400093274,-17.410766137386418],[-66.15684206607317,-17.410847567961362],[-66.15609626770724,-17.410742516254576],[-66.15525868884794,-17.41064193275118],[-66.15494077838598,-17.412732620887063],[-66.15475497984251,-17.41263093726062],[-66.15367820465062,-17.412041634130464],[-66.15344355451838,-17.404796700783365],[-66.15089347116708,-17.404935135785212],[-66.15107292142905,-17.40397637802604],[-66.1510687195796,-17.403458140438065],[-66.15098198275498,-17.402246985617463],[-66.15132684363735,-17.4013898821515],[-66.15130550185211,-17.40078109451345],[-66.15101159923499,-17.400297098504822],[-66.15066779236363,-17.400032394007837],[-66.15029412915032,-17.399887584635522],[-66.14977870982398,-17.39984103589521],[-66.14822277984165,-17.39980756381654],[-66.14960294494912,-17.39303825511839],[-66.15003356267617,-17.390929180311446],[-66.15170877990955,-17.38272365164095],[-66.15193868955272,-17.382730343472232],[-66.15215301218231,-17.382650164589382],[-66.152317604754,-17.382495886529977],[-66.1524062473483,-17.38229208782208],[-66.1524048192362,-17.38207123395322],[-66.1523135473858,-17.381868508085805],[-66.15214697165844,-17.381716205624297],[-66.15193162992533,-17.381638587570194],[-66.15207399197149,-17.38033177566442],[-66.15209838960753,-17.380225300980033],[-66.15214865783648,-17.380127545436583],[-66.15218345712081,-17.380035006111132],[-66.15217120565791,-17.379937324718465],[-66.15211452041994,-17.379855364433297],[-66.15202550840405,-17.379806630109552]]]]},"id":7},{"type":"Feature","properties":{"Distritos":"D6"},"geometry":{"type":"MultiPolygon","coordinates":[[[[-66.13289423682711,-17.401794754509687],[-66.13289512346645,-17.401793325195158],[-66.13289530485068,-17.401793032527905],[-66.13290338111403,-17.40178001115953],[-66.13300653653677,-17.401613686770812],[-66.13306145717948,-17.401525133493266],[-66.1336497695258,-17.400576549121602],[-66.13377331982358,-17.400377336269223],[-66.13389467785086,-17.40018165857744],[-66.13393509316738,-17.400116492317405],[-66.13401716437217,-17.399984161227394],[-66.1340990772554,-17.399852083355533],[-66.13445063248466,-17.39946970221767],[-66.13480527191884,-17.399203774693774],[-66.13482379154925,-17.399203169421632],[-66.1357175733314,-17.399173967109697],[-66.13787496839589,-17.399431242787127],[-66.13958294755906,-17.400103956945767],[-66.1462647706645,-17.401276017646126],[-66.14756195536938,-17.40189257367297],[-66.14793879692553,-17.40119906679202],[-66.14822277984165,-17.39980756381654],[-66.14977870982398,-17.39984103589521],[-66.15029412915032,-17.399887584635522],[-66.15066779236363,-17.400032394007837],[-66.15101159923499,-17.400297098504822],[-66.15130550185211,-17.40078109451345],[-66.15132684363735,-17.4013898821515],[-66.15098198275498,-17.402246985617463],[-66.1510687195796,-17.403458140438065],[-66.15107292142905,-17.40397637802604],[-66.15089347116708,-17.404935135785212],[-66.15344355451838,-17.404796700783365],[-66.15367820465062,-17.412041634130464],[-66.15475497984251,-17.41263093726062],[-66.1547395598449,-17.412886352850066],[-66.15470900653747,-17.41339244193509],[-66.15469271185232,-17.413662343519007],[-66.15466331963648,-17.414149185480067],[-66.15463002463821,-17.414700668681924],[-66.15451574065877,-17.41660185661621],[-66.15431496013642,-17.41951644124546],[-66.15422954455526,-17.421622504455062],[-66.15473487488711,-17.421650479098574],[-66.1546946053529,-17.423642559489274],[-66.15450341563611,-17.424398073817365],[-66.1542799728605,-17.425274037979943],[-66.15417366192268,-17.42580889831174],[-66.15386262472339,-17.42667304095139],[-66.15330288865849,-17.42666503987667],[-66.15306509720024,-17.426661640321445],[-66.15294240037791,-17.426976924008223],[-66.15286185446215,-17.42713427505431],[-66.15281762354792,-17.427197069882613],[-66.15235415956268,-17.427807091101755],[-66.152321097446,-17.427842998107455],[-66.15209291746325,-17.42808431607955],[-66.1520417904869,-17.428136289877546],[-66.15175226812431,-17.42835854454784],[-66.1517344688943,-17.428368350189757],[-66.15168021441526,-17.42839824065865],[-66.15155230881405,-17.42846522717076],[-66.15135558255568,-17.42869301297135],[-66.15127877917399,-17.428643587709075],[-66.15056023788496,-17.428785479305336],[-66.15006377879419,-17.42879237291538],[-66.14968623830684,-17.428712406682017],[-66.14936922608995,-17.428610806499183],[-66.14944079830465,-17.42846396434306],[-66.14853855421269,-17.428055972781543],[-66.14852521689258,-17.428050861377347],[-66.14851609572818,-17.428048589760703],[-66.1485015957769,-17.428047289488287],[-66.1484899430349,-17.42804854391937],[-66.1484754463632,-17.42805241964206],[-66.14846284962937,-17.428058366946672],[-66.14845028976747,-17.4280681154716],[-66.14844115506067,-17.4280784575522],[-66.14843441506387,-17.428089843472584],[-66.1484300506042,-17.42810241743716],[-66.14841307303362,-17.42819438151043],[-66.14816544648775,-17.428019058855302],[-66.14779912477317,-17.42782808995906],[-66.14671435791028,-17.42804008863292],[-66.14658617201816,-17.428052987606236],[-66.1464114367392,-17.428095916546518],[-66.14638409416841,-17.428100320400368],[-66.14635636948975,-17.42810025639822],[-66.1463290493009,-17.428095726356204],[-66.14630290872326,-17.4280868587998],[-66.14627868941024,-17.428073905317305],[-66.1462570785052,-17.42805723342171],[-66.14613942411664,-17.427949611909035],[-66.14612192397975,-17.427935685458777],[-66.14610259198255,-17.427924206296773],[-66.14608179683292,-17.427915393358028],[-66.14584385102458,-17.427832884402378],[-66.14583547939107,-17.42772068885977],[-66.14562729621046,-17.427585052669837],[-66.14550513822091,-17.427639203801967],[-66.1453972586713,-17.427659364220776],[-66.1453192391883,-17.42765131254123],[-66.14520772085295,-17.427593256074562],[-66.14510168572747,-17.427489553474775],[-66.14435194357152,-17.427093159267827],[-66.14435857054377,-17.426667327756295],[-66.14383518209765,-17.426567158343328],[-66.14327434170515,-17.426497229612302],[-66.14308855541375,-17.42714375610844],[-66.14248831500382,-17.426933164667915],[-66.1420655974487,-17.426738551483503],[-66.1419161886306,-17.426734956860535],[-66.14109560981095,-17.4264849692702],[-66.14112830913508,-17.426311548658745],[-66.14110687066193,-17.426137662326834],[-66.14083434579835,-17.425749081553654],[-66.14029916235296,-17.42542028018958],[-66.13834895546299,-17.42392015290463],[-66.13744910532547,-17.423137942592213],[-66.13681013168829,-17.423787445224526],[-66.13477027759059,-17.423614088045223],[-66.13451134138477,-17.42359208081453],[-66.13102275623683,-17.42341443835817],[-66.13102366074956,-17.423398817176032],[-66.13133874470519,-17.417954640967114],[-66.127166044344,-17.41707668254836],[-66.12648626218574,-17.41667480547373],[-66.1261343964216,-17.4161993686845],[-66.12598540738594,-17.415279883950692],[-66.12604470685731,-17.41462210698629],[-66.12717472209724,-17.408170001810486],[-66.12765227183809,-17.407333989943822],[-66.12887154358918,-17.405350651059827],[-66.12923693144403,-17.40486016609616],[-66.13028267322952,-17.404027077712485],[-66.13126852478169,-17.403243889101837],[-66.13228198482359,-17.402484983592068],[-66.1327344737573,-17.402097504668674],[-66.13285898074523,-17.401936039409275],[-66.13289423682711,-17.401794754509687]]]]},"id":8},{"type":"Feature","properties":{"Distritos":"D12"},"geometry":{"type":"MultiPolygon","coordinates":[[[[-66.16148151890658,-17.365121031009433],[-66.16215814811878,-17.364968255110142],[-66.16221437807562,-17.365069905199718],[-66.16314827009548,-17.366758127175654],[-66.16330694154956,-17.367146784179297],[-66.16356944503856,-17.36775171558551],[-66.16373018600692,-17.368164784810343],[-66.16383650547289,-17.36814663985845],[-66.16401521687973,-17.36816841169608],[-66.16547806789659,-17.367086426799528],[-66.1657948567649,-17.366849458269247],[-66.1664222542747,-17.366440899747708],[-66.16665863938802,-17.3662834274552],[-66.16698726703903,-17.366071366991928],[-66.16788314468444,-17.3656436745207],[-66.16788408345238,-17.365643778132323],[-66.16876589470058,-17.36570883449044],[-66.16877002722882,-17.365709163970042],[-66.16950734210644,-17.365943198949992],[-66.16952168769122,-17.365945930668605],[-66.17025143154137,-17.366030227045794],[-66.17027136570786,-17.366030328857192],[-66.17129496524466,-17.365753262752193],[-66.17480513281964,-17.3655194994429],[-66.17508932036525,-17.365434532279014],[-66.17510563328138,-17.365488401081787],[-66.1758010870651,-17.367784857809287],[-66.17577837706976,-17.368143574918324],[-66.17567890624007,-17.36975476989413],[-66.17592465568573,-17.376600919955138],[-66.17627071094536,-17.379538350877098],[-66.17642316635276,-17.380849335018404],[-66.17676651447394,-17.383963537912972],[-66.17902359842799,-17.38793314235763],[-66.18050812014614,-17.393468569188997],[-66.18050891417697,-17.393471252434306],[-66.18050892489308,-17.393471289609394],[-66.1671914310996,-17.394056059258652],[-66.16718225235618,-17.39400871069163],[-66.16716424885753,-17.393924002223848],[-66.16711810457834,-17.39370688448008],[-66.16691615014886,-17.392756641477806],[-66.16686902321669,-17.392534898124246],[-66.16649667057216,-17.39164999004719],[-66.16644567924764,-17.391528808337615],[-66.16627129963773,-17.39111438625466],[-66.16509539484812,-17.388459994826253],[-66.16471165396362,-17.387687606840277],[-66.1637416729936,-17.385484751122863],[-66.16337501352771,-17.38465204382524],[-66.16324753271394,-17.38436252626689],[-66.16271138853118,-17.383308433154795],[-66.16267303621872,-17.383253967689313],[-66.16234961323944,-17.382863416161342],[-66.16210351728388,-17.382566240944005],[-66.16125155086165,-17.381906545208345],[-66.16004719229103,-17.381416560877987],[-66.15210952153603,-17.37946161413691],[-66.14887472375726,-17.37868442021017],[-66.14887454292668,-17.378684376992442],[-66.1488744454948,-17.378684353025875],[-66.14885051293062,-17.37867858237083],[-66.13999881115156,-17.376543852766535],[-66.1382437315017,-17.375925735872094],[-66.13550274864681,-17.37421958845836],[-66.13548840500336,-17.37347925912649],[-66.13548962428919,-17.37342971880418],[-66.13549519160037,-17.37338045385455],[-66.13550506724069,-17.37333181551777],[-66.13565364959362,-17.372735340570376],[-66.13589969297747,-17.372747569465506],[-66.13659437248023,-17.372663457069944],[-66.13683042814446,-17.372587834334993],[-66.1379627358733,-17.371778623305204],[-66.13827959303174,-17.371640584517742],[-66.14018200787974,-17.371378318159604],[-66.1408673901233,-17.370999672669175],[-66.14363167797036,-17.369167728543953],[-66.14419047598184,-17.36902671921021],[-66.14579617714199,-17.368404815705986],[-66.14873695272736,-17.36726577772744],[-66.14903060157941,-17.367130683380232],[-66.14925797105906,-17.367026080352673],[-66.14960004254745,-17.366931468567138],[-66.15087253033417,-17.36682447123875],[-66.1508730095679,-17.366824432925185],[-66.15528050978615,-17.36648494935716],[-66.15593012356081,-17.366449567061302],[-66.15691918744723,-17.3663334210814],[-66.15780968799506,-17.365840384719192],[-66.1589710577806,-17.365577420532198],[-66.16021469883212,-17.36534304754883],[-66.16021943313845,-17.365342218174526],[-66.16148151890658,-17.365121031009433]]]]},"id":9},{"type":"Feature","properties":{"Distritos":"D1"},"geometry":{"type":"MultiPolygon","coordinates":[[[[-66.14893186124223,-17.355628200014756],[-66.14893250165711,-17.355626311051335],[-66.14912052565448,-17.35594566197675],[-66.14913773350439,-17.355971383095756],[-66.14915784992343,-17.35599507820431],[-66.1492737914975,-17.35611690668996],[-66.14954473928445,-17.356398356754827],[-66.1497168670532,-17.356575095923933],[-66.14974211084795,-17.356605024756288],[-66.14976267924725,-17.35663808934787],[-66.14977815639061,-17.35667362118968],[-66.14983642217176,-17.3568396674132],[-66.1499436402939,-17.357127495702805],[-66.15019973012872,-17.357900157354972],[-66.15021468328241,-17.35795013884475],[-66.1502266604798,-17.3580008543061],[-66.15023562284757,-17.35805214052938],[-66.15024154121207,-17.35810383246938],[-66.15042196681217,-17.360234558610998],[-66.15042980313844,-17.3605042215549],[-66.1504364381271,-17.361155721656385],[-66.1504347510666,-17.36125230512963],[-66.15042772820728,-17.361348666477493],[-66.15039515794045,-17.36167204038059],[-66.15038586058495,-17.36174775445749],[-66.15037326829696,-17.361823028076085],[-66.15035740305196,-17.361897728986623],[-66.15033829278593,-17.361971725216765],[-66.15020874887114,-17.362431843656395],[-66.14992024516724,-17.363142192004457],[-66.14933282662113,-17.364453780463187],[-66.14920545953102,-17.364738163059087],[-66.14914965306416,-17.36486276663931],[-66.14894783146785,-17.365144543096335],[-66.1487252313401,-17.365426499433177],[-66.14869694456556,-17.36546770948106],[-66.14867454375721,-17.365512132263188],[-66.14865841759402,-17.36555899700264],[-66.14864884588484,-17.36560749055175],[-66.14864599471302,-17.36565677150092],[-66.14864991355454,-17.365705984777765],[-66.14866053441907,-17.365754276483397],[-66.1486610005887,-17.365755871508714],[-66.14868035717485,-17.365821991615647],[-66.14868691387379,-17.365855367458526],[-66.14868731239339,-17.365889329817474],[-66.1486346488275,-17.366550566397407],[-66.14863517601654,-17.366585738410556],[-66.14864233462413,-17.36662034057671],[-66.14865589642056,-17.366653127242337],[-66.1486754135039,-17.366683015611343],[-66.14894515879669,-17.36702299410361],[-66.14903060157941,-17.367130683380232],[-66.14873695272736,-17.36726577772744],[-66.14579617714199,-17.368404815705986],[-66.14419047598184,-17.36902671921021],[-66.14363167797036,-17.369167728543953],[-66.1408673901233,-17.370999672669175],[-66.14018200787974,-17.371378318159604],[-66.13827959303174,-17.371640584517742],[-66.1379627358733,-17.371778623305204],[-66.13683042814446,-17.372587834334993],[-66.13659437248023,-17.372663457069944],[-66.13589969297747,-17.372747569465506],[-66.13565364959362,-17.372735340570376],[-66.13550506724069,-17.37333181551777],[-66.13549519160037,-17.37338045385455],[-66.13548962428919,-17.37342971880418],[-66.13548840500336,-17.37347925912649],[-66.13550274864681,-17.37421958845836],[-66.13503303639051,-17.373930479275092],[-66.1349351393763,-17.37387340518812],[-66.13483446361607,-17.37382097741391],[-66.1347312480832,-17.373773320397337],[-66.13462573777893,-17.373730547258887],[-66.13451818315086,-17.37369275952625],[-66.13424401937874,-17.373603644904332],[-66.13409890775426,-17.37356255304969],[-66.13395241631422,-17.373526255241387],[-66.13380471677087,-17.373494794024552],[-66.13369161900413,-17.37347353985887],[-66.13357746225333,-17.373458379578626],[-66.13346260233423,-17.3734493604353],[-66.13334739725394,-17.37344651053894],[-66.1332322060951,-17.373449838770696],[-66.13311738789673,-17.373459334755097],[-66.13300330053531,-17.373474968892424],[-66.1328902996094,-17.37349669245098],[-66.13277873733136,-17.373524437718995],[-66.13266896142973,-17.373558118215648],[-66.13256131406538,-17.373597628960656],[-66.13248251309358,-17.37363071758146],[-66.13240629443774,-17.37366897937971],[-66.13233302587214,-17.37371222973216],[-66.13226306093674,-17.37376025994464],[-66.13219673723142,-17.373812838258925],[-66.13213437478694,-17.373869710971],[-66.13207627452078,-17.37393060365522],[-66.13119583121514,-17.37505225645159],[-66.13046206619043,-17.375987029502728],[-66.1302711143507,-17.376313360789897],[-66.13019555633451,-17.376447761651125],[-66.13012477623313,-17.376584539819664],[-66.13005885507005,-17.376723538741473],[-66.12999786830777,-17.376864599320392],[-66.12994188576154,-17.37700756010024],[-66.12989097151934,-17.377152257449566],[-66.12983090374544,-17.37733299367051],[-66.12968939289937,-17.377758782441045],[-66.129651418286,-17.377878771738498],[-66.12961692927009,-17.377999727566923],[-66.12958595247235,-17.378121556588177],[-66.12955813926833,-17.378245951841436],[-66.12953398795993,-17.3783710503078],[-66.12951133804363,-17.37849835311034],[-66.12949170200736,-17.378593309456566],[-66.12946679433225,-17.378687118861095],[-66.12943668660161,-17.378779511691878],[-66.12940146534547,-17.37887022238814],[-66.12935729101905,-17.3789752947796],[-66.12931400502744,-17.379070300606315],[-66.12926511069162,-17.379162763865644],[-66.12921076925394,-17.37925237962072],[-66.12915115992176,-17.379338852325176],[-66.12908647927637,-17.379421896797975],[-66.12901694062482,-17.37950123916389],[-66.12894277329649,-17.379576617756832],[-66.12886422188672,-17.379647783982826],[-66.12874456472755,-17.379750116983377],[-66.12862536116494,-17.37981427019925],[-66.1285247972758,-17.379864626932044],[-66.12842125483417,-17.379909071137455],[-66.12831511045053,-17.3799474411615],[-66.1282067501999,-17.379979597443608],[-66.12809656821752,-17.380005423024304],[-66.12795450855711,-17.3800343918086],[-66.12784611153765,-17.3800597446163],[-66.12773947093775,-17.380091224732894],[-66.12763496206055,-17.38012872136809],[-66.12707641200655,-17.38034746338152],[-66.12640086464667,-17.380612020484044],[-66.1262996094042,-17.380655054119686],[-66.12620116734519,-17.380703735250663],[-66.12610587974714,-17.38075789510939],[-66.12601407695243,-17.38081734593477],[-66.12592607722318,-17.380881881623072],[-66.12548793718992,-17.38122326608234],[-66.12538557145588,-17.381303025595574],[-66.1253403730494,-17.38127691957066],[-66.12533150970438,-17.381271800232334],[-66.12532903151468,-17.381270368530117],[-66.1253232400494,-17.381267023547647],[-66.12532289520742,-17.381266824439926],[-66.12532144221234,-17.381265985411478],[-66.12532115514097,-17.38126582054613],[-66.12530436313973,-17.381256128991993],[-66.1249957454428,-17.38107801698469],[-66.12484526667924,-17.380874213865745],[-66.12465791655954,-17.38065886313446],[-66.12457625049676,-17.380565040877816],[-66.12453888923065,-17.380521636364854],[-66.1245336383361,-17.380515536034707],[-66.12452729753433,-17.380508170278254],[-66.1244445323307,-17.380412117139983],[-66.12438745592918,-17.380345876646846],[-66.12423718453381,-17.38026126949904],[-66.1241891309102,-17.380233816418887],[-66.12416745807994,-17.380221434919147],[-66.12371971118748,-17.380112703407523],[-66.1235891471947,-17.38008099732468],[-66.12349616525371,-17.380091486313948],[-66.1233810436077,-17.38010454570116],[-66.12322848358278,-17.380106229664072],[-66.12308199845617,-17.38004416048087],[-66.12294208709507,-17.379958618220275],[-66.12244462582332,-17.37977139297435],[-66.12223059444062,-17.379668889260877],[-66.1212706728211,-17.379816589420233],[-66.12037737930721,-17.379840996406575],[-66.11973621615981,-17.3797446980664],[-66.11689669964379,-17.378602885392326],[-66.11648860581211,-17.37843879292842],[-66.1158421498725,-17.378038646914916],[-66.11514558689653,-17.37760751998098],[-66.11490793753183,-17.377392428312906],[-66.11472585443282,-17.377232686406913],[-66.11424227370578,-17.376808425074355],[-66.11368429567807,-17.376380117308802],[-66.11364731024574,-17.376351952485916],[-66.11323807176569,-17.375859058317957],[-66.11315222376821,-17.375726615002225],[-66.11272163595864,-17.374982569319588],[-66.11251319295312,-17.374596513860148],[-66.111847511288,-17.373792992170554],[-66.1104135323775,-17.3720626485057],[-66.11033381610613,-17.371533702050783],[-66.11026079802559,-17.371051557805554],[-66.10869771567599,-17.368131110775906],[-66.10864417670872,-17.368031460437166],[-66.10755082896567,-17.366812096481567],[-66.1074535088536,-17.366703558751148],[-66.10683388232313,-17.365820399770367],[-66.10680401047512,-17.365777822796815],[-66.10673356578381,-17.36567741709339],[-66.106732749977,-17.3656762548935],[-66.10672999357317,-17.36567232497508],[-66.1067262079664,-17.365666929979852],[-66.10672077789698,-17.3656591905333],[-66.10672046335806,-17.365658741716278],[-66.10672042381276,-17.365658685159364],[-66.10671935416694,-17.365657160803746],[-66.10671902766192,-17.36565669555994],[-66.10671901203466,-17.365656672759346],[-66.1067238181347,-17.365649481606027],[-66.1067242755478,-17.365648796557778],[-66.10676927724622,-17.365581461191983],[-66.10677457957203,-17.36554543368765],[-66.10678611991435,-17.365467028105883],[-66.10679856691506,-17.365333117509845],[-66.10694168676314,-17.365380790498556],[-66.10699879069044,-17.365277324673183],[-66.10695428823591,-17.365117306048084],[-66.10704708264109,-17.36504641254022],[-66.10719092979532,-17.365107640402293],[-66.10730500017286,-17.36526866653056],[-66.1075044377056,-17.36556231094313],[-66.10758942420854,-17.365749101902843],[-66.10775405776943,-17.365953751146684],[-66.10790585879435,-17.366077398699474],[-66.10807818878453,-17.366241074078285],[-66.1082174995168,-17.366381697026362],[-66.1083537374598,-17.366478481374177],[-66.10843918360852,-17.366516288738936],[-66.10843276350349,-17.36647601362625],[-66.10836039157199,-17.366414015362515],[-66.10828025554008,-17.366337457148976],[-66.10823902093863,-17.366178840407496],[-66.10834924068469,-17.36607614316055],[-66.10837619214385,-17.36600655318456],[-66.10832489255993,-17.36592002833554],[-66.10823814993094,-17.365874978430405],[-66.10818332389061,-17.365773503498165],[-66.10821419877723,-17.365693586196187],[-66.10823884231078,-17.36571109941782],[-66.10825587748546,-17.365793967801718],[-66.10837637660188,-17.365815126218564],[-66.10846569394226,-17.365815967806444],[-66.10853884519005,-17.36591815945887],[-66.10855881657221,-17.36602364459564],[-66.10858557896799,-17.36608588547897],[-66.10857705418518,-17.3661796709589],[-66.10862424392117,-17.366258461024216],[-66.10866340967794,-17.36627934483539],[-66.10866432852981,-17.36628071259229],[-66.10880472394585,-17.36635227367246],[-66.10893414977555,-17.36631396498777],[-66.10906968607154,-17.36618589910015],[-66.1092264316276,-17.36614437375111],[-66.10931254460736,-17.36609776264672],[-66.1093748553413,-17.366063900092428],[-66.10938494782835,-17.36590015698592],[-66.10945250273636,-17.365759819749833],[-66.10966510840767,-17.36566402117433],[-66.11004935627832,-17.36550614346199],[-66.11044077131787,-17.365460788539924],[-66.11063445478749,-17.36546223598832],[-66.11061906235018,-17.365364492400566],[-66.11065399231421,-17.365325718431006],[-66.110808213535,-17.365415086055844],[-66.11096400672675,-17.365404246457516],[-66.11113776537881,-17.365357096217007],[-66.11124391835166,-17.36527375215466],[-66.11134867381769,-17.36509963912626],[-66.11141073919588,-17.3649194908172],[-66.11144635133213,-17.364867181957795],[-66.11147925647163,-17.364897546186636],[-66.11148851612889,-17.36511656052807],[-66.1115263615127,-17.365269619809993],[-66.11154371234365,-17.36549434958995],[-66.11158866952658,-17.365673607613573],[-66.1116708723163,-17.365750375125913],[-66.11180720117393,-17.365811491205438],[-66.11195894413336,-17.365819103231022],[-66.11223044330988,-17.365778360556767],[-66.11226904038587,-17.365772568892584],[-66.11276163611052,-17.365601172474705],[-66.11298753266752,-17.365557212273792],[-66.11325684291039,-17.36553311258613],[-66.1133863242681,-17.365491189710887],[-66.11347216742811,-17.36545764326181],[-66.11350553510536,-17.365444603452033],[-66.11362165676117,-17.365415128967953],[-66.11369974890718,-17.365472241813638],[-66.11395691161977,-17.365473248873435],[-66.11425048760735,-17.365496814258993],[-66.1145005898795,-17.36537229551841],[-66.11476538388673,-17.36521629424499],[-66.11506084436276,-17.36499346389324],[-66.11545761315891,-17.364816341807742],[-66.11567300407171,-17.36469258424274],[-66.11581709138609,-17.364528517433058],[-66.1158491227571,-17.364428569120545],[-66.11587047933662,-17.364361786444185],[-66.11597072751303,-17.36417496358388],[-66.11618621561585,-17.363864742325013],[-66.11627484140512,-17.363723532284112],[-66.11632728794437,-17.363586856565234],[-66.11634309577292,-17.363436016985187],[-66.11632665972559,-17.363332659928098],[-66.11629864716421,-17.36326001751194],[-66.1163629872693,-17.36320451034707],[-66.11644138274896,-17.36312211678341],[-66.11653550139468,-17.36296635763007],[-66.11662965229856,-17.362898638997173],[-66.11665268162788,-17.362760996724695],[-66.11674034955824,-17.362734992219686],[-66.11674385627103,-17.36283536343285],[-66.11672987164495,-17.36295986252802],[-66.11662398509769,-17.363140554657537],[-66.11662957373002,-17.363294141175313],[-66.11665026051774,-17.363444333721905],[-66.1167078158367,-17.36352191741209],[-66.11671958208986,-17.363641280029093],[-66.11671219339007,-17.36384298842851],[-66.11682033413983,-17.36390279126323],[-66.11693814448964,-17.36394557707298],[-66.11702204422691,-17.364022186477317],[-66.11705915443899,-17.364114374125236],[-66.11715343459426,-17.364218674072315],[-66.11726771793488,-17.364246509717226],[-66.1174907950229,-17.364202322747694],[-66.11776843357697,-17.364156665359015],[-66.11788653634045,-17.36409064622645],[-66.11800623815823,-17.364042619314297],[-66.11820617119407,-17.36398717154743],[-66.11857818906005,-17.363817089863854],[-66.11885437336497,-17.363714070827132],[-66.11912657814771,-17.363624990118982],[-66.11945603451755,-17.363572853692343],[-66.11965989492913,-17.363524775088372],[-66.11977641580486,-17.363559865371737],[-66.1199423417111,-17.363592507493312],[-66.12015007819132,-17.363507010675765],[-66.12031545762892,-17.363454313190473],[-66.12034048445078,-17.36335715234828],[-66.12037324267281,-17.36333685608429],[-66.12050259784345,-17.363423149222264],[-66.12056801012388,-17.363449375515522],[-66.12063604445281,-17.363337935408357],[-66.12066257296522,-17.363234926787154],[-66.12075587618415,-17.363221372498174],[-66.12087480831421,-17.363282683269006],[-66.12092535267851,-17.363327657699898],[-66.1210031839179,-17.363341421146984],[-66.12117593835703,-17.36326806067734],[-66.1213104991169,-17.363111527095366],[-66.12135291219246,-17.363075116165714],[-66.12169790246766,-17.36308189328915],[-66.12183370286782,-17.363116808686858],[-66.12197269281583,-17.36309804269527],[-66.1220484157913,-17.363156472824677],[-66.12214228332323,-17.36301650890656],[-66.12225131690353,-17.362898886396056],[-66.1222579871683,-17.36274276706612],[-66.122297690216,-17.36263904489684],[-66.1223395201362,-17.362609849149443],[-66.12238715978057,-17.362750497207912],[-66.12246482409493,-17.36283514154786],[-66.12251698578876,-17.362854855483373],[-66.12258027128564,-17.362878793043688],[-66.1227178299223,-17.36304195627],[-66.12275226371061,-17.36310701527924],[-66.12284580821893,-17.36324055884477],[-66.1229084955049,-17.363254645228547],[-66.1229723640534,-17.363271367248213],[-66.1231742569983,-17.363349222232277],[-66.1233847212955,-17.36335992845527],[-66.12367733451619,-17.363348791343345],[-66.12402826478632,-17.363306437602912],[-66.12421550551439,-17.363238700773096],[-66.12435458718359,-17.363214065044136],[-66.12447533672665,-17.363189165325227],[-66.12448928366132,-17.363185001080144],[-66.12454104781754,-17.36316954582978],[-66.12468884388194,-17.363125418033952],[-66.12480096021385,-17.363051181377],[-66.12491772063653,-17.36298062340869],[-66.12503894005324,-17.362955730079424],[-66.12512063460797,-17.36290272692996],[-66.12524356188115,-17.362828645565102],[-66.12526557365636,-17.362773880471924],[-66.12535873436484,-17.362679053576027],[-66.12544645342327,-17.362541256702972],[-66.12545994299393,-17.362339634461247],[-66.12548321167903,-17.362264570328836],[-66.12551695009815,-17.362151280126053],[-66.12548706248486,-17.362047910186263],[-66.12550487360903,-17.361961028755434],[-66.12556940262012,-17.36198362879807],[-66.12567120294355,-17.362058235036656],[-66.12575992641375,-17.36212723519894],[-66.12584481564359,-17.362140646791275],[-66.12590242957299,-17.36212431903554],[-66.12600384985828,-17.362102752101553],[-66.12600992532211,-17.362105096960164],[-66.126012099533,-17.36211641551188],[-66.12599135211283,-17.362150430338772],[-66.12594821824145,-17.3621728358231],[-66.12592124745095,-17.36221398495978],[-66.12597890362903,-17.36231549691469],[-66.12620805866902,-17.362423990961997],[-66.12640010627823,-17.36256039493745],[-66.12662002243181,-17.362537823266024],[-66.12676346655552,-17.362655468194788],[-66.1268719860778,-17.36278164056512],[-66.1270012287554,-17.362935651899843],[-66.12727042141793,-17.363123912294913],[-66.12731001425976,-17.36320195757447],[-66.12733345709907,-17.363248346809506],[-66.12744836879874,-17.36323600304193],[-66.1275118935705,-17.36329290144629],[-66.12755965008037,-17.363426326628943],[-66.12756375938751,-17.363464310994072],[-66.1276941433324,-17.363545196814997],[-66.12778873272856,-17.36363008280843],[-66.12799491976465,-17.36376443140474],[-66.12827910013169,-17.36378161030099],[-66.12851519266285,-17.363837377314262],[-66.12883322581884,-17.36382434063433],[-66.12909519942423,-17.363727874741272],[-66.12924364733594,-17.363705627630175],[-66.12938382742512,-17.363761369698334],[-66.1295468624311,-17.363708179037026],[-66.12966918405552,-17.363672914390467],[-66.12974512115575,-17.363717800260737],[-66.12991378740479,-17.363725641631174],[-66.13012332282364,-17.363675376044014],[-66.13036055639287,-17.3636277655867],[-66.13050615371445,-17.363504793762786],[-66.13073942008097,-17.363422090011674],[-66.1309793454297,-17.36317143609181],[-66.13110565784937,-17.36315762853974],[-66.13122014788736,-17.36312405634614],[-66.13131882680949,-17.36305513090138],[-66.13140097161659,-17.36300935528708],[-66.1315110199839,-17.362995313906037],[-66.13160544663593,-17.362945831719685],[-66.13173194164955,-17.362920287553372],[-66.13183059342839,-17.362859127099906],[-66.13197706293327,-17.362861230018563],[-66.13219760691109,-17.362840647723452],[-66.13230748009101,-17.362584151653923],[-66.13241056937454,-17.362654709916526],[-66.1324582056278,-17.36268735941869],[-66.13256793761786,-17.36263322029387],[-66.13272163230987,-17.362551719533432],[-66.13291513279677,-17.3624743115802],[-66.13319149296233,-17.362202415346022],[-66.1332881034567,-17.362006499161136],[-66.13337373174122,-17.361942261362604],[-66.13344963737784,-17.361807902540942],[-66.1335273242704,-17.361710140195953],[-66.1337190089232,-17.36165871126145],[-66.134075703463,-17.361608294879368],[-66.13431957833151,-17.36152646096103],[-66.13443145220502,-17.361437315453276],[-66.13457742157334,-17.3614231553638],[-66.13483475268156,-17.36129230092559],[-66.13499186463334,-17.361075579565387],[-66.13505782743054,-17.36094559227038],[-66.13506974742964,-17.36075616375591],[-66.13507328204759,-17.360699988099142],[-66.13507843508135,-17.360618103205237],[-66.1350569931728,-17.36048609224649],[-66.13505381975672,-17.360466551232822],[-66.13504411257928,-17.360406766977945],[-66.13506700282873,-17.36039901167253],[-66.13512209910135,-17.36038034956648],[-66.13516288811482,-17.360402654022753],[-66.13519668602743,-17.360421141527564],[-66.1352484612741,-17.360508119282102],[-66.13540882572833,-17.360565952435625],[-66.13552149047482,-17.360637549388148],[-66.13551786979178,-17.36074946800304],[-66.13553848144339,-17.360845028773856],[-66.13568174221263,-17.36085385516452],[-66.13577371088806,-17.36092605827698],[-66.13591053145892,-17.36089551218848],[-66.13602219622419,-17.360952827355685],[-66.13609676478187,-17.360995072583222],[-66.13615520001781,-17.361040788773664],[-66.13618568606664,-17.361075810242056],[-66.13623088690122,-17.361113932199125],[-66.13630487608631,-17.36115111232206],[-66.13638587264315,-17.36115489198398],[-66.13649461220419,-17.36114633711849],[-66.13659040214218,-17.361166311633884],[-66.13660300940755,-17.36117191026192],[-66.13661937991299,-17.361183432253263],[-66.13662961586469,-17.361190351376152],[-66.13664540266247,-17.36119707915903],[-66.13665967546386,-17.36119836730872],[-66.13667150117911,-17.36119980098287],[-66.13670261875353,-17.361206296991533],[-66.13673758655828,-17.361207069048152],[-66.13674513689202,-17.361211331007905],[-66.13675318814721,-17.361213613571007],[-66.13675833488922,-17.361215222414547],[-66.13677588544475,-17.36121737022247],[-66.13679308802607,-17.361223757089753],[-66.13680394697967,-17.361226892580024],[-66.13682191146214,-17.361226608246234],[-66.13683576332033,-17.361224729889685],[-66.13685334334176,-17.361224981836507],[-66.13689267354387,-17.36122942834151],[-66.13691694797627,-17.361228512036956],[-66.13695480627739,-17.361230860561303],[-66.13698344871382,-17.361233257606457],[-66.1369968768297,-17.361234443328783],[-66.13701100372138,-17.36123907042251],[-66.13703562054583,-17.361246376210822],[-66.13706065411658,-17.361257119327018],[-66.13707856108664,-17.36126053640154],[-66.13710437478927,-17.36126343468701],[-66.13712514978465,-17.36126382269372],[-66.13713615032223,-17.361261054646857],[-66.13714450197276,-17.36125895297249],[-66.13715966717996,-17.36125727401133],[-66.13717524069591,-17.3612535240249],[-66.13718742701512,-17.361249906097413],[-66.13720508564522,-17.36125720245562],[-66.13720766026674,-17.361257503021857],[-66.1372245150305,-17.361259467447077],[-66.13724732039071,-17.361262322606088],[-66.13726205624847,-17.36126406884374],[-66.13728367594187,-17.361264559236865],[-66.1373046179207,-17.36126630410153],[-66.13732332608377,-17.361266572172752],[-66.13734268528383,-17.361261251037433],[-66.13736587788733,-17.361257339312264],[-66.13739034593573,-17.361250014500378],[-66.13740421603177,-17.361246962478965],[-66.13741258016549,-17.361241212894857],[-66.13744044531306,-17.361251274147158],[-66.13744844345422,-17.36129328745343],[-66.13749169273531,-17.361305736304622],[-66.13754985459583,-17.36130250620106],[-66.13759135695605,-17.36131240163156],[-66.13761809249056,-17.361304386887877],[-66.13762076263265,-17.361295937043767],[-66.13766706786176,-17.36128720939003],[-66.13766928603525,-17.3612533790649],[-66.13763961617971,-17.361202115666313],[-66.13763997524866,-17.36117900428039],[-66.13767232048176,-17.36116095641649],[-66.13771670922198,-17.36119084923985],[-66.13776245632533,-17.361236202637468],[-66.13780133599782,-17.361215178205498],[-66.13781961028333,-17.36117074202889],[-66.13781837114456,-17.36114760774289],[-66.13781894477535,-17.361110683686704],[-66.1378426831905,-17.3611079536081],[-66.13784972405595,-17.361090536479303],[-66.13785468569971,-17.36108348116714],[-66.13785626265182,-17.361081239060994],[-66.1378647207769,-17.361075490801483],[-66.13787673308015,-17.36107096734576],[-66.13788488388258,-17.36106079003327],[-66.13789730167973,-17.361054376106985],[-66.13790290016382,-17.361045065218565],[-66.13790815014589,-17.361035489276265],[-66.1379093840136,-17.36103323864257],[-66.13790843825026,-17.361027536258774],[-66.13790749248697,-17.36102183387498],[-66.13790472826192,-17.361018182316187],[-66.13789961928653,-17.361002035909316],[-66.13789465910942,-17.360994470035774],[-66.1378962249453,-17.360984469282794],[-66.13790280140103,-17.360972734332375],[-66.13790938486812,-17.360960547987233],[-66.13791184733398,-17.360953359346944],[-66.1379142508503,-17.360943912387928],[-66.13791396175965,-17.360938309710523],[-66.13792246054714,-17.360929943359864],[-66.13793134514718,-17.360914900412165],[-66.13793891925226,-17.360905527525116],[-66.1379428198311,-17.36088445344495],[-66.13793846149007,-17.360862358060356],[-66.13793108784213,-17.36084672100513],[-66.13791913572,-17.360829212380374],[-66.13791038561979,-17.360817438461613],[-66.13789896390651,-17.360802104609835],[-66.13789174887971,-17.360794416135242],[-66.13788394866069,-17.36077597370015],[-66.13787683045102,-17.360768106014287],[-66.13787336458728,-17.360755143610536],[-66.13787212837842,-17.360749978859673],[-66.13788277822887,-17.360748415748088],[-66.13789158297385,-17.360750618759845],[-66.13789886391432,-17.360754064127054],[-66.13791703746962,-17.360758478229535],[-66.13792734778875,-17.36076061250927],[-66.13793680635469,-17.360757045751548],[-66.1379455535535,-17.360756900163455],[-66.13795507527641,-17.3607553208869],[-66.13796141606332,-17.360752702752755],[-66.13796719554207,-17.36074384594836],[-66.13797086045722,-17.360731888686654],[-66.13797524379912,-17.360722108891895],[-66.13797804709196,-17.36069903251324],[-66.13800821183429,-17.360694227291432],[-66.13803603898266,-17.360694625919283],[-66.13806281523864,-17.360702143108554],[-66.13808946803734,-17.360711554804578],[-66.13810868693189,-17.360715261472066],[-66.13813160870377,-17.360716673406568],[-66.13815171296132,-17.360717864381023],[-66.1381741786486,-17.360712316755674],[-66.13819796755227,-17.360712386618896],[-66.13821524868638,-17.36071371774569],[-66.1382403958667,-17.360717148122678],[-66.13827062938147,-17.360713969227533],[-66.13829617217829,-17.36071009104595],[-66.1383168348333,-17.36070560116549],[-66.13833670613987,-17.36070362831969],[-66.13835796370662,-17.360697160378052],[-66.13838094291053,-17.360688820814563],[-66.13840640138103,-17.360672209251153],[-66.13842793817032,-17.36066592589857],[-66.13845647240976,-17.36065712409653],[-66.13849770516256,-17.36065410270615],[-66.13853675597237,-17.360646264208633],[-66.13855213579392,-17.36064287252554],[-66.13856758438773,-17.36064110720837],[-66.1385891759223,-17.36063735299355],[-66.13861088670464,-17.36063197510191],[-66.13863252170243,-17.360625422235135],[-66.13865403745115,-17.360620493040226],[-66.13867625621229,-17.3606187343769],[-66.13869620329523,-17.360617936465953],[-66.13871898752235,-17.360616095597177],[-66.1387390594607,-17.360613312891502],[-66.13876041810562,-17.36061244489065],[-66.1387806388088,-17.36061219268387],[-66.13880357320338,-17.360612792029514],[-66.13882312181275,-17.360613433183534],[-66.1388441731912,-17.360614186155786],[-66.13886418204108,-17.36061546599012],[-66.13888438311875,-17.360616477678224],[-66.13890395275924,-17.360615764640073],[-66.13892672296846,-17.360614826536807],[-66.13894762558175,-17.360613048994782],[-66.13897011656302,-17.36061192628973],[-66.13899260474062,-17.360610984140035],[-66.1390113451084,-17.36060917562734],[-66.13903128939042,-17.36060855824046],[-66.13905163783802,-17.360612190694198],[-66.13907457793188,-17.36061847893015],[-66.13909416448365,-17.360622732562902],[-66.13911676078058,-17.360626938993207],[-66.1391355742218,-17.360632536037215],[-66.13915371557124,-17.36063902644612],[-66.13917157489009,-17.360645512815058],[-66.13919187708707,-17.36065212446179],[-66.13921382653089,-17.36065559922694],[-66.1392333891705,-17.360655337551826],[-66.13925610042264,-17.36065214109069],[-66.13927636178872,-17.360649270743636],[-66.13929742719826,-17.36064912087906],[-66.1393164089531,-17.36064993446686],[-66.13933842147928,-17.360649346664054],[-66.13935656265025,-17.360643736978687],[-66.13937725902615,-17.360643130326277],[-66.13939792606288,-17.36065046956935],[-66.13941825069935,-17.360655636730367],[-66.13944004577083,-17.360656942083253],[-66.13946109856879,-17.360657604712507],[-66.13948471348552,-17.36065676893923],[-66.13950499307373,-17.360652724941442],[-66.13952878900372,-17.360652343249885],[-66.13954954295119,-17.36065408517985],[-66.13957433515654,-17.36065615582205],[-66.13959315412502,-17.360655341669645],[-66.13961294263471,-17.36065264511583],[-66.13963170263229,-17.36064957263841],[-66.13965366179805,-17.360646365363255],[-66.13967233198886,-17.36064302069881],[-66.13969249233558,-17.360640600357545],[-66.13971473773715,-17.360637126276067],[-66.13973868794554,-17.360632863907064],[-66.13976013349973,-17.360626398499328],[-66.13977901833843,-17.36062134121462],[-66.13979741350153,-17.36061754110497],[-66.1398164835573,-17.36061266706623],[-66.1398370179289,-17.36060596014825],[-66.13983793751656,-17.36060565997519],[-66.13985637752495,-17.360598970930663],[-66.13987699379386,-17.360591410048134],[-66.13989495253458,-17.36058543650273],[-66.13991688635265,-17.360577804178146],[-66.13993512712342,-17.360571834666175],[-66.13995572376722,-17.360565537681136],[-66.13998014542011,-17.360561191730866],[-66.1400016583453,-17.36055644294227],[-66.1400253447276,-17.36055100287137],[-66.14004411732627,-17.360547117841175],[-66.14006638233502,-17.36054237981114],[-66.14008957904213,-17.36053819691007],[-66.14011035108857,-17.360532715110647],[-66.1401332179954,-17.360525547612486],[-66.1401517281771,-17.360520394627525],[-66.14016951289726,-17.360513515573057],[-66.14018669559354,-17.360503015934654],[-66.14020737502513,-17.360497442499362],[-66.14022967505849,-17.360490447473012],[-66.14025046811656,-17.36048361147162],[-66.14027171721432,-17.360477684986684],[-66.14029233766239,-17.360469853219445],[-66.1403109572605,-17.360463708494077],[-66.14032893559748,-17.36045647099864],[-66.140347647803,-17.360450417894146],[-66.14036635720508,-17.360444545345857],[-66.14038610072394,-17.360438687597078],[-66.14040396963262,-17.360432441818325],[-66.14042619666078,-17.36042409123596],[-66.14044559075589,-17.36041651279589],[-66.14046306527048,-17.360405385213042],[-66.1404682452677,-17.360386677132258],[-66.14048070905571,-17.360371233770977],[-66.14049974278166,-17.36037475696084],[-66.14052174968727,-17.36037453013839],[-66.14054143701537,-17.36036623349147],[-66.1405595751994,-17.360354754200735],[-66.1405794897763,-17.36034393242592],[-66.14059689968934,-17.360330907622632],[-66.14061413699059,-17.360316887056467],[-66.14063069099541,-17.360304482093916],[-66.14064765186406,-17.360290096371305],[-66.14066923494343,-17.360286883593556],[-66.14068958047255,-17.360284646392863],[-66.14070874589405,-17.360279683326468],[-66.14072744111941,-17.360268663485638],[-66.14075096325148,-17.360261685884254],[-66.14076917861276,-17.3602512912656],[-66.14078334436581,-17.360235240143417],[-66.14080372911708,-17.360230475114946],[-66.14081930575186,-17.360244694399302],[-66.14083864532506,-17.360246686847077],[-66.14085741648572,-17.360242892012284],[-66.14087901917262,-17.360238415302835],[-66.14089957793523,-17.360234555746114],[-66.14091901417336,-17.360230318926842],[-66.14094222624647,-17.36022514284754],[-66.140962522588,-17.36022001534028],[-66.14098450971926,-17.36021500232507],[-66.14100433600598,-17.36020986808677],[-66.14102668516942,-17.360205763238962],[-66.14104763678048,-17.36020082569748],[-66.14106842838643,-17.360194079880507],[-66.14108604184067,-17.360186114694375],[-66.14110614875398,-17.360181074759915],[-66.14112466168824,-17.360175741117153],[-66.14114696726537,-17.360168384860668],[-66.14116567662377,-17.360162512229305],[-66.14118525869182,-17.36015493639902],[-66.14120325938732,-17.360146254348834],[-66.14122303787843,-17.36013813952984],[-66.14124123919898,-17.36012864765372],[-66.14126140633614,-17.360119725698702],[-66.14127939722027,-17.36011167559462],[-66.1412965672207,-17.36010198835778],[-66.14131668376464,-17.36009026639749],[-66.14133347491764,-17.3600807543347],[-66.14135069393733,-17.360067907321906],[-66.14135935222454,-17.360049248971535],[-66.1413605008694,-17.360029760779685],[-66.1413600401286,-17.3600109719544],[-66.14137711050238,-17.360001644480082],[-66.14139937996555,-17.36000873554636],[-66.14141803484304,-17.36001243382381],[-66.14144062959474,-17.3600106802181],[-66.14145983979826,-17.360002828139013],[-66.1414775654402,-17.35999369062889],[-66.14149415718246,-17.359978848044005],[-66.14151053849116,-17.35996544723397],[-66.14152643994056,-17.359952671651374],[-66.14154389754923,-17.359942627307383],[-66.14156240187732,-17.359931785243937],[-66.14158263357947,-17.359924760458497],[-66.14159909908403,-17.3599119929387],[-66.14159950713021,-17.359911450660242],[-66.14161234844745,-17.359894393546934],[-66.14162592483106,-17.359879959304983],[-66.14162980254986,-17.359860329552426],[-66.14162608222368,-17.359839507508077],[-66.14161905784955,-17.35982691502059],[-66.14161592716843,-17.359821302381913],[-66.14160654100542,-17.35980202466507],[-66.14160217422706,-17.359790990837013],[-66.14159884983363,-17.359782590599078],[-66.14159169891649,-17.359764699348812],[-66.14158983079274,-17.35974570978739],[-66.14158507775721,-17.35972478266929],[-66.14157671030952,-17.35970651281765],[-66.14156608381217,-17.359688391244855],[-66.14156205625243,-17.35966919019082],[-66.14155510036531,-17.359650850234313],[-66.14154577041008,-17.35963401139922],[-66.1415363450454,-17.359617261498116],[-66.14152691267941,-17.35960096299266],[-66.14151310961932,-17.35958758183012],[-66.14150424692112,-17.359570930277325],[-66.1414999149283,-17.359553169654937],[-66.14149020754013,-17.359536415717777],[-66.1415054256662,-17.359525255741246],[-66.14152676461019,-17.359525651332092],[-66.14154756470268,-17.35952441382568],[-66.14156716787076,-17.359521533807374],[-66.14158859925092,-17.35951597096577],[-66.14160862065026,-17.359516437997588],[-66.14165354096016,-17.359524214274877],[-66.14169509353091,-17.35952480872549],[-66.14176499815436,-17.359485896502353],[-66.1418079959565,-17.359393322797313],[-66.14180064812136,-17.35926688906106],[-66.14179706690362,-17.359206788842457],[-66.14193006706785,-17.358900781809105],[-66.1419407981265,-17.35887609218098],[-66.14197056317394,-17.358794460310584],[-66.14199874113213,-17.358717181631906],[-66.1419889556284,-17.358450839478987],[-66.14199060791597,-17.358344309998504],[-66.14204813758185,-17.358212031768677],[-66.1421050482811,-17.358119656929382],[-66.14216998150893,-17.35807736841971],[-66.14224506342399,-17.358028470646833],[-66.14226599968538,-17.358017411332078],[-66.14232745081395,-17.35798495079792],[-66.14234290598382,-17.35797668369922],[-66.14234325095211,-17.357954438891383],[-66.1423433189937,-17.3579500513197],[-66.14232981858508,-17.357923219957136],[-66.1422882663521,-17.35792262569148],[-66.14228909238417,-17.35786936093463],[-66.14231729664897,-17.35786967400274],[-66.14234454023432,-17.357883427919873],[-66.14235728113762,-17.357910060596925],[-66.14235730252182,-17.357910076253624],[-66.14236721336178,-17.357910619824075],[-66.14236834640325,-17.357910682080735],[-66.14237053553835,-17.357910796463635],[-66.14237059695257,-17.3579107774761],[-66.14237072387742,-17.357910717887787],[-66.14237934351335,-17.357906663915312],[-66.14238039871807,-17.357906167009197],[-66.14238927315739,-17.357901992970238],[-66.14238946828712,-17.357901900946597],[-66.14239564033298,-17.35789899759926],[-66.14239867151531,-17.35789756545857],[-66.14239833072189,-17.35789710637945],[-66.14235879042825,-17.357843719437376],[-66.14235899623044,-17.357830448386892],[-66.14238349813768,-17.35784515638074],[-66.14239771520795,-17.35786215536774],[-66.14241249192808,-17.35787338320372],[-66.14242714999841,-17.357861944222424],[-66.1424465663661,-17.357858971121125],[-66.14245853981394,-17.357875125325226],[-66.14244587715575,-17.357891288407913],[-66.1424417189677,-17.35791082388605],[-66.14245789463851,-17.35792279412013],[-66.1424778976817,-17.357924434670075],[-66.14250006714612,-17.35792583530154],[-66.1425209372762,-17.35792613375789],[-66.14254032005236,-17.35792532735071],[-66.14256053050131,-17.35791965661602],[-66.1425792087975,-17.357915769954705],[-66.1426008786014,-17.357913009662177],[-66.14262040018323,-17.357909315654506],[-66.14264174994334,-17.35790293880889],[-66.14266572497155,-17.35789705099821],[-66.14268528994701,-17.357890558326073],[-66.1427007000818,-17.357879130076892],[-66.14271171814144,-17.357859873281633],[-66.14271176507589,-17.357838653617286],[-66.14270922195776,-17.357820737990384],[-66.14271039280682,-17.35779980529538],[-66.14270503220231,-17.35778166878108],[-66.14271571643164,-17.357765748285114],[-66.14273048248481,-17.357753407828834],[-66.14274471107545,-17.35773934399907],[-66.1427578745412,-17.357721201468813],[-66.14276447273689,-17.35770197176689],[-66.14276378718361,-17.357679477437213],[-66.14275675540166,-17.357659962537856],[-66.14274516777233,-17.357643181771614],[-66.14274420019214,-17.357620683409348],[-66.14274285959598,-17.357604049167946],[-66.14273384102145,-17.357585318552452],[-66.14272507368095,-17.3575685781139],[-66.14270231831435,-17.35754432341163],[-66.14270348400107,-17.357535851945922],[-66.14272439630719,-17.357539492052428],[-66.14274522160406,-17.35754267941616],[-66.1427643363117,-17.357540966155433],[-66.14278464676995,-17.357547035731237],[-66.14280174433654,-17.357560193009622],[-66.14282005120539,-17.357568130218556],[-66.14284082191818,-17.357574838465542],[-66.14285965902704,-17.357578900382613],[-66.1428817948662,-17.35758246766919],[-66.14290166165445,-17.357580765149304],[-66.14292202905526,-17.35757103314625],[-66.14294001822388,-17.357563073122652],[-66.14295741371116,-17.357550950840054],[-66.14297034153343,-17.357535875098517],[-66.14298360456971,-17.35751737277456],[-66.14299455678982,-17.35750235908303],[-66.14300894373488,-17.357484143724193],[-66.14302424417751,-17.357467657112007],[-66.14303513877259,-17.357450294811027],[-66.14304341509903,-17.35743199208092],[-66.14305610006694,-17.357414384478272],[-66.14306938571306,-17.35740048773505],[-66.14308325080918,-17.357385605982675],[-66.14309591897441,-17.357369081728205],[-66.14311508288785,-17.357370258713015],[-66.14313788937393,-17.357373022862898],[-66.14315809299006,-17.357373853511064],[-66.14317735931216,-17.357374490158133],[-66.14319819020444,-17.357377316355738],[-66.1432181820111,-17.357379679058415],[-66.14323734732783,-17.357380765752424],[-66.14325948151769,-17.357378373214924],[-66.143281248067,-17.35737543362291],[-66.14330040194659,-17.357371192486188],[-66.1433183672918,-17.357364767171767],[-66.14333381093373,-17.357351172156857],[-66.14334837185876,-17.357333862247952],[-66.14335854652937,-17.35731441274699],[-66.14336347906594,-17.357293443514617],[-66.14336645419874,-17.35727136270697],[-66.14336729814916,-17.35725331490267],[-66.14336678094085,-17.35723208716227],[-66.14336687561494,-17.357213848047657],[-66.14336223039408,-17.357192019497717],[-66.14334782244815,-17.35717519844375],[-66.143336118382,-17.35715986083315],[-66.143330662313,-17.35714181326371],[-66.1433279367116,-17.357123533830894],[-66.14332769313671,-17.35710285179875],[-66.14332639586726,-17.357083418893843],[-66.14332987767393,-17.35706504760309],[-66.14333861000098,-17.357047654366397],[-66.14335146473671,-17.35703122305566],[-66.14335999224791,-17.357014910481674],[-66.14337209770454,-17.356998287858826],[-66.14339004596965,-17.35698689582419],[-66.14340461969807,-17.35697482345156],[-66.14342124063526,-17.356964134833543],[-66.14344214960809,-17.356955855295762],[-66.14346079676154,-17.356947904619847],[-66.14347959694722,-17.356942213613486],[-66.14350031115129,-17.356940432838414],[-66.14352191506978,-17.356941915556387],[-66.1435386111726,-17.35695064236411],[-66.14354815023688,-17.35696612961408],[-66.14356597445368,-17.356974872546065],[-66.14358498250309,-17.35697397036726],[-66.14360368422835,-17.356962498782288],[-66.14361538004063,-17.35694803747032],[-66.14362588591591,-17.356931482262638],[-66.14364422864506,-17.356924972006478],[-66.14364766857098,-17.35694569973263],[-66.14364820120865,-17.35696593440448],[-66.14364584614752,-17.35698441211079],[-66.14363777471448,-17.35700163421359],[-66.14363307781657,-17.35701953664828],[-66.1436247777814,-17.357039374164003],[-66.14361186963805,-17.357053186050543],[-66.14359482203398,-17.35706106930554],[-66.14357203656094,-17.357056951022106],[-66.14355102912045,-17.357059450006105],[-66.14353135205396,-17.35706711506883],[-66.1435114967633,-17.35707414548617],[-66.14349222511838,-17.357079920053625],[-66.14347282307874,-17.357088040538255],[-66.14346340610732,-17.35710713968275],[-66.14346873179548,-17.35712753316957],[-66.1434816918277,-17.357146771600174],[-66.1434968180248,-17.357159720041032],[-66.14350547882349,-17.357177271624018],[-66.14350234927737,-17.357197183044402],[-66.14349659306703,-17.35721669571855],[-66.14349169553377,-17.35723540797313],[-66.14348156426374,-17.357252058823903],[-66.14347198585237,-17.357269439972026],[-66.14346622543721,-17.357289223482407],[-66.14346480064641,-17.357308346577216],[-66.14346119264808,-17.357328792952323],[-66.14345515579852,-17.357348211312726],[-66.14344862091164,-17.357369428540064],[-66.14344585899386,-17.35738988700958],[-66.14344504048486,-17.357412359846855],[-66.14344557029445,-17.357432775074027],[-66.14344500557742,-17.357451007469848],[-66.14344375480488,-17.357471036045016],[-66.14344202558775,-17.357491599576537],[-66.14344377052153,-17.35751248367135],[-66.14344968825795,-17.357531079636065],[-66.14345451451337,-17.357553362270675],[-66.14344203577984,-17.357569798959023],[-66.14343283198225,-17.357587275756895],[-66.14342734937777,-17.357607334133366],[-66.14341636499357,-17.357624424277628],[-66.14340121735398,-17.3576371205346],[-66.14338752908097,-17.35765272723238],[-66.14337383800654,-17.357668514487536],[-66.14335859775042,-17.357681119116958],[-66.14333731520699,-17.357683162638814],[-66.14332467642502,-17.357697791042167],[-66.14333445554124,-17.357715990716382],[-66.14333460229811,-17.35773685196232],[-66.143320077722,-17.357751814602103],[-66.14330603858639,-17.35776579088789],[-66.1432947019342,-17.357781340897525],[-66.14329033762436,-17.357802047350372],[-66.14329775250513,-17.35782111621922],[-66.14330554902382,-17.35783982934675],[-66.14328622806795,-17.35784271359867],[-66.14326260226345,-17.357844272112338],[-66.14324427062623,-17.357850060082853],[-66.14322619886039,-17.357863346611577],[-66.14320905295602,-17.357871499313518],[-66.14318854229829,-17.357878339716553],[-66.14316835425728,-17.35788256604929],[-66.14314629162163,-17.35788640438066],[-66.14312730354378,-17.357898142709477],[-66.1431118920288,-17.357909661274558],[-66.14309673594734,-17.357922899177453],[-66.14308284701036,-17.357939315672585],[-66.14307250664328,-17.357957317991826],[-66.14306601787092,-17.35797555597863],[-66.14306159171113,-17.357994184653407],[-66.14305780822139,-17.358013815809368],[-66.14306997815413,-17.358029430998364],[-66.14309053991505,-17.35803749072944],[-66.14310822959925,-17.35804885046947],[-66.14311933743849,-17.358066256457224],[-66.14312618404946,-17.358085588104167],[-66.14312754450494,-17.358107008495626],[-66.14313753682877,-17.358123585839756],[-66.14315054446472,-17.35813975479871],[-66.14314729844385,-17.358161109328723],[-66.14314097249375,-17.35818097503355],[-66.14313602029748,-17.358203208161967],[-66.14313214419747,-17.358222747696065],[-66.14312443189,-17.35824105848946],[-66.143109258982,-17.358255379740783],[-66.14309577684867,-17.35826981546456],[-66.14308106978606,-17.358284414271694],[-66.14306684536766,-17.358298207284445],[-66.14305203589234,-17.358313346420392],[-66.14303842894638,-17.358329766939477],[-66.14303248741417,-17.358349096338898],[-66.14303293855114,-17.358368517142647],[-66.14303606558389,-17.358391226982704],[-66.1430406531556,-17.358410706930634],[-66.14304713072397,-17.358429581807115],[-66.14305565971463,-17.358449569607185],[-66.14306461933575,-17.35846604189095],[-66.14307415561532,-17.358481709725815],[-66.14308437399002,-17.358501902279148],[-66.14309173264722,-17.358518532270043],[-66.14310225125152,-17.358537555224476],[-66.143113562529,-17.358553970832006],[-66.14312637096943,-17.358570859342226],[-66.14313598867145,-17.35858734103352],[-66.14314546477537,-17.358606890876963],[-66.14315268884,-17.358626137622743],[-66.14315720061238,-17.35864444259508],[-66.14316115672338,-17.358662197826657],[-66.1431617566981,-17.358684149140693],[-66.14315236758266,-17.358701442664913],[-66.14314091024416,-17.35871870661687],[-66.1431280637482,-17.35873459621569],[-66.14311633417292,-17.35875122417789],[-66.1430982734987,-17.35876378844518],[-66.14308178439829,-17.358778090868526],[-66.14306920592563,-17.358794887287726],[-66.14305813581127,-17.35881143437518],[-66.14306102840744,-17.35883107068666],[-66.14307479515564,-17.358846799013055],[-66.1430886881104,-17.35886045225904],[-66.14310274949112,-17.358875372102986],[-66.1431156097383,-17.35888892028227],[-66.14312807155112,-17.358903907553163],[-66.14313928463912,-17.35892059265609],[-66.1431461368687,-17.358939563188663],[-66.14315282767377,-17.358956815725975],[-66.14316081082721,-17.35897562182986],[-66.14316641713252,-17.358996109636266],[-66.14317102012026,-17.359014596512004],[-66.14317492444536,-17.359035692078532],[-66.14317584283924,-17.359055300162712],[-66.14317766914176,-17.359076998112698],[-66.14318083538305,-17.359097180132824],[-66.14318399462606,-17.359117813549513],[-66.14318339345868,-17.359138393199366],[-66.14318978404451,-17.359156815335204],[-66.14320441931311,-17.359171111286],[-66.14323308474353,-17.35919021310433],[-66.14330879802861,-17.359189038150255],[-66.14333103764763,-17.35918592474656],[-66.14335045135854,-17.359183132134664],[-66.1433720315051,-17.359180099596834],[-66.14339176083729,-17.35917514430921],[-66.1434133605775,-17.35917084785611],[-66.14343305211891,-17.359168330105934],[-66.14345661627729,-17.359164693828376],[-66.1434779493803,-17.35915940026309],[-66.1434963653639,-17.359154245589206],[-66.14351668814442,-17.359147402486446],[-66.14353945379192,-17.359140684604874],[-66.14355891508234,-17.359134822474033],[-66.14358048798367,-17.35912619124924],[-66.14360012865265,-17.359114823418096],[-66.14363401501089,-17.35909435840639],[-66.14365390411683,-17.35908516130511],[-66.14367466870252,-17.35907408043068],[-66.14369365688704,-17.35906234206366],[-66.14371238682926,-17.359049064913744],[-66.14373104375035,-17.35903443222747],[-66.14375080220235,-17.359021530973482],[-66.14376861162613,-17.35900697646708],[-66.14378753797479,-17.35899316032005],[-66.1438046585345,-17.35898058254833],[-66.14381941764094,-17.358968693413154],[-66.14383231893119,-17.358955332929746],[-66.14384742163732,-17.35893947553153],[-66.14386312198702,-17.35892145949003],[-66.143876552095,-17.358904313988596],[-66.14388968337748,-17.358888247806796],[-66.14390360032347,-17.35887002566945],[-66.14391418912798,-17.358854194040447],[-66.14392358518427,-17.358836449074385],[-66.14393287183576,-17.358819695836875],[-66.14394271415043,-17.35880349233764],[-66.14395210320423,-17.358786198766232],[-66.14396357727095,-17.35876785140475],[-66.14397267169647,-17.358751366314817],[-66.1439829488143,-17.358731376453765],[-66.14398932953607,-17.35871403987891],[-66.1439977180516,-17.35869456481751],[-66.14400668741703,-17.358674014465425],[-66.14401395340435,-17.358654162160228],[-66.14402011645569,-17.358632668700793],[-66.1440275760565,-17.358612457964526],[-66.14403526731222,-17.35859550131661],[-66.14404017884308,-17.35857588625429],[-66.14404474091822,-17.35855455050852],[-66.14404917959769,-17.358535109285757],[-66.14405184048094,-17.358515100855804],[-66.14404831069493,-17.358494100946594],[-66.1440510362029,-17.358475989727268],[-66.14406051223955,-17.358459148886958],[-66.14406886435212,-17.358442021083313],[-66.14407453634803,-17.358421875092073],[-66.1440760593108,-17.35840248249227],[-66.14408524211689,-17.358386359853785],[-66.14409267511162,-17.358367864420494],[-66.14409685833367,-17.358346703855524],[-66.14410172341036,-17.358324017946437],[-66.14410633890081,-17.35830530164278],[-66.14411068215468,-17.35828594935211],[-66.14411390148608,-17.35826631009896],[-66.14411912020958,-17.358245074033597],[-66.14413081468453,-17.358230702978446],[-66.14414807559415,-17.358221197349227],[-66.1441673954573,-17.358224453360272],[-66.14418760731583,-17.358218692178987],[-66.1441913697089,-17.358200415175823],[-66.14419121866536,-17.358179824755247],[-66.1441861539245,-17.358160789495173],[-66.14418608010094,-17.358141283770994],[-66.14419071096614,-17.35812157438979],[-66.14419206407848,-17.358101005467013],[-66.14418905636117,-17.358082722001996],[-66.1441772441701,-17.358068285873532],[-66.14416528173827,-17.358051409513667],[-66.14416652824956,-17.35803165176222],[-66.14418706295791,-17.35802932656941],[-66.14420670400767,-17.358030058781512],[-66.1442270392345,-17.35802240306901],[-66.14423819760863,-17.358006218354348],[-66.14425027789004,-17.357991220706854],[-66.1442628645947,-17.357973882511697],[-66.14427190410973,-17.357954868230358],[-66.14428765496211,-17.357939652140644],[-66.14429973663381,-17.357924564209416],[-66.1443070531874,-17.357907511888474],[-66.1443134506281,-17.357889091940418],[-66.14432157242047,-17.357868619749297],[-66.144328532517,-17.357850298140946],[-66.14433345657666,-17.35782987054792],[-66.14434350779736,-17.35781231551044],[-66.14436049164772,-17.357820685178975],[-66.14437781154086,-17.35781343785104],[-66.1443963513121,-17.35781848867456],[-66.14441436787381,-17.357826963396892],[-66.14443481442295,-17.357830325778135],[-66.14445348990017,-17.357826619493018],[-66.14447080839255,-17.357819462435987],[-66.14448940636767,-17.35780862138585],[-66.14450783618616,-17.357802563799734],[-66.14452482200349,-17.357792602701334],[-66.14454625733191,-17.357786768660198],[-66.14456742042276,-17.35778029863027],[-66.14459232500822,-17.357759930803436],[-66.14460740810028,-17.357748362266797],[-66.14462498594408,-17.35773660362999],[-66.14463985149426,-17.35772390323887],[-66.14465667305991,-17.35771240468986],[-66.14467256851569,-17.357699989911076],[-66.14469160853976,-17.35769096114409],[-66.14470913461578,-17.357682542837573],[-66.14472743514906,-17.35767269080487],[-66.14474788560089,-17.357669732247896],[-66.14476073892185,-17.357683731725206],[-66.14477855068823,-17.357693287082007],[-66.14479570771714,-17.357684411996832],[-66.14480890066223,-17.35767042349892],[-66.1448231039319,-17.3576579845267],[-66.1448391748035,-17.35764638493389],[-66.14485815157936,-17.357635368657686],[-66.1448735867598,-17.357622315187285],[-66.14489002946763,-17.35761099180085],[-66.14490798332132,-17.357599238507408],[-66.14492370192299,-17.357586098782406],[-66.1449420625828,-17.357572364710002],[-66.14496004860024,-17.35755853498314],[-66.14497717733897,-17.35754541540108],[-66.14499383742606,-17.357532198821705],[-66.14500973704193,-17.357519513171844],[-66.14502627374257,-17.357508191114693],[-66.14504065661289,-17.357496296485998],[-66.14505674144446,-17.357483794076714],[-66.1450713137288,-17.35747181185207],[-66.14508911450551,-17.35745779886533],[-66.14510784418614,-17.357444521543798],[-66.14512499248522,-17.357430138033138],[-66.14514167772698,-17.357415296407577],[-66.14515311381629,-17.357399386491483],[-66.14516098453414,-17.357382974138822],[-66.14516267999214,-17.357364577271404],[-66.1451604270498,-17.35734612399336],[-66.14516249434918,-17.35732800333671],[-66.14517755064733,-17.35731512502203],[-66.14519231232768,-17.357303055191977],[-66.14520841531336,-17.35728937913295],[-66.14522639319793,-17.357282141120347],[-66.14524578821639,-17.357274471854435],[-66.14526570952971,-17.35726924819094],[-66.14528415326257,-17.357262287726243],[-66.14530149405392,-17.357253686112323],[-66.145321635549,-17.357246388700375],[-66.14534279296647,-17.357240279692768],[-66.14536373408357,-17.357229923517284],[-66.1453832737586,-17.357225055586817],[-66.14540509794155,-17.357224464365455],[-66.1454262249015,-17.357226391566954],[-66.14544798335805,-17.357230043477617],[-66.14546833447042,-17.3572334946827],[-66.14549208251135,-17.357236181716274],[-66.14551201112477,-17.35723655669907],[-66.1455330846334,-17.357235864440863],[-66.14555544179517,-17.357231217339724],[-66.14557312505103,-17.35722478777989],[-66.14559057382235,-17.357215284686077],[-66.14560910595796,-17.357208686649678],[-66.14562838629261,-17.357208420263596],[-66.14564721615699,-17.35720688324801],[-66.14566015514828,-17.357221425693254],[-66.14567997577024,-17.35722270211145],[-66.14569792910926,-17.357229189226054],[-66.14571618265646,-17.357234506733906],[-66.14573454140094,-17.357239103346856],[-66.14575418551716,-17.35724570490739],[-66.14577432764851,-17.35725050758966],[-66.14579606234997,-17.357255694215837],[-66.14581857289988,-17.35725935683009],[-66.14586249772215,-17.357258539437],[-66.14588415519789,-17.357262641356844],[-66.14590642287376,-17.357263772106155],[-66.14592541839328,-17.35726368222298],[-66.14594609909375,-17.35726406790493],[-66.14596999709205,-17.357263145044147],[-66.14599063551671,-17.357260189035514],[-66.14601070848559,-17.357257315247992],[-66.14603131335355,-17.35725652594417],[-66.14605012504954,-17.35725616252497],[-66.14607129677142,-17.357255200713976],[-66.14609398243319,-17.357253628426424],[-66.14611529430299,-17.357249688727958],[-66.14613717442387,-17.35724548624426],[-66.1461576681687,-17.357239728866013],[-66.14617853515452,-17.35723415741508],[-66.14619880872242,-17.35723047377694],[-66.14621909487245,-17.357225977620544],[-66.14623836648974,-17.357220202779466],[-66.14625744309673,-17.357214876649035],[-66.14627736578873,-17.35720956259977],[-66.14629630224938,-17.357207214348584],[-66.14631841232384,-17.35720030614157],[-66.1463389074587,-17.357194458463535],[-66.14635814377714,-17.357184890525073],[-66.14638000012292,-17.357182222765616],[-66.14639885549805,-17.357185110719723],[-66.14641994998188,-17.357183064172773],[-66.14644001840226,-17.35717441110398],[-66.14645944692762,-17.357164575000883],[-66.14647899916497,-17.357158894441525],[-66.14650049344914,-17.35715531850238],[-66.14652080195481,-17.357149377839526],[-66.14654374691999,-17.357143203924082],[-66.14656340294847,-17.357136892741025],[-66.1465814650076,-17.357130287895817],[-66.14659882251736,-17.357120602803185],[-66.14661612515626,-17.35710838853761],[-66.1466348997944,-17.357098272179336],[-66.14665641224296,-17.357093522587068],[-66.1466754325626,-17.35708575752125],[-66.14669318147826,-17.357075084712875],[-66.14670958770044,-17.3570661084221],[-66.1467275697177,-17.35705859942341],[-66.14674695943746,-17.35705734119336],[-66.14676522068572,-17.35705001677717],[-66.14678764247114,-17.357047266744196],[-66.14680851781225,-17.357041153543605],[-66.14682419990626,-17.357030360911324],[-66.14684279629272,-17.357019609888646],[-66.1468614223906,-17.35701301306863],[-66.1468793187752,-17.357004961034566],[-66.1468767906165,-17.35698605232579],[-66.14689538456251,-17.356981531933194],[-66.14691517547222,-17.356978654021283],[-66.14693349857028,-17.35697340736112],[-66.14695214842207,-17.35696527577782],[-66.14696997035712,-17.3569559584773],[-66.1469897147754,-17.35695000970781],[-66.14700899753136,-17.35694351254734],[-66.14702912497371,-17.356937117744227],[-66.14704911927154,-17.356933249426444],[-66.14706872075942,-17.356930459093423],[-66.14708760371421,-17.356925491309738],[-66.14710840216725,-17.356924343454327],[-66.14712881862194,-17.356917501268626],[-66.14714314225857,-17.35690334812786],[-66.14714032785086,-17.356884706230993],[-66.14714297577382,-17.35686551022087],[-66.14715523399256,-17.35685114699206],[-66.14717421271688,-17.35685214033939],[-66.14719375969096,-17.356852870898717],[-66.14721471680707,-17.356853621587746],[-66.1472368904562,-17.356854750840444],[-66.14725926330514,-17.356855160537684],[-66.14728080124976,-17.356854835916536],[-66.14730357669005,-17.35685353566368],[-66.1473228919485,-17.35685101211665],[-66.14734312214635,-17.35685012702196],[-66.14736382099406,-17.356849338915026],[-66.1473863172012,-17.35684785406712],[-66.14740750845576,-17.356845628191127],[-66.14742813285858,-17.356843574820083],[-66.14744876285103,-17.356841160328187],[-66.14747081556185,-17.356837953446842],[-66.1474905966739,-17.356835707431916],[-66.14751139931309,-17.356834288693616],[-66.14753200554902,-17.35683340894724],[-66.14754425395694,-17.356819677647422],[-66.1475399395488,-17.35680074344009],[-66.14754248782936,-17.356781907194996],[-66.147561775133,-17.356781189216743],[-66.147578438557,-17.356779891984523],[-66.14766129618782,-17.356784867296163],[-66.1477603612325,-17.35674510469283],[-66.14793186757298,-17.356739335343793],[-66.14799207013864,-17.356719606262477],[-66.1480780955444,-17.356696091918533],[-66.14823271667078,-17.356669492994953],[-66.14825497785976,-17.356616353280707],[-66.14831337607475,-17.356588593276463],[-66.14841468747306,-17.35654043289596],[-66.14856987907069,-17.35644656855805],[-66.1485817829152,-17.3564429458291],[-66.148601325262,-17.3564378969989],[-66.1486193351003,-17.35642858221375],[-66.14863436597163,-17.356417328626684],[-66.14864880023569,-17.356402093338765],[-66.14865969985706,-17.35638436952288],[-66.14867115375442,-17.356367285712746],[-66.14868380462815,-17.356351844375357],[-66.14869932090038,-17.356339604411254],[-66.14871666245679,-17.356324862097903],[-66.14873291683132,-17.356313535659094],[-66.14875076237794,-17.356302683420374],[-66.14876626886465,-17.356291075408173],[-66.14878435969212,-17.35627652437764],[-66.14880129447111,-17.3562637628448],[-66.14881550716943,-17.3562506915729],[-66.14882944202814,-17.356237345436426],[-66.14884657040587,-17.35622422546219],[-66.14886458160933,-17.356214820370067],[-66.14888499934106,-17.35620788770334],[-66.14890445646134,-17.356208345905458],[-66.1489586016926,-17.356191148763916],[-66.14896418883392,-17.356170369241234],[-66.14897017854658,-17.356147879767036],[-66.14900930855663,-17.356086221522776],[-66.14900811725006,-17.356065977389157],[-66.14900692035698,-17.35604609437471],[-66.14900645179479,-17.356027756846423],[-66.14901012941135,-17.356008846372355],[-66.14902014657797,-17.355993457731607],[-66.14902618140327,-17.35597412938767],[-66.14902402905346,-17.35595522603888],[-66.14902074440464,-17.355936577435223],[-66.14902150075119,-17.355918076782466],[-66.14902488516229,-17.355899884522234],[-66.14902359844626,-17.35587972932691],[-66.14901797334677,-17.355860415235142],[-66.14901328087647,-17.355844636137956],[-66.14901154406417,-17.355838380678737],[-66.14900806860555,-17.35581990995241],[-66.14900270319032,-17.355802044360942],[-66.14899591786417,-17.355784790610215],[-66.14899074605505,-17.355766566581888],[-66.14897594063582,-17.355751094705294],[-66.14896225075775,-17.355736451440528],[-66.1489496284994,-17.355719656213314],[-66.14894341142411,-17.355702139669695],[-66.1489419059717,-17.355683967948085],[-66.14893513043044,-17.355666082238027],[-66.14893344534032,-17.35564736615527],[-66.14893186124223,-17.355628200014756]]]]},"id":10},{"type":"Feature","properties":{"Distritos":"D3"},"geometry":{"type":"MultiPolygon","coordinates":[[[[-66.19957358877974,-17.347284889868735],[-66.19982749090515,-17.347181369294965],[-66.19982939405709,-17.34718595083599],[-66.1998518816804,-17.3472400900227],[-66.19985229352308,-17.347241080997154],[-66.19985264364703,-17.347241925719263],[-66.19991962767017,-17.34740318700868],[-66.20020612546017,-17.3480929247442],[-66.20058848876255,-17.34901345134871],[-66.2006591383011,-17.349131911435624],[-66.20100489490474,-17.349501047248353],[-66.20121009240773,-17.349765703550432],[-66.20124323214836,-17.349868980341764],[-66.20124324203721,-17.34986901028025],[-66.20128479512198,-17.349999142713166],[-66.20128480684996,-17.349999175386497],[-66.20130629043133,-17.350052663803655],[-66.2013111864596,-17.350065804630464],[-66.20132186453202,-17.35009454770929],[-66.20137807548076,-17.35047522458838],[-66.20140482439655,-17.35083003705507],[-66.20141371303448,-17.35094804500891],[-66.20143585258202,-17.351241965658886],[-66.20157978193257,-17.35142272943341],[-66.20158753277117,-17.35143246425892],[-66.20170617265548,-17.351581515253596],[-66.20173699321275,-17.351620235254686],[-66.2017374151367,-17.35162143045373],[-66.20173909840611,-17.35162619312732],[-66.20173965377941,-17.351627764952603],[-66.2017413604777,-17.3516325947785],[-66.20175719317072,-17.351677401796092],[-66.20176289299688,-17.35169353116723],[-66.20178841515987,-17.351765873609263],[-66.20185062607027,-17.351843941953373],[-66.20194672922484,-17.35196453980922],[-66.20205600459805,-17.35210166779474],[-66.20205818527238,-17.352105751125773],[-66.20212658877963,-17.352234223922185],[-66.20212660147536,-17.352234254802973],[-66.2021439783871,-17.352290145560072],[-66.20219970615527,-17.352469385444827],[-66.20220010692964,-17.352470673359687],[-66.2022089857083,-17.352499400266353],[-66.20222041179956,-17.352536367774878],[-66.20225289387744,-17.352641460336283],[-66.20234261410515,-17.35293174141259],[-66.20234262215514,-17.352931768616216],[-66.2024350266835,-17.353230882783922],[-66.20245206970918,-17.353285672580316],[-66.20253967133357,-17.353572519550948],[-66.20277597636613,-17.354384411622757],[-66.2027966243409,-17.354950530468397],[-66.2027394256025,-17.355188226916443],[-66.20270086713492,-17.355491641398476],[-66.20273999509737,-17.35580075504262],[-66.20275014148334,-17.356135921855266],[-66.2027570863225,-17.356225849956648],[-66.20276111965136,-17.356278372558787],[-66.20276914026702,-17.35653204350417],[-66.20278177292008,-17.356932748324358],[-66.20278481731678,-17.35702892679482],[-66.20279156030973,-17.357241993088383],[-66.20281347876832,-17.35793528643763],[-66.20268356174417,-17.358440700612686],[-66.20252485521604,-17.359077102598036],[-66.20246251439325,-17.35939126943144],[-66.2024242300675,-17.35958412298156],[-66.2024056778279,-17.360514614857042],[-66.20234059492067,-17.36094860607366],[-66.20210539902202,-17.361613323387285],[-66.20210540705845,-17.361613351493787],[-66.20244722421283,-17.362621854616286],[-66.20293801578582,-17.364069878232474],[-66.20340669974948,-17.365452660379596],[-66.20341089884222,-17.365461746776166],[-66.20401549253756,-17.36716703727866],[-66.20488038985536,-17.369606534388087],[-66.20527194809576,-17.371004865064645],[-66.20579574254137,-17.370738633892625],[-66.20691586351916,-17.370169310770745],[-66.20727231297619,-17.369957924511382],[-66.20736366863765,-17.370164877018127],[-66.20736850351642,-17.37073626607525],[-66.20737049604163,-17.370972835490498],[-66.20739939675468,-17.37237464044028],[-66.20742205419747,-17.373403490906234],[-66.20745883301697,-17.375073649265296],[-66.20746604267036,-17.37540108167632],[-66.20748413235593,-17.376222575881222],[-66.20750770810375,-17.378572084573836],[-66.20751337677004,-17.379137015682684],[-66.20751496021661,-17.379294899780586],[-66.20751848467937,-17.379646165790707],[-66.20770884720574,-17.380268198644064],[-66.20787352890262,-17.380806402121305],[-66.20787672509087,-17.380816845261897],[-66.20408593430648,-17.381358784904016],[-66.20309293140946,-17.3814028537468],[-66.2025412512476,-17.381099073597344],[-66.2021245307832,-17.38086960702696],[-66.19611546631498,-17.38155311101693],[-66.19626530755498,-17.384599740377322],[-66.19665478562752,-17.389196589828074],[-66.19674682707179,-17.390796334178027],[-66.196928605328,-17.392510548220017],[-66.19696993149999,-17.392767174621266],[-66.1938335424712,-17.39290814868056],[-66.18938415588181,-17.39311054132908],[-66.18216079306752,-17.393400809201935],[-66.18050892489308,-17.393471289609394],[-66.18050891417697,-17.393471252434306],[-66.18050812014614,-17.393468569188997],[-66.17902359842799,-17.38793314235763],[-66.17676651447394,-17.383963537912972],[-66.17642316635276,-17.380849335018404],[-66.17627071094536,-17.379538350877098],[-66.17592465568573,-17.376600919955138],[-66.17567890624007,-17.36975476989413],[-66.17577837706976,-17.368143574918324],[-66.1758010870651,-17.367784857809287],[-66.17510563328138,-17.365488401081787],[-66.17508932036525,-17.365434532279014],[-66.17842897818089,-17.364435994312974],[-66.17862769820199,-17.364360608138252],[-66.17949897396697,-17.363914779577673],[-66.18076516404827,-17.362900480453618],[-66.18137173974827,-17.362243024520495],[-66.1820251987387,-17.36118078583171],[-66.18250404951104,-17.360157226864036],[-66.18302412298193,-17.359131906522553],[-66.18333939172382,-17.35874049183876],[-66.184602223878,-17.356877749255382],[-66.18482178052732,-17.35666983731246],[-66.18745142149656,-17.354640649041563],[-66.18758925822888,-17.354460318260262],[-66.1875917141877,-17.35445841764445],[-66.18776826703136,-17.35439081939502],[-66.18783092506774,-17.354338122940582],[-66.18783285966539,-17.354336558133713],[-66.188087234402,-17.354138683764212],[-66.18821453888947,-17.354035199552463],[-66.18821705666019,-17.354033252839738],[-66.18834161109476,-17.353941693985213],[-66.18859750937546,-17.353744103931174],[-66.18891830808766,-17.35349080043232],[-66.18891873063274,-17.353490469547733],[-66.18917487270353,-17.353291611457376],[-66.18944231671522,-17.353083383186352],[-66.18970225175653,-17.35288039750331],[-66.18970256577757,-17.352880153587098],[-66.18991363807628,-17.352717381173537],[-66.19015879593508,-17.352522240165765],[-66.19016003488622,-17.352521277801873],[-66.19041507435236,-17.352328083175625],[-66.19071554663826,-17.352092526495074],[-66.19071712773662,-17.352091325119183],[-66.19084183566336,-17.351999526306557],[-66.19096722884878,-17.351898909964376],[-66.19104835673689,-17.351833239802207],[-66.19104989753029,-17.351832029729447],[-66.19122483505613,-17.351698897988797],[-66.19122646409333,-17.351697697281605],[-66.19149496588483,-17.351506148521633],[-66.19149555900127,-17.351505730627483],[-66.19175770409842,-17.351323051035067],[-66.19175922899875,-17.351322019531295],[-66.19202732986793,-17.351146104669585],[-66.19230614628053,-17.350960782268345],[-66.19230663448369,-17.350960461327457],[-66.19256646876114,-17.35079105227583],[-66.19281001839413,-17.350629181055552],[-66.19281166881161,-17.350628118795914],[-66.19305090757689,-17.35047916316754],[-66.19305295633033,-17.350477938536148],[-66.19333342754236,-17.35031701755781],[-66.19333447174466,-17.350316430803502],[-66.19361295823558,-17.35016324662277],[-66.19361369491729,-17.350162847894097],[-66.19388041789655,-17.350020471708596],[-66.19426012007514,-17.34981099574723],[-66.19426050503816,-17.349810785326966],[-66.19441916666905,-17.349724613953473],[-66.194650501917,-17.34959888659201],[-66.19496750973472,-17.34942553077487],[-66.19523195954311,-17.34927767985945],[-66.19523281388888,-17.349277210532506],[-66.19552031162638,-17.349121953528044],[-66.19579157032338,-17.34897125249697],[-66.1957919249805,-17.348971056096627],[-66.19606083665319,-17.348823793859896],[-66.19635172996843,-17.348662503003318],[-66.19635237663034,-17.348662149054896],[-66.19664774847092,-17.34850262632541],[-66.19665254013398,-17.348500280625093],[-66.19695309839123,-17.348367709649104],[-66.19695462498413,-17.348367058297125],[-66.19725746528592,-17.34824232096914],[-66.19754404584342,-17.34812332873701],[-66.19754425779594,-17.348123241405226],[-66.19785387097866,-17.347995923232084],[-66.19815925915545,-17.347860801831892],[-66.19816111409239,-17.347860014198552],[-66.19852284677162,-17.347712767585065],[-66.1985231003342,-17.347712664580648],[-66.19873388244702,-17.34762785713731],[-66.19901217234182,-17.347514767778353],[-66.19926993352382,-17.347409109507442],[-66.19926997799595,-17.347409091166803],[-66.19957351592676,-17.347284919551306],[-66.19957358877974,-17.347284889868735]]]]},"id":11},{"type":"Feature","properties":{"Distritos":"D2"},"geometry":{"type":"MultiPolygon","coordinates":[[[[-66.19108733334527,-17.333081368075256],[-66.19136588864883,-17.332785042366357],[-66.19136734325234,-17.33278620962917],[-66.19137501664608,-17.33279236491358],[-66.1914583659411,-17.33285923009963],[-66.19202696285286,-17.333315371311826],[-66.19208623692235,-17.333421519587212],[-66.19214771480236,-17.333531691965987],[-66.19226060909718,-17.333860894412062],[-66.19226064436444,-17.333860924706887],[-66.19242557955391,-17.33402421472439],[-66.19258625775944,-17.334344488485613],[-66.19260625532101,-17.334384347870476],[-66.19279469415824,-17.334677975380952],[-66.19281842229609,-17.334714948652646],[-66.19294862832557,-17.334877592129992],[-66.19318995250379,-17.335179089954266],[-66.1932325827214,-17.335207242140598],[-66.19323804948824,-17.335223108270462],[-66.19324019038355,-17.335229351134558],[-66.19327452426529,-17.335524416555863],[-66.19344818880029,-17.335765976471503],[-66.1936708307731,-17.336075316512762],[-66.1937000893978,-17.33611780895077],[-66.19384311586192,-17.33632554307862],[-66.19391080250662,-17.336365385973163],[-66.19403909639087,-17.33644096295819],[-66.19447965607992,-17.337091426436213],[-66.19464152000265,-17.33733043798382],[-66.19468909009493,-17.33756296658364],[-66.19472309045993,-17.337729160787653],[-66.19473750987743,-17.337763670851025],[-66.19474036872087,-17.337863261645683],[-66.19474287546781,-17.33795212133639],[-66.19498215328935,-17.338483699635216],[-66.19537176330216,-17.339349251447953],[-66.19537177611966,-17.3393492742034],[-66.19560591506428,-17.339721566279515],[-66.1956952672727,-17.339857858891857],[-66.19570090315086,-17.33986929981721],[-66.19570245423377,-17.33987259955839],[-66.1957037551821,-17.339875406350977],[-66.19570789983881,-17.339884186815457],[-66.19571340103066,-17.339895890439486],[-66.19576339704808,-17.340002268339465],[-66.19581005286372,-17.340101564809466],[-66.19586897165007,-17.340227014241766],[-66.19589870341274,-17.340290162681878],[-66.19592578128693,-17.3403477780797],[-66.19595887863721,-17.340418199736764],[-66.19598455186708,-17.34047290393992],[-66.19605431882664,-17.340621346644305],[-66.1961204446565,-17.3407619704374],[-66.19618210372009,-17.340893234015336],[-66.19619590595461,-17.340922601662392],[-66.19624148779324,-17.34101958752963],[-66.19630150939204,-17.34114730451623],[-66.19636790699315,-17.341288566006984],[-66.19639299525004,-17.3413419318235],[-66.19647465764096,-17.34151563729028],[-66.1964746785899,-17.341515681832362],[-66.19659351593565,-17.341768526098317],[-66.19677018994516,-17.342144425891565],[-66.19683524681852,-17.342319071556524],[-66.19690933390149,-17.34251804406486],[-66.19718753229263,-17.34280458791088],[-66.19719914875611,-17.342824545124436],[-66.19778935012472,-17.343840176517435],[-66.1984434534929,-17.344965757571558],[-66.19845660824686,-17.344988206986702],[-66.19877953786072,-17.345539319111396],[-66.19885523243525,-17.3456694884758],[-66.19890213805517,-17.34575685183183],[-66.1989120822657,-17.345775374126262],[-66.19891939727137,-17.345789079849077],[-66.19891942210502,-17.345789116318187],[-66.19919199972784,-17.346120107115976],[-66.19937501445553,-17.346253587554543],[-66.199432180152,-17.346338641919957],[-66.19944845661033,-17.346360116403655],[-66.19953241598259,-17.346470975384676],[-66.19955206405668,-17.34652571686715],[-66.1995930642062,-17.346640141600936],[-66.19959397094212,-17.34664154587103],[-66.19962451948514,-17.34669271502786],[-66.19972044849801,-17.34692366496308],[-66.19977752742736,-17.347061081184254],[-66.19982749090515,-17.347181369294965],[-66.19957358877974,-17.347284889868735],[-66.19957351592676,-17.347284919551306],[-66.19926997799595,-17.347409091166803],[-66.19926993352382,-17.347409109507442],[-66.19901217234182,-17.347514767778353],[-66.19873388244702,-17.34762785713731],[-66.1985231003342,-17.347712664580648],[-66.19852284677162,-17.347712767585065],[-66.19816111409239,-17.347860014198552],[-66.19815925915545,-17.347860801831892],[-66.19785387097866,-17.347995923232084],[-66.19754425779594,-17.348123241405226],[-66.19754404584342,-17.34812332873701],[-66.19725746528592,-17.34824232096914],[-66.19695462498413,-17.348367058297125],[-66.19695309839123,-17.348367709649104],[-66.19665254013398,-17.348500280625093],[-66.19664774847092,-17.34850262632541],[-66.19635237663034,-17.348662149054896],[-66.19635172996843,-17.348662503003318],[-66.19606083665319,-17.348823793859896],[-66.1957919249805,-17.348971056096627],[-66.19579157032338,-17.34897125249697],[-66.19552031162638,-17.349121953528044],[-66.19523281388888,-17.349277210532506],[-66.19523195954311,-17.34927767985945],[-66.19496750973472,-17.34942553077487],[-66.194650501917,-17.34959888659201],[-66.19441916666905,-17.349724613953473],[-66.19426050503816,-17.349810785326966],[-66.19426012007514,-17.34981099574723],[-66.19388041789655,-17.350020471708596],[-66.19361369491729,-17.350162847894097],[-66.19361295823558,-17.35016324662277],[-66.19333447174466,-17.350316430803502],[-66.19333342754236,-17.35031701755781],[-66.19305295633033,-17.350477938536148],[-66.19305090757689,-17.35047916316754],[-66.19281166881161,-17.350628118795914],[-66.19281001839413,-17.350629181055552],[-66.19256646876114,-17.35079105227583],[-66.19230663448369,-17.350960461327457],[-66.19230614628053,-17.350960782268345],[-66.19202732986793,-17.351146104669585],[-66.19175922899875,-17.351322019531295],[-66.19175770409842,-17.351323051035067],[-66.19149555900127,-17.351505730627483],[-66.19149496588483,-17.351506148521633],[-66.19122646409333,-17.351697697281605],[-66.19122483505613,-17.351698897988797],[-66.19104989753029,-17.351832029729447],[-66.19104835673689,-17.351833239802207],[-66.19096722884878,-17.351898909964376],[-66.19084183566336,-17.351999526306557],[-66.19071712773662,-17.352091325119183],[-66.19071554663826,-17.352092526495074],[-66.19041507435236,-17.352328083175625],[-66.19016003488622,-17.352521277801873],[-66.19015879593508,-17.352522240165765],[-66.18991363807628,-17.352717381173537],[-66.18970256577757,-17.352880153587098],[-66.18970225175653,-17.35288039750331],[-66.18944231671522,-17.353083383186352],[-66.18917487270353,-17.353291611457376],[-66.18891873063274,-17.353490469547733],[-66.18891830808766,-17.35349080043232],[-66.18859750937546,-17.353744103931174],[-66.18834161109476,-17.353941693985213],[-66.18821705666019,-17.354033252839738],[-66.18821453888947,-17.354035199552463],[-66.188087234402,-17.354138683764212],[-66.18783285966539,-17.354336558133713],[-66.18783092506774,-17.354338122940582],[-66.18776826703136,-17.35439081939502],[-66.1875917141877,-17.35445841764445],[-66.18758925822888,-17.354460318260262],[-66.18745142149656,-17.354640649041563],[-66.18482178052732,-17.35666983731246],[-66.184602223878,-17.356877749255382],[-66.18333939172382,-17.35874049183876],[-66.18302412298193,-17.359131906522553],[-66.18250404951104,-17.360157226864036],[-66.1820251987387,-17.36118078583171],[-66.18137173974827,-17.362243024520495],[-66.18076516404827,-17.362900480453618],[-66.17949897396697,-17.363914779577673],[-66.17862769820199,-17.364360608138252],[-66.17842897818089,-17.364435994312974],[-66.17508932036525,-17.365434532279014],[-66.17480513281964,-17.3655194994429],[-66.17129496524466,-17.365753262752193],[-66.17027136570786,-17.366030328857192],[-66.17025143154137,-17.366030227045794],[-66.16952168769122,-17.365945930668605],[-66.16950734210644,-17.365943198949992],[-66.16877002722882,-17.365709163970042],[-66.16876589470058,-17.36570883449044],[-66.16788408345238,-17.365643778132323],[-66.16788314468444,-17.3656436745207],[-66.16698726703903,-17.366071366991928],[-66.16665863938802,-17.3662834274552],[-66.1664222542747,-17.366440899747708],[-66.1657948567649,-17.366849458269247],[-66.16547806789659,-17.367086426799528],[-66.16401521687973,-17.36816841169608],[-66.16383650547289,-17.36814663985845],[-66.16373018600692,-17.368164784810343],[-66.16356944503856,-17.36775171558551],[-66.16330694154956,-17.367146784179297],[-66.16314827009548,-17.366758127175654],[-66.16221437807562,-17.365069905199718],[-66.16215814811878,-17.364968255110142],[-66.16148151890658,-17.365121031009433],[-66.16021943313845,-17.365342218174526],[-66.16021469883212,-17.36534304754883],[-66.1589710577806,-17.365577420532198],[-66.15780968799506,-17.365840384719192],[-66.15691918744723,-17.3663334210814],[-66.15593012356081,-17.366449567061302],[-66.15528050978615,-17.36648494935716],[-66.1508730095679,-17.366824432925185],[-66.15087253033417,-17.36682447123875],[-66.14960004254745,-17.366931468567138],[-66.14925797105906,-17.367026080352673],[-66.14903060157941,-17.367130683380232],[-66.14894515879669,-17.36702299410361],[-66.1486754135039,-17.366683015611343],[-66.14865589642056,-17.366653127242337],[-66.14864233462413,-17.36662034057671],[-66.14863517601654,-17.366585738410556],[-66.1486346488275,-17.366550566397407],[-66.14868731239339,-17.365889329817474],[-66.14868691387379,-17.365855367458526],[-66.14868035717485,-17.365821991615647],[-66.1486610005887,-17.365755871508714],[-66.14866053441907,-17.365754276483397],[-66.14864991355454,-17.365705984777765],[-66.14864599471302,-17.36565677150092],[-66.14864884588484,-17.36560749055175],[-66.14865841759402,-17.36555899700264],[-66.14867454375721,-17.365512132263188],[-66.14869694456556,-17.36546770948106],[-66.1487252313401,-17.365426499433177],[-66.14894783146785,-17.365144543096335],[-66.14914965306416,-17.36486276663931],[-66.14920545953102,-17.364738163059087],[-66.14933282662113,-17.364453780463187],[-66.14992024516724,-17.363142192004457],[-66.15020874887114,-17.362431843656395],[-66.15033829278593,-17.361971725216765],[-66.15035740305196,-17.361897728986623],[-66.15037326829696,-17.361823028076085],[-66.15038586058495,-17.36174775445749],[-66.15039515794045,-17.36167204038059],[-66.15042772820728,-17.361348666477493],[-66.1504347510666,-17.36125230512963],[-66.1504364381271,-17.361155721656385],[-66.15042980313844,-17.3605042215549],[-66.15042196681217,-17.360234558610998],[-66.15024154121207,-17.35810383246938],[-66.15023562284757,-17.35805214052938],[-66.1502266604798,-17.3580008543061],[-66.15021468328241,-17.35795013884475],[-66.15019973012872,-17.357900157354972],[-66.1499436402939,-17.357127495702805],[-66.14983642217176,-17.3568396674132],[-66.14977815639061,-17.35667362118968],[-66.14976267924725,-17.35663808934787],[-66.14974211084795,-17.356605024756284],[-66.1497168670532,-17.356575095923933],[-66.14954473928445,-17.356398356754827],[-66.1492737914975,-17.35611690668996],[-66.14915784992343,-17.35599507820431],[-66.14913773350439,-17.355971383095763],[-66.14912052565448,-17.35594566197675],[-66.14893250165711,-17.355626311051335],[-66.14893895529555,-17.355607261389398],[-66.14894161416791,-17.355587343084707],[-66.14894461695332,-17.355569506579958],[-66.14893774880193,-17.355551529249396],[-66.14892204006125,-17.35553974677249],[-66.14891802150845,-17.35551991380212],[-66.14890658786318,-17.355505302725337],[-66.14890923416628,-17.355486196939346],[-66.14891402870649,-17.355468024798846],[-66.14891799811471,-17.355448486390344],[-66.14891793423193,-17.355439365207264],[-66.14891782694261,-17.355429159808267],[-66.14891889464428,-17.355408767304187],[-66.14892555539103,-17.355391524784718],[-66.14894402206076,-17.355395219631127],[-66.1489581298488,-17.355407159864424],[-66.14897872756127,-17.355406821622886],[-66.1489916491875,-17.355392106513133],[-66.14899953204171,-17.355374881425167],[-66.14901582717368,-17.355385227464858],[-66.14903091459873,-17.355400703358598],[-66.14904755365006,-17.355413131196364],[-66.14906137243796,-17.355425518799137],[-66.14907448987347,-17.35544069568735],[-66.14908685663657,-17.355455771566227],[-66.14909988984292,-17.355470315153568],[-66.14911173489469,-17.35548872467881],[-66.1491232867499,-17.355507852418835],[-66.1491354319873,-17.3555250923291],[-66.14914618245442,-17.3555413190445],[-66.14915720936412,-17.35555791090212],[-66.14916861929387,-17.355574056724695],[-66.14917967692993,-17.355588662425703],[-66.14919472947274,-17.35560639530661],[-66.14920614639084,-17.35562208972881],[-66.14921804313096,-17.355637158897288],[-66.1492318917183,-17.35565370070484],[-66.14925063581522,-17.355651620301273],[-66.14925169371035,-17.355631859749337],[-66.1492528204778,-17.355613725575118],[-66.14924593553623,-17.35559683160842],[-66.1492371564521,-17.355580813618616],[-66.14923376520473,-17.35556297619299],[-66.1492315988668,-17.355544975641518],[-66.14922953910605,-17.355526163912764],[-66.14922899047029,-17.355506922241855],[-66.14922842368047,-17.355488854208577],[-66.14922770936975,-17.355468165378422],[-66.14923129712435,-17.355448982713867],[-66.14924078230116,-17.355431509571954],[-66.14925072914174,-17.355414584813413],[-66.14926502178267,-17.355402417633496],[-66.14928268338012,-17.355391291807248],[-66.1493017104234,-17.355383075048763],[-66.14932207313873,-17.355373613144703],[-66.14934060315231,-17.355361054904165],[-66.1493490653875,-17.355342844765204],[-66.14933519586152,-17.35532765716465],[-66.14932434718763,-17.355311699956996],[-66.14931360928101,-17.35529466073209],[-66.14932937812117,-17.35528432059805],[-66.14934877769556,-17.35527633489663],[-66.14936253768438,-17.355262128364945],[-66.14935482900293,-17.355243777855836],[-66.14934198659729,-17.35522905640657],[-66.1493465018521,-17.355210699665413],[-66.14936482473227,-17.35520545274521],[-66.14937940775293,-17.355192747897306],[-66.14938309786908,-17.35517302488841],[-66.14939867770016,-17.35518706298406],[-66.14941710247649,-17.35519346618023],[-66.14942897878744,-17.355179458522837],[-66.1494374493812,-17.355160706698307],[-66.14945499177396,-17.35516944509821],[-66.14946582278601,-17.355174385477024],[-66.14957409621552,-17.35518360531862],[-66.14960202472528,-17.355195652338267],[-66.14967521245232,-17.355138814058407],[-66.14969945740847,-17.355127601485297],[-66.14972367769572,-17.355124064037792],[-66.14979258424472,-17.355082605907878],[-66.1498130255502,-17.35505589780848],[-66.14983774795981,-17.355013809499827],[-66.1498661553304,-17.35499489048492],[-66.14989450266398,-17.35497985349976],[-66.14993970029168,-17.35491494043427],[-66.14994374266456,-17.354914998083494],[-66.14995012115294,-17.35491508904843],[-66.1499757996221,-17.354915455252318],[-66.14999187510557,-17.35491568450514],[-66.1500159413269,-17.354916027711628],[-66.15002396744072,-17.354919934762147],[-66.15002848724934,-17.35488911668827],[-66.15002751178638,-17.354885310186],[-66.15001675475891,-17.354875585003846],[-66.15000961705022,-17.354856791156635],[-66.15002121964602,-17.35484223775255],[-66.15004016053172,-17.35484566835637],[-66.15005941974006,-17.354846755703207],[-66.15008022915463,-17.354844885261553],[-66.15009819828745,-17.35483818842471],[-66.15011878618097,-17.354838482015104],[-66.15013764374858,-17.35483513893648],[-66.15015556493653,-17.35482546151683],[-66.15016259459902,-17.35480867569689],[-66.15015016168245,-17.354791792938766],[-66.1501390560562,-17.354774206709067],[-66.1501392440282,-17.354755968829267],[-66.15015296605877,-17.354768535579918],[-66.1501702403945,-17.354776367096044],[-66.15019059699169,-17.354779456673832],[-66.15020497010866,-17.354792484205046],[-66.15022059186225,-17.35480381384436],[-66.15023773590285,-17.3548139912925],[-66.15025883340836,-17.35481781382761],[-66.15027118928444,-17.354802704967607],[-66.15027138863317,-17.35480246129174],[-66.15028959323433,-17.354792697600153],[-66.15030908282148,-17.3547971293005],[-66.15031964636762,-17.354793157742506],[-66.15032591980237,-17.354790799168892],[-66.15032747847282,-17.35479021277356],[-66.150344240593,-17.354779480359703],[-66.15034614137839,-17.354777079301137],[-66.15034616726322,-17.354777047162305],[-66.15034626794042,-17.354776921275125],[-66.15034701695775,-17.354775973874382],[-66.15034856770214,-17.35477401480861],[-66.15035630029497,-17.354764248074165],[-66.15035661197867,-17.354763854296284],[-66.15036029679825,-17.354756994387195],[-66.15036542220116,-17.354747455054707],[-66.1503748062444,-17.354730431895838],[-66.15038015629064,-17.354712809417084],[-66.15038072025429,-17.354710512104187],[-66.15038497299199,-17.354693192737102],[-66.15039054036488,-17.354673677060347],[-66.15040602707357,-17.35466333280267],[-66.15042210993536,-17.35465092014795],[-66.1504309578318,-17.35463208334379],[-66.15044052708744,-17.354615243420618],[-66.15045370126056,-17.354602428089557],[-66.15047170525422,-17.354593474215374],[-66.15049000391649,-17.35460195240747],[-66.15050900670029,-17.354607460743253],[-66.15052062459553,-17.35459191422251],[-66.15052093724154,-17.354571691518426],[-66.1505237825346,-17.354551866124265],[-66.15054281363572,-17.35454337838621],[-66.15056168512808,-17.354539132462552],[-66.15058172798912,-17.35453210394321],[-66.15059907121437,-17.35454156180099],[-66.15060639122369,-17.354524238298893],[-66.15060265870139,-17.35450413851854],[-66.15059694781388,-17.354484281430892],[-66.15059668820916,-17.35448307042074],[-66.15059300075755,-17.35446589428865],[-66.15059198610886,-17.354446375057787],[-66.1505833121112,-17.354429636217333],[-66.15057017784589,-17.354415542778494],[-66.15055671221137,-17.35439855501979],[-66.15054758632073,-17.354380635837632],[-66.15054375560987,-17.35436080555673],[-66.15054545185689,-17.354342318275805],[-66.15056228116418,-17.35433027744651],[-66.15057350594552,-17.354346239956847],[-66.15058740344007,-17.35435962187805],[-66.15060319785383,-17.354371947245895],[-66.150622043308,-17.354375466728722],[-66.15064251482022,-17.35437720339636],[-66.15066286720291,-17.354380563760603],[-66.15067009060581,-17.354399900612258],[-66.15067731121866,-17.354419418023717],[-66.15068597126871,-17.354437059660718],[-66.15068822897277,-17.354455242117254],[-66.15069299001553,-17.354475717760323],[-66.15069764958825,-17.35448450986621],[-66.15070340552667,-17.354495371021454],[-66.15071245836363,-17.35451193465991],[-66.15072057111665,-17.35452848489532],[-66.15072923257026,-17.354546036251694],[-66.15073721084399,-17.354565203264972],[-66.15074499272819,-17.35458490927727],[-66.15075253027003,-17.35460217371009],[-66.15075936927974,-17.354622046879367],[-66.1507676156284,-17.354642120712555],[-66.15077622545238,-17.354663012426236],[-66.15078968554252,-17.354680361295323],[-66.1508016652224,-17.354696153960575],[-66.1508147180763,-17.354709433529546],[-66.15083451063566,-17.35471251500065],[-66.15085354922707,-17.3547096259308],[-66.15087299176432,-17.354704936620838],[-66.150895040027,-17.35470200015408],[-66.15091592390117,-17.354701394881246],[-66.15093664957168,-17.3547049411442],[-66.1509537699291,-17.35471665329472],[-66.15096696197037,-17.354733095334606],[-66.15097438040995,-17.354751983461906],[-66.15098387820608,-17.354770178833355],[-66.15099709676839,-17.3547849055528],[-66.15101415941189,-17.354794269080422],[-66.1510307164833,-17.35478159223339],[-66.15104387477463,-17.354763719840893],[-66.15105066698766,-17.35474404099791],[-66.15105576285649,-17.354724608871813],[-66.15106681806309,-17.35470896399293],[-66.1510877465955,-17.35470546974303],[-66.15110844385077,-17.354704771489793],[-66.15112772869857,-17.35471028379122],[-66.15114598363878,-17.35471551050994],[-66.15116914605288,-17.35471349289341],[-66.151189682686,-17.35470493625328],[-66.15120600288176,-17.354695416507877],[-66.15122196797243,-17.354684537200882],[-66.15124151758755,-17.354685086772477],[-66.1512611031231,-17.35469547954077],[-66.15126730554039,-17.354700391772226],[-66.15127689482493,-17.35470798542573],[-66.15129390166499,-17.35472096013008],[-66.15131283612381,-17.354730892114087],[-66.15133380895394,-17.354736699357257],[-66.15135146078354,-17.35474444585812],[-66.15136652275213,-17.354755496537514],[-66.15138509234704,-17.354764700915783],[-66.15140187281729,-17.35475581981362],[-66.1514168610169,-17.354741224270455],[-66.15143777333178,-17.354744863443376],[-66.15145672175578,-17.354753892615204],[-66.15147022395095,-17.354738101988065],[-66.15146977326377,-17.35471859078796],[-66.15147091932874,-17.354699192646905],[-66.15147083351337,-17.354680409046527],[-66.15147131174972,-17.354661633485776],[-66.15147864843193,-17.3546432265805],[-66.15149533505982,-17.354652584709005],[-66.15149711024375,-17.354671572988533],[-66.15149689171153,-17.354691797049586],[-66.15151125655846,-17.35470536617939],[-66.1515290433928,-17.354716545985358],[-66.15154710335717,-17.35472222138934],[-66.15156914743733,-17.35471955568686],[-66.15158937412842,-17.354712800583513],[-66.1516082791156,-17.354706387839634],[-66.15162957949565,-17.354703169730925],[-66.15164948230155,-17.354699119001786],[-66.1516683142052,-17.35469135071155],[-66.15168465670398,-17.354680386442876],[-66.15170281798726,-17.354673421290165],[-66.15172224011756,-17.354676136195422],[-66.15174257582783,-17.354680579817483],[-66.15176287333637,-17.35468141089677],[-66.15178520083343,-17.354678658908632],[-66.15180387594201,-17.35467495186597],[-66.15182464156332,-17.354669829816036],[-66.15184404448672,-17.354661618146178],[-66.15186475655493,-17.354653876630927],[-66.15188171106406,-17.354645900963323],[-66.15190041825535,-17.354640117469994],[-66.15192150077407,-17.35463274242725],[-66.1519431696643,-17.35462393093968],[-66.1519609841967,-17.35461506452144],[-66.15198113499432,-17.354607134394268],[-66.152001089403,-17.35459974326569],[-66.15202051742351,-17.354589906535534],[-66.15204028939189,-17.354582151602976],[-66.15206059611619,-17.35457630058722],[-66.15208102195773,-17.354568825867904],[-66.15210492247982,-17.35456772165625],[-66.15212759670445,-17.354566870866712],[-66.15214912972318,-17.354560766416245],[-66.15216590177701,-17.354552426921906],[-66.15218308473727,-17.35454183578282],[-66.15219848292602,-17.35453112890969],[-66.15221250446102,-17.354518235219864],[-66.15222861231805,-17.354504197358533],[-66.15224831258074,-17.354494996582037],[-66.15226709088867,-17.354484608766896],[-66.15228820182992,-17.354481478183352],[-66.15230845748218,-17.35448501760642],[-66.15232878482661,-17.354490002848237],[-66.15234876821913,-17.354492906288375],[-66.15236911174898,-17.354490758060905],[-66.15238873445124,-17.354492663058267],[-66.15240829885417,-17.354486169327483],[-66.15242325069578,-17.35447392097556],[-66.15244072430933,-17.35448103274376],[-66.15244948413036,-17.35449831454847],[-66.15245833796149,-17.354515597692465],[-66.1524773017717,-17.35452363369052],[-66.15249824562163,-17.3545191462047],[-66.15251710649746,-17.354521672435094],[-66.15253735127784,-17.35451374358612],[-66.15255419026212,-17.354501070611608],[-66.15257427268872,-17.35449756414337],[-66.15258541342482,-17.354512893267295],[-66.1526022989947,-17.354503291150813],[-66.15261647169517,-17.354486697283612],[-66.15263088457802,-17.354472815836047],[-66.15264354755612,-17.354456561656438],[-66.15265151009928,-17.354440240507227],[-66.15265540459994,-17.354419436700496],[-66.15267221149054,-17.35440884015576],[-66.15269096048337,-17.354400348177993],[-66.15271115028654,-17.35438989012602],[-66.1527268332521,-17.354379006663418],[-66.15274042514405,-17.354363488109485],[-66.15275491946481,-17.35435042051032],[-66.15276786165965,-17.35433435089797],[-66.15278510510909,-17.354325927760733],[-66.15280188580316,-17.354335287125064],[-66.1528187619023,-17.3543445575474],[-66.15283788387686,-17.3543484419651],[-66.15285975999416,-17.354350559617508],[-66.15288042876774,-17.35434561666888],[-66.15289775449355,-17.354331866994325],[-66.15290790570309,-17.354313861310967],[-66.15291092480776,-17.35429494132376],[-66.15291374613251,-17.35427665061875],[-66.15291959386003,-17.354257229127434],[-66.1529236791303,-17.35423624742835],[-66.15291673332344,-17.354217185482312],[-66.15290618172384,-17.354200239368293],[-66.15290265369607,-17.35417905891159],[-66.15291871775524,-17.35419220065559],[-66.15293339121183,-17.354204058388607],[-66.15294584948154,-17.35421931596355],[-66.1529556392557,-17.354236883323317],[-66.15296024461428,-17.354255279827523],[-66.15296626289144,-17.35427351585964],[-66.1529769099033,-17.35429037303087],[-66.15298891487282,-17.35430454054685],[-66.15300750405395,-17.354312480857946],[-66.15302867969913,-17.354311247413186],[-66.15304812495987,-17.354306377316604],[-66.15306899289934,-17.354300714784245],[-66.15308857516047,-17.35430523783479],[-66.15310960659679,-17.35430725312696],[-66.15312859215526,-17.3543077944738],[-66.15314912845008,-17.35431142810871],[-66.15317049687953,-17.35431597659509],[-66.1531888542452,-17.354320662788158],[-66.15320525474696,-17.35433028760549],[-66.15322314544497,-17.35434083664869],[-66.15324140939103,-17.354351571607207],[-66.15326089824076,-17.35436214341208],[-66.15327834818406,-17.354370789872707],[-66.15329911910877,-17.35437749703593],[-66.15331964844553,-17.35438158205566],[-66.15334285464559,-17.354382815601692],[-66.15336397672931,-17.35437896265869],[-66.15338625619736,-17.354373229898272],[-66.1534072284987,-17.354372986817694],[-66.1534269326755,-17.35437570557318],[-66.15344897591602,-17.35437918004288],[-66.15346867870048,-17.354381989074593],[-66.15348896505779,-17.35438354221597],[-66.15350919086936,-17.35438292729239],[-66.15353068341017,-17.354379440807758],[-66.1535488133509,-17.35436841152573],[-66.15356251034403,-17.3543521720031],[-66.1535732213647,-17.354334445150702],[-66.15358132523647,-17.354315055764424],[-66.15358884274686,-17.3542971028268],[-66.1535939494918,-17.354276948352684],[-66.15360332347018,-17.354260556955285],[-66.15361978075809,-17.35424823964151],[-66.15364024337015,-17.354244467573977],[-66.15365974498273,-17.354242036318105],[-66.15367901675283,-17.35424231078793],[-66.15369773343649,-17.35424808565271],[-66.15371615196649,-17.354260989972705],[-66.153732329627,-17.35427286907694],[-66.15375278786837,-17.354281558341352],[-66.15377529636825,-17.35427926019762],[-66.15379463445848,-17.354269151096247],[-66.15381053186734,-17.3542565548915],[-66.15382507490816,-17.354240327395388],[-66.15383454426801,-17.35422384704241],[-66.15384131246923,-17.35420570282019],[-66.15385409722064,-17.354187644279953],[-66.15386826282318,-17.3541715017043],[-66.153876038626,-17.35415508753036],[-66.15388530880641,-17.35413932673757],[-66.15388749009425,-17.354119852990074],[-66.15387418148318,-17.354104854254995],[-66.15386315974933,-17.3540879014856],[-66.15385127799965,-17.35407183946882],[-66.1538367333428,-17.354057726129955],[-66.15382835221858,-17.354040269164244],[-66.15383008019573,-17.35401970536165],[-66.15383874668004,-17.3540004142713],[-66.1538568277738,-17.35399254475965],[-66.15387578822055,-17.353994711074552],[-66.15389500002473,-17.353998867568396],[-66.15391403078317,-17.354002569982008],[-66.15393354970757,-17.354005105444955],[-66.15395375178483,-17.35400602523346],[-66.15395956872615,-17.353988589858407],[-66.15395098424044,-17.353972123301297],[-66.15395044763392,-17.35395206904731],[-66.15395346505423,-17.353945429812526],[-66.1539787589955,-17.35389061667191],[-66.15401056208079,-17.35386488253612],[-66.15405409475315,-17.35393205358703],[-66.1540691610395,-17.3539428332366],[-66.1541064712691,-17.353944086925654],[-66.1541452312741,-17.353948882954494],[-66.15420232790308,-17.353947528770398],[-66.1542473967081,-17.35397002312659],[-66.15427739658467,-17.353969727891187],[-66.15429343998771,-17.35397203323153],[-66.15430683860744,-17.353975113613146],[-66.15432655608608,-17.353970879359014],[-66.15434757435182,-17.35396765692493],[-66.1543699372366,-17.35396869773762],[-66.15438763439376,-17.353979605125282],[-66.15440124597727,-17.353993253643022],[-66.15441939039967,-17.3539873715806],[-66.15443991987954,-17.353979265972683],[-66.15445864507632,-17.35397230857434],[-66.1544777421249,-17.353965627368666],[-66.15449936207227,-17.35395997538228],[-66.15452033371486,-17.353953682062432],[-66.15454111455179,-17.353947566623773],[-66.15456482080249,-17.353940770432192],[-66.1545839136643,-17.35393436005606],[-66.15460597235648,-17.353924650799247],[-66.15462415021638,-17.353916601990036],[-66.15464167698345,-17.35390809240886],[-66.15466419866107,-17.353900186708298],[-66.15467826455061,-17.353895248885657],[-66.15469885875454,-17.35388904047179],[-66.15471912430655,-17.353879757173114],[-66.15473841632465,-17.353872627215033],[-66.15475958851214,-17.353865524021604],[-66.15477935057037,-17.353858400750788],[-66.15479927074074,-17.353847125923565],[-66.15481471751995,-17.353833259007544],[-66.15482857172641,-17.35381900821776],[-66.15482859036841,-17.35381895791508],[-66.15483543242868,-17.35380095556325],[-66.15483679122201,-17.353779934980164],[-66.15485576003488,-17.35378155951883],[-66.15487582565122,-17.353779136164196],[-66.15489416920833,-17.353772534487497],[-66.15491391453064,-17.35376649456446],[-66.15493399761786,-17.35375684744266],[-66.15494995129725,-17.35374669003464],[-66.15496716470959,-17.353734112454323],[-66.15498313789419,-17.35372269111905],[-66.1549978562712,-17.353707278714467],[-66.15501081078037,-17.353690396397862],[-66.15502312394935,-17.35367242134916],[-66.1550372838419,-17.353656639790174],[-66.15504880592184,-17.35364118188184],[-66.15505640751427,-17.353623862163147],[-66.15506775411433,-17.35360758905412],[-66.15508643541146,-17.353597380158753],[-66.15510462353232,-17.353606939970508],[-66.15512446209776,-17.353607041759687],[-66.1551436544941,-17.353600271538845],[-66.1551634583149,-17.353590439814376],[-66.15518033115227,-17.353581649969666],[-66.15519468322181,-17.3535656002317],[-66.1552131096112,-17.35355972210134],[-66.15523205480886,-17.353550690848742],[-66.15524800984927,-17.353540443131386],[-66.15526704765868,-17.353531503493297],[-66.15528654436196,-17.353523292785948],[-66.15530741357037,-17.353517539715753],[-66.15532751399105,-17.353512859302647],[-66.15534733377913,-17.35350808459294],[-66.15536930461339,-17.35350406289823],[-66.15538900531286,-17.353500911891864],[-66.15540772068356,-17.353494586354074],[-66.15542692142088,-17.353487274420733],[-66.15544728508854,-17.353477721532954],[-66.15546371851403,-17.35346693880356],[-66.15548034625772,-17.353449657226736],[-66.15549206327157,-17.353433750559468],[-66.15550124066424,-17.353417898046768],[-66.1555093721536,-17.353396702938376],[-66.1555149528767,-17.353376284227828],[-66.1555173150238,-17.35335726451223],[-66.15551887567722,-17.353335343784355],[-66.15553648939819,-17.35332728684962],[-66.15554422515433,-17.353343921875112],[-66.15555384247165,-17.35336049337868],[-66.1555671679112,-17.353374408650833],[-66.1555796068758,-17.35339093001094],[-66.15559840576117,-17.35339137815391],[-66.15561556337516,-17.353382411719583],[-66.15563556352843,-17.353372040934705],[-66.15565398571046,-17.35336643359968],[-66.15567484792938,-17.353361131888434],[-66.15568987538711,-17.35335005822776],[-66.15569810643248,-17.353328503324402],[-66.15571166040088,-17.3533154220881],[-66.15572201111888,-17.353302746765713],[-66.1557232429787,-17.35330213219522],[-66.15572539541856,-17.353302794928016],[-66.15574022500273,-17.353316731595434],[-66.15575635120294,-17.353331950916594],[-66.15576802975892,-17.353349003246564],[-66.15578783626707,-17.353351181413945],[-66.15580428777419,-17.353339225007186],[-66.15581949420752,-17.35332264557132],[-66.15583682243188,-17.35330871503345],[-66.15584074921118,-17.353304075304052],[-66.15584870652864,-17.353294165220206],[-66.15586248611311,-17.35327864907749],[-66.15587906783563,-17.35326434671117],[-66.15589727066241,-17.353254672721288],[-66.15591676938723,-17.353252421785676],[-66.1559362416453,-17.353251886175066],[-66.15595900140876,-17.353251577943762],[-66.15597835111959,-17.353246796476146],[-66.15600053361568,-17.353241242614367],[-66.1560210552874,-17.35323972862593],[-66.1560422210881,-17.35323912680292],[-66.15606197955005,-17.353238324351707],[-66.15608166629029,-17.35323607607479],[-66.15610402426434,-17.35323133739963],[-66.15612630076522,-17.35322578486069],[-66.15614491651226,-17.353219819029718],[-66.15616690680768,-17.353214533314105],[-66.15618736093356,-17.353211302642947],[-66.156209356094,-17.353211796204857],[-66.15622838198797,-17.35320971911032],[-66.15624801441979,-17.35319880122338],[-66.15626954371682,-17.353199017249345],[-66.15629167745531,-17.353196623166923],[-66.15631111211671,-17.353186334560654],[-66.15632763808966,-17.35317564336659],[-66.15634773846199,-17.353170962841325],[-66.15636799203125,-17.35316854199902],[-66.15638725189861,-17.35316348831014],[-66.15639997156588,-17.353180103921076],[-66.15640061220898,-17.353199527583225],[-66.15640709251078,-17.3532183119281],[-66.1564260626968,-17.353219846030736],[-66.15644700636281,-17.353215358094197],[-66.15646821394786,-17.353212047813095],[-66.1564873087825,-17.35321159707833],[-66.15650905395596,-17.353210010145418],[-66.15652994052016,-17.35320922369671],[-66.15654915721711,-17.3532069686851],[-66.1565688481336,-17.35320444951751],[-66.15658670623323,-17.35319883406507],[-66.15660546611282,-17.35318961943082],[-66.15662309371282,-17.353180659586876],[-66.15664540919433,-17.353172579134917],[-66.15666596846407,-17.353168627506776],[-66.15668706810901,-17.353166218667926],[-66.15670725344168,-17.353168221531458],[-66.15672854249597,-17.353165725082448],[-66.15674540409684,-17.35315765733192],[-66.15676255119251,-17.35314327262408],[-66.15677575272116,-17.3531286511855],[-66.15678348295476,-17.353109075699823],[-66.156782973877,-17.35308721579845],[-66.15678186454295,-17.353067695164412],[-66.15679238020732,-17.353050416808486],[-66.15681015331838,-17.35303811790574],[-66.156827406255,-17.353029062410364],[-66.15684366269699,-17.35301755463111],[-66.1568603355527,-17.35300343406652],[-66.15687547781634,-17.35299100743216],[-66.15689348281195,-17.35298196262813],[-66.15691366531303,-17.352971955494233],[-66.1569349675902,-17.352974696622695],[-66.15695412092421,-17.352982644595855],[-66.15697305071811,-17.352986796776737],[-66.15699241013633,-17.352981383239594],[-66.15700783720023,-17.35296878004435],[-66.15702138966668,-17.352955788981657],[-66.15703849773573,-17.35294393209675],[-66.1570581440676,-17.352944301850396],[-66.15707937115708,-17.35295191810815],[-66.15709734137664,-17.352957320831884],[-66.1571163595662,-17.352949644921463],[-66.1571322886858,-17.35293497195005],[-66.1571498291947,-17.352925559312588],[-66.15716953400509,-17.35292213727538],[-66.15719071788502,-17.35292036167855],[-66.15721060514191,-17.352917303433237],[-66.15723281475844,-17.35291608422288],[-66.15725576947956,-17.352915327109134],[-66.15727901040255,-17.352914303162528],[-66.15729738305531,-17.3529058053492],[-66.15731250997064,-17.35289437176135],[-66.15733104696821,-17.352887411386693],[-66.15735329066136,-17.352877885020856],[-66.15737195507828,-17.352868759247347],[-66.15739337881418,-17.35286057571889],[-66.15741388547114,-17.352856984459592],[-66.15743523574837,-17.352850515586944],[-66.15744925543595,-17.352837711735372],[-66.15746117697343,-17.352820724229158],[-66.1574703283809,-17.35280044651468],[-66.15747862675137,-17.35278060816913],[-66.15748813052015,-17.3527618705695],[-66.15750217804029,-17.352747261102685],[-66.15752156526791,-17.352740041898198],[-66.15754311820113,-17.35273872301068],[-66.15756373522895,-17.352737119909957],[-66.15758287457615,-17.352733780086712],[-66.15760067201393,-17.352725996463114],[-66.15761863240881,-17.352719840560606],[-66.15763505870021,-17.352709509025743],[-66.1576511855222,-17.35269420671377],[-66.15766665985265,-17.352678533919875],[-66.15768287650121,-17.352663503782924],[-66.15769516290158,-17.35264724384926],[-66.15770173011552,-17.35262990928037],[-66.15771317739875,-17.352613185910663],[-66.15772899434023,-17.35259968518982],[-66.1577476670659,-17.352590017691],[-66.15776706819037,-17.35258189565357],[-66.15778499023969,-17.352572127175556],[-66.15780539557016,-17.35257205614202],[-66.1578250627559,-17.352571071606786],[-66.15784528350142,-17.35256467692208],[-66.15786181212782,-17.352553805018164],[-66.15787790690291,-17.35254057913502],[-66.15789083880715,-17.35252514106757],[-66.15789883143044,-17.352506833454324],[-66.15791770200313,-17.35250872719174],[-66.1579331702943,-17.352523936996786],[-66.15794890808502,-17.352539963336003],[-66.15796500659975,-17.352556988107143],[-66.15797615748416,-17.3525716850175],[-66.15799124557704,-17.352587160314133],[-66.1580084819409,-17.35260356915981],[-66.15802339037414,-17.352618500098096],[-66.15804220528551,-17.35262400504713],[-66.15805925341745,-17.35261603012349],[-66.15807551114962,-17.352604431946336],[-66.15809478966763,-17.352592064016264],[-66.15811260024101,-17.35257732740314],[-66.15812834402426,-17.35256247110101],[-66.15814549375156,-17.352547905688603],[-66.15816074800343,-17.352534306627582],[-66.15817677797901,-17.352519183488734],[-66.15819103849941,-17.352502951585755],[-66.15820528649101,-17.352487532206343],[-66.15822131089165,-17.352472770184946],[-66.1582365776578,-17.352458358591306],[-66.15825022819088,-17.352445097921343],[-66.15826267470982,-17.352430646227315],[-66.15827585519853,-17.352417378872094],[-66.15829629037731,-17.352409271479345],[-66.15831748596963,-17.35240063309331],[-66.15833707785607,-17.35239233310573],[-66.1583561921132,-17.352390618251103],[-66.15837663716398,-17.35239406943485],[-66.15838631352933,-17.352376327534838],[-66.15838785850909,-17.352355399817732],[-66.15838325956408,-17.352336551960487],[-66.1583747261991,-17.352316745163673],[-66.15837049632941,-17.352298354055335],[-66.1583708853786,-17.352279215911476],[-66.15837277020536,-17.352260640835294],[-66.15837414525964,-17.352238536797742],[-66.15839341056801,-17.35223312177029],[-66.15841056608846,-17.352242576305155],[-66.15842940679666,-17.352252506298505],[-66.15844552823292,-17.35226194612945],[-66.1584663298218,-17.352266666576195],[-66.1584870010773,-17.352261542428614],[-66.15850605672752,-17.3522514287907],[-66.15852407132957,-17.35224175185264],[-66.15854075451001,-17.35223304928895],[-66.15855893207588,-17.352225000070565],[-66.15857877039826,-17.352212910943095],[-66.15859288118827,-17.35220028888935],[-66.1586092662587,-17.352186525260322],[-66.15862503640948,-17.35216995357658],[-66.15864329467666,-17.35215666807479],[-66.15866386696041,-17.352145763275665],[-66.15868161621977,-17.352134998944333],[-66.15869749088394,-17.352123846761604],[-66.15871411621848,-17.352112795548706],[-66.15873322688861,-17.352105211077983],[-66.15875543642306,-17.352103991682316],[-66.15877842384634,-17.352107208060445],[-66.15879783340212,-17.3521107347788],[-66.15881763847139,-17.352113002912105],[-66.15883964051135,-17.352113044763005],[-66.15886063072715,-17.3521116274227],[-66.15888236187527,-17.352110943015155],[-66.158905404961,-17.352110548154666],[-66.15892745352723,-17.352101470317674],[-66.15894553766749,-17.35208727930533],[-66.15896113368032,-17.35206980211059],[-66.15897557237554,-17.3520542047725],[-66.15899096506152,-17.352037717988914],[-66.15900526104569,-17.35202527913338],[-66.15902226934453,-17.35201378183243],[-66.15903683482645,-17.35200215950821],[-66.15905228533558,-17.351988021350795],[-66.15906677350176,-17.35197531432012],[-66.1590830686863,-17.351961278465787],[-66.15909550676143,-17.351947368388632],[-66.15911039877933,-17.351932861085874],[-66.15912688614654,-17.35191855705728],[-66.15914229768562,-17.35190694674845],[-66.15915889376069,-17.351897791384822],[-66.15917724954987,-17.351890376737796],[-66.1591957599632,-17.351885131496328],[-66.1592165168262,-17.35188055028373],[-66.15923869632796,-17.351875176584308],[-66.15925800610385,-17.351866872483452],[-66.15928859085601,-17.351834708712286],[-66.15930169252744,-17.35182044684842],[-66.15931489933428,-17.351805464074257],[-66.1593326554847,-17.35179424827111],[-66.15934796882027,-17.351782907448776],[-66.15936194576864,-17.351766761710238],[-66.15936552401553,-17.3517481203761],[-66.15936985154167,-17.35172967029114],[-66.15937650839453,-17.351712607815898],[-66.15938252527636,-17.351694362339718],[-66.15939077330309,-17.351677773978857],[-66.15940699470659,-17.351668522964964],[-66.15942800376284,-17.351671982048316],[-66.15944689098342,-17.35167279226318],[-66.1594673045871,-17.351672179361113],[-66.15948597597075,-17.3516747925136],[-66.1595067886683,-17.351678790601056],[-66.15952501285818,-17.351673812158644],[-66.1595425865335,-17.351662232538434],[-66.15955826614012,-17.35165152900471],[-66.1595755104921,-17.351643014915926],[-66.1595822724588,-17.351625231521005],[-66.15957937387981,-17.351605866037122],[-66.15957327069079,-17.351586996816547],[-66.15956777298891,-17.351568497401995],[-66.15963151473899,-17.351492828426192],[-66.1596406012662,-17.351482843898072],[-66.15969674496772,-17.351421244093736],[-66.1598076976414,-17.351348051907603],[-66.1599075554431,-17.35125041118065],[-66.15998822573987,-17.351214172988474],[-66.16008985639843,-17.3511540320322],[-66.16014263555024,-17.351146022748242],[-66.16021886906077,-17.35109870475632],[-66.16044299637888,-17.350954518395564],[-66.16056192013627,-17.350815519576305],[-66.16061756578593,-17.350767908945933],[-66.16062707704228,-17.350745604374026],[-66.16063416248159,-17.350734282005778],[-66.16064440396902,-17.350716457680466],[-66.16064317794184,-17.350698380162946],[-66.16062672495426,-17.35068604618607],[-66.16062523220148,-17.3506669715743],[-66.16064452372484,-17.35065984096066],[-66.16066547400918,-17.350654901119054],[-66.16068448713742,-17.35065363608018],[-66.16070063663355,-17.35064293911007],[-66.16071107863708,-17.350624304923226],[-66.16072008967174,-17.350607004917624],[-66.16073052610926,-17.350588731852195],[-66.16072592554092,-17.350569974298196],[-66.1607096258112,-17.35055990001864],[-66.16069453203474,-17.350544786038707],[-66.16068310454611,-17.35052972413489],[-66.16067081987009,-17.350515372459004],[-66.16066110954424,-17.350498709536208],[-66.16065397217763,-17.350479825647586],[-66.16066333838076,-17.350463885196795],[-66.1606816625406,-17.35045240641097],[-66.16070190940606,-17.350444296052604],[-66.1607221520988,-17.35043645653421],[-66.16073957179121,-17.350428757516976],[-66.16075382636197,-17.35041288649434],[-66.160771057184,-17.350399134656215],[-66.16079008333674,-17.350390916648365],[-66.16080866672229,-17.350387026774797],[-66.160829339122,-17.350381812062647],[-66.16084955068183,-17.35038209913491],[-66.16087145298238,-17.350382500519604],[-66.16089047720635,-17.350380513210496],[-66.16091282088051,-17.35037667673454],[-66.16093512423583,-17.350375458398762],[-66.16095101669686,-17.350363132342746],[-66.16096113770746,-17.350347021992942],[-66.160966411608,-17.350338176106828],[-66.16097069328245,-17.3503309939122],[-66.16098093332116,-17.350313259841748],[-66.16099127153568,-17.35029525626323],[-66.16099880760474,-17.35027603897945],[-66.1610047163544,-17.350258694894535],[-66.16101345783076,-17.35024057833595],[-66.16102170285487,-17.350224170436203],[-66.16103380634245,-17.350207546433253],[-66.16104187447031,-17.350190413615536],[-66.16105015980526,-17.350171387570708],[-66.16106039009422,-17.35015428545912],[-66.16107302008064,-17.350140107044673],[-66.1610890329321,-17.350126066972972],[-66.16110718934797,-17.350119371686404],[-66.16112576071606,-17.350110153875736],[-66.16113983277526,-17.35009391902328],[-66.16114858535012,-17.350075080208985],[-66.16114245977603,-17.35005765551068],[-66.16112619342299,-17.350045414528676],[-66.16110877257374,-17.3500348728601],[-66.1610933773122,-17.350021018837175],[-66.16109439973732,-17.35001843179878],[-66.16110022611223,-17.35000368809727],[-66.16111756425464,-17.349995175176154],[-66.16112357115802,-17.34997756157698],[-66.16114233278142,-17.349974306300844],[-66.16116305968966,-17.349977761173466],[-66.16118200133276,-17.349987240827772],[-66.16119730398269,-17.350001003228634],[-66.16121649758985,-17.350006332632955],[-66.16123678696133,-17.350001563934523],[-66.16125704435984,-17.349998871692627],[-66.16127204673914,-17.349983282143413],[-66.16128588071858,-17.349970294716645],[-66.16129562286709,-17.34995435956361],[-66.1612965617112,-17.349936132183018],[-66.1612964859382,-17.34991662618621],[-66.16130109105625,-17.34989845086925],[-66.16130822602277,-17.349880853280926],[-66.16131716519199,-17.349862107405635],[-66.16133002068293,-17.349845494056485],[-66.16134907872889,-17.349835199524005],[-66.16136104784104,-17.349821192301583],[-66.16136943407957,-17.349801716166454],[-66.16138599007043,-17.349789038284882],[-66.16140550424268,-17.349779653228534],[-66.16142145726748,-17.349769495197137],[-66.16143326059562,-17.349754040805784],[-66.16143270921032,-17.34973488925548],[-66.16143027629556,-17.34971580128814],[-66.16144941530854,-17.349712461037118],[-66.16150047272055,-17.34970632319379],[-66.16151783027895,-17.349696546299157],[-66.16153472336063,-17.349686401605172],[-66.1615466192909,-17.34967103882052],[-66.16155748809231,-17.349655209947517],[-66.16156649343198,-17.349638271007073],[-66.1615750176159,-17.34962204763862],[-66.16158953044308,-17.349607715314363],[-66.16160137127326,-17.34958982332643],[-66.16161709506649,-17.349576230598643],[-66.16162787401828,-17.349560129542645],[-66.16164609240319,-17.349555511990047],[-66.16166499473954,-17.349555328875525],[-66.16168595827878,-17.349555626528222],[-66.16170485227667,-17.34955598509504],[-66.16172769595484,-17.34955630943839],[-66.16174763792769,-17.34955577987477],[-66.16176786192148,-17.349555254313294],[-66.16178768259122,-17.349550388594864],[-66.16180271357611,-17.34953904352849],[-66.16181359207661,-17.34952258267097],[-66.16181539776956,-17.349503013078746],[-66.16181543400847,-17.34948233475686],[-66.16183050667888,-17.349468281261316],[-66.16184092764551,-17.34945100120002],[-66.16184282873029,-17.349431342660708],[-66.16183700457611,-17.349412658048166],[-66.16184814423875,-17.34939755540409],[-66.1618667029944,-17.34938915003567],[-66.16188165107171,-17.349377081378936],[-66.16189200581525,-17.349357994361306],[-66.16189731059345,-17.349337119935452],[-66.16189206298327,-17.349317630804013],[-66.16189526208767,-17.34929916459932],[-66.1618885779717,-17.34928137078484],[-66.16187132986012,-17.34927182494517],[-66.1618546735859,-17.349260481494827],[-66.16183878048592,-17.349248426473782],[-66.16182727284776,-17.34923246048849],[-66.16184314569311,-17.349221398269243],[-66.16186219759395,-17.34921760523088],[-66.16188140554414,-17.349215891319908],[-66.16190251676055,-17.349218809758867],[-66.16192249989693,-17.349221712180206],[-66.16193899039475,-17.349231608461775],[-66.1619532873549,-17.349219079050247],[-66.1619653656726,-17.349204080023235],[-66.16198039743189,-17.349217116113206],[-66.16199803963866,-17.34922549363049],[-66.16201678630422,-17.349235421936413],[-66.16203123841171,-17.349218921494312],[-66.16204732844206,-17.349205966027426],[-66.16206091502885,-17.349190717503713],[-66.16207402463148,-17.349175913710422],[-66.16208897406774,-17.349163754752542],[-66.16210954952336,-17.34915871910915],[-66.16212542234825,-17.34914765686397],[-66.16213613362444,-17.349129839098296],[-66.16213961888765,-17.349111106046205],[-66.16213917810167,-17.349090872450137],[-66.16213909805674,-17.349071637281895],[-66.16213958344123,-17.349052319839807],[-66.1621536164186,-17.349038612754565],[-66.16216808607763,-17.34902707908198],[-66.16218262660242,-17.34901094108232],[-66.16219380094905,-17.34899358138829],[-66.16220412367537,-17.348976570806624],[-66.16221396386055,-17.348960366079886],[-66.16222202208637,-17.348943865154887],[-66.16223196183266,-17.34892730063758],[-66.16224472872321,-17.348910324748505],[-66.16225709874215,-17.34889469773403],[-66.16226972020958,-17.34888106090167],[-66.16228522531084,-17.348869451615446],[-66.1622976008814,-17.348853463473873],[-66.16230948696402,-17.348838732591833],[-66.16232187781443,-17.34882175135809],[-66.16232209366055,-17.34880161738084],[-66.16231056098727,-17.348787276477104],[-66.16230829792667,-17.34876936482807],[-66.16231253521256,-17.34875064244408],[-66.16232378686135,-17.348734367443612],[-66.16234331846644,-17.348729949055983],[-66.16235504987003,-17.348713048758686],[-66.16236879383713,-17.34869978905321],[-66.16237742024235,-17.348683025281385],[-66.1623794856424,-17.34866490417042],[-66.16237976491833,-17.348646757706387],[-66.16238557946127,-17.34862941221713],[-66.16239396128888,-17.348646868914365],[-66.16239988227562,-17.348665374289148],[-66.16240371011025,-17.348685475364537],[-66.16240785470053,-17.34870332342007],[-66.16241852186737,-17.348718916242294],[-66.16243160263899,-17.348736529937504],[-66.16244290562484,-17.348753576594117],[-66.16245865748813,-17.348768699784088],[-66.1624744690981,-17.348779940893543],[-66.16249336069698,-17.348792670529516],[-66.16251015127986,-17.34880139711409],[-66.16252963193199,-17.348812509696526],[-66.16254911675475,-17.348823351434607],[-66.16256888129064,-17.3488282372984],[-66.16258761314452,-17.348833018202335],[-66.16260552625852,-17.34884212191518],[-66.16262309252393,-17.34884932439],[-66.16264331181623,-17.348855210008722],[-66.16266482636325,-17.34886246851911],[-66.16268445661169,-17.34886997118543],[-66.16270305556752,-17.34887727861163],[-66.162721337773,-17.348886839057133],[-66.16273854422904,-17.3488990932531],[-66.16275592897593,-17.348911982082928],[-66.16277425934909,-17.348924523129828],[-66.16279119351726,-17.34893614135303],[-66.16280711028512,-17.348946661527652],[-66.16282453532968,-17.348956932205322],[-66.16284408918266,-17.34895106927528],[-66.16282657846598,-17.348940255579365],[-66.16281374354081,-17.348924993209913],[-66.16279489867496,-17.348915334485547],[-66.16277727034085,-17.34890605422806],[-66.16276328094634,-17.348892491183815],[-66.16274472922107,-17.348882114210628],[-66.16272694205473,-17.348870935381314],[-66.16271112347283,-17.34886014569326],[-66.16269600878597,-17.348846386072864],[-66.16267964978655,-17.348834053601536],[-66.16266355058032,-17.348823169626876],[-66.1626464298073,-17.348811458445997],[-66.16263199401544,-17.348796353947733],[-66.16262030108878,-17.348780204771245],[-66.16261011504794,-17.34876389638075],[-66.16259893105916,-17.348745226008763],[-66.1625882046012,-17.348727374836205],[-66.1625779245591,-17.348711065110564],[-66.16257204106512,-17.348690122153187],[-66.16256794647477,-17.348669023985256],[-66.16256475304856,-17.3486504670262],[-66.1625611340491,-17.348629014405986],[-66.16255813975138,-17.348609737868074],[-66.16255591556724,-17.34858929835233],[-66.16255624623003,-17.348567811490962],[-66.16255918962257,-17.348547625922286],[-66.16256372973444,-17.348527553316984],[-66.16256675184866,-17.348508362172424],[-66.16257109283063,-17.348489009145556],[-66.16257607657381,-17.348470658548518],[-66.16258163130081,-17.34845186455205],[-66.16258801541231,-17.348434165934727],[-66.16259871687008,-17.34841698009707],[-66.16261262426805,-17.348399207656115],[-66.16262463903197,-17.348382221057594],[-66.16263636204943,-17.348365862421872],[-66.162650093466,-17.348353415218348],[-66.16266454544224,-17.34833691471073],[-66.16267581370309,-17.34831955631029],[-66.1626866327687,-17.348300837023757],[-66.16269603201211,-17.34828272969003],[-66.16270758784209,-17.34826501416558],[-66.1627217091636,-17.348251669482494],[-66.16273698078648,-17.348236896312958],[-66.1627453012596,-17.348230172318342],[-66.16275345226151,-17.34822358498114],[-66.16277334177244,-17.34822034553081],[-66.16279294047006,-17.348223784200563],[-66.16281269985585,-17.34822289071686],[-66.16281585115092,-17.348222433368107],[-66.16281680106843,-17.34822229514413],[-66.16282288791177,-17.34822140808681],[-66.16282468205682,-17.348221156326055],[-66.1628336243624,-17.348219850162323],[-66.16283842254543,-17.34821856735924],[-66.16285222417847,-17.348214876687987],[-66.16287017612981,-17.348203121467076],[-66.16288569363904,-17.348190699591033],[-66.16290300282252,-17.34817794193725],[-66.16291843416553,-17.34816525335125],[-66.16293249019455,-17.34814955087584],[-66.16295098116863,-17.348139428707704],[-66.16296957587083,-17.348128675904835],[-66.16298323546745,-17.34811478284272],[-66.16300366028406,-17.34810730683178],[-66.16302549380431,-17.3480999411098],[-66.16304654332464,-17.348094641175464],[-66.16306601557324,-17.348087964346057],[-66.16308326222914,-17.34807926931722],[-66.16310371853912,-17.348075857272814],[-66.16311133852788,-17.348075303499133],[-66.16312452170436,-17.348074346462678],[-66.16314706654042,-17.348075749987025],[-66.16316832123483,-17.34808155993563],[-66.1631874925139,-17.348088333626187],[-66.1632042886359,-17.348096699024413],[-66.16322330618623,-17.348107353460446],[-66.1632406621828,-17.348115997702624],[-66.16326103332766,-17.348124233223853],[-66.16327981609,-17.34813181409994],[-66.16330206597623,-17.348140166576584],[-66.16331999574086,-17.34814818684926],[-66.16333746242024,-17.348155749046168],[-66.16335479203859,-17.348166108618774],[-66.16337069350818,-17.34817762183513],[-66.16339036217819,-17.348188736999866],[-66.1634079325936,-17.348195668558404],[-66.16342665886444,-17.348200810501673],[-66.16344673273272,-17.34821003509598],[-66.16346303523763,-17.348219928583593],[-66.16348024308671,-17.34823209243344],[-66.16350006271954,-17.34823950740165],[-66.16349225455232,-17.34822142677347],[-66.16348309696484,-17.34820549421591],[-66.16346930945687,-17.348191031078063],[-66.16345173253102,-17.348178410487552],[-66.16343612140754,-17.348166359592383],[-66.16341835369609,-17.348153916893924],[-66.16340187013125,-17.348143569331114],[-66.16338523050034,-17.348131142636507],[-66.16337134622167,-17.348116858721873],[-66.16335847284233,-17.348097983814366],[-66.16335179415806,-17.348079828908748],[-66.16333734307007,-17.348065717551425],[-66.16331827690307,-17.34805822296069],[-66.16330050321383,-17.34805228181972],[-66.16328372931292,-17.348042471933645],[-66.16327596378903,-17.34802773303159],[-66.1632661347376,-17.34800655349928],[-66.1632619043937,-17.34798816243076],[-66.16325594677265,-17.347978144817997],[-66.16325163959577,-17.347970859645187],[-66.16324329659237,-17.347950875107834],[-66.1632329364027,-17.347933661268875],[-66.16322618178509,-17.3479143313747],[-66.16321153715093,-17.347900578467485],[-66.16319861102052,-17.34788513423142],[-66.16318673284975,-17.347868801858176],[-66.16317937253243,-17.34785217238936],[-66.16319050920421,-17.347837250200424],[-66.16320913814367,-17.347830380784877],[-66.16322167101436,-17.347816381412244],[-66.16320883056018,-17.347801480197305],[-66.16319259755376,-17.34778707264662],[-66.16317718105076,-17.347799044483946],[-66.16315807513838,-17.347806358632052],[-66.16316052896467,-17.34778743030586],[-66.16316385106873,-17.347767069489162],[-66.16316425759356,-17.347746757601406],[-66.16315284390771,-17.347730793021288],[-66.16313667158227,-17.347718553545064],[-66.1631230100885,-17.3477020152633],[-66.16311502507486,-17.347683209712493],[-66.16311044650449,-17.347663007688116],[-66.16310734841866,-17.347644361783622],[-66.16310813652738,-17.347623694108513],[-66.16312236844162,-17.347609267347064],[-66.16312829087708,-17.347627682426747],[-66.16313610593522,-17.347645311656297],[-66.16314844995313,-17.347661921542738],[-66.16316270604071,-17.347676481644573],[-66.16317547053396,-17.347690207874077],[-66.16318936449105,-17.347703859829043],[-66.16320669683843,-17.34771403884551],[-66.16322807094438,-17.347712084616937],[-66.16324593443848,-17.34771829793627],[-66.16325991963161,-17.347732131783232],[-66.16327842589376,-17.34773934752823],[-66.16329847141749,-17.347738187147126],[-66.16331199769704,-17.347751292073895],[-66.1633246195898,-17.347768176797207],[-66.16333518446092,-17.34778430992728],[-66.16335330915194,-17.347791881455077],[-66.16337400300306,-17.347791362371083],[-66.1633835748848,-17.347774250749204],[-66.16339051042645,-17.34775737262249],[-66.16339982250787,-17.347738812501763],[-66.16340630051539,-17.347721115175897],[-66.16341558203831,-17.347704541236],[-66.16342167846294,-17.347687199697972],[-66.16343600853442,-17.347672503402162],[-66.16345412618945,-17.347662195278765],[-66.1634696644473,-17.34764841912918],[-66.1634881400682,-17.347639289990315],[-66.16350281560157,-17.347626585205692],[-66.16351556977953,-17.347610421732274],[-66.16352103175767,-17.3475915360757],[-66.16353171640952,-17.347575433539088],[-66.16354295259669,-17.3475601515332],[-66.16355875896967,-17.347547282185733],[-66.16357542944851,-17.347533251186928],[-66.16358781453273,-17.347516630966886],[-66.16360147403667,-17.3475027378483],[-66.16361088564237,-17.347483817921955],[-66.16361886493632,-17.347466322485776],[-66.16362893596853,-17.34744732161283],[-66.1636403532074,-17.34743249367147],[-66.16365833099503,-17.347425163464408],[-66.16367912201731,-17.34741832467063],[-66.16369671266914,-17.34741171137326],[-66.16370827389878,-17.34739363464339],[-66.16370950974591,-17.347374418120186],[-66.16371974100154,-17.34735722552834],[-66.1637353204504,-17.34734688136398],[-66.16375512738772,-17.3473367777733],[-66.16377511816904,-17.347326947690664],[-66.16379485748043,-17.347315127422043],[-66.16379488835257,-17.347314893078085],[-66.16379730983932,-17.347296289357732],[-66.1638004105185,-17.34727809259576],[-66.16379912237201,-17.347233465756627],[-66.16380653759937,-17.34721596230682],[-66.16381571255323,-17.34720019953439],[-66.16382932105586,-17.34718350634799],[-66.16384205573137,-17.347168606779032],[-66.16385106905084,-17.34715112599715],[-66.1638628858809,-17.34713476859388],[-66.16388112759807,-17.347128616015308],[-66.16390235945005,-17.347123679761772],[-66.16392098135432,-17.347117261670203],[-66.16393986166992,-17.34711238235515],[-66.16396003446161,-17.347109056485223],[-66.16398040817454,-17.34709878030539],[-66.16400269157322,-17.347080494445336],[-66.16409532694311,-17.347005865532665],[-66.16431671254327,-17.34683156466355],[-66.16450328114526,-17.34667735828684],[-66.16454431400048,-17.34664434833122],[-66.16456350660152,-17.34661915569885],[-66.16457455285098,-17.346610101675758],[-66.16485488538945,-17.346289445722476],[-66.16513575590224,-17.346086639454096],[-66.16562104985438,-17.345601650920223],[-66.16572274893018,-17.345567333433785],[-66.16602541625785,-17.345377747632842],[-66.16628954761767,-17.345113748997946],[-66.1665958269591,-17.344823618096477],[-66.16718392870175,-17.344280573202834],[-66.16746768493884,-17.34397522182369],[-66.16774044362985,-17.343657342901146],[-66.16773086390818,-17.34377297311753],[-66.16778821310207,-17.343846838935477],[-66.16780123105863,-17.343948160462595],[-66.16788399632746,-17.344081352822258],[-66.16790006546037,-17.34417991823423],[-66.16798695251401,-17.344234516754593],[-66.16805090655154,-17.344257907493663],[-66.16815245037807,-17.34430711486972],[-66.1683657982304,-17.34431293560445],[-66.168556127029,-17.344293145856785],[-66.16871903845762,-17.344160633166606],[-66.1686543511496,-17.34418500152006],[-66.1685370211719,-17.344208624416147],[-66.16841107902748,-17.344223636982683],[-66.16829148082117,-17.344205147317112],[-66.16817540257173,-17.344147245877632],[-66.16807432486202,-17.344061563506123],[-66.16801444950283,-17.34396237768077],[-66.1679727131072,-17.34382696713088],[-66.16796612774574,-17.343686365457113],[-66.16796502408084,-17.343568416677417],[-66.16801934136075,-17.343453961831884],[-66.16811125483088,-17.34337101265707],[-66.16820578156106,-17.3433076957638],[-66.16831732566293,-17.343281191725726],[-66.16846976158915,-17.34325526665545],[-66.16860955002669,-17.34329372765308],[-66.16875181220027,-17.343354798856424],[-66.16881695623677,-17.343490540727178],[-66.1688474314215,-17.34360619639813],[-66.16886143299124,-17.343667979981255],[-66.16891027490679,-17.34375093579367],[-66.16894281917689,-17.343695048675947],[-66.1689551485331,-17.343633005779232],[-66.16897127938422,-17.34353769559589],[-66.16897565966289,-17.343442219048207],[-66.16889118663616,-17.343230350637587],[-66.16869091975256,-17.343131976628904],[-66.16852768947837,-17.343101581774818],[-66.16844484897166,-17.343083522465335],[-66.16841148744219,-17.343076277481604],[-66.16855188827641,-17.342933964421082],[-66.16886185012295,-17.342605593518343],[-66.16923074661926,-17.3420516713221],[-66.16969277081317,-17.3417520899993],[-66.17006465797733,-17.34150322913903],[-66.1701408824679,-17.341452220232075],[-66.17043640836698,-17.341163555005394],[-66.17073152485486,-17.340901522283122],[-66.171257386473,-17.340264661449773],[-66.17151933270307,-17.34006247930396],[-66.1716617947062,-17.339889670713582],[-66.1717670505078,-17.339800948175952],[-66.17195670396472,-17.339640907017255],[-66.17233654699828,-17.339273513698004],[-66.17260433522382,-17.338984452149646],[-66.17268394065425,-17.3388978767707],[-66.17285810088941,-17.33870846622188],[-66.17327928440699,-17.33835501952568],[-66.17365891884158,-17.33800089431868],[-66.174065057221,-17.337727149736722],[-66.17445676648187,-17.337493023297025],[-66.1748784461098,-17.337112940479606],[-66.17528641496483,-17.33671938858955],[-66.17563769970201,-17.336404861890152],[-66.1761451200607,-17.335852878079976],[-66.17653335976215,-17.33584508388603],[-66.17717540133148,-17.33584096083596],[-66.17769493368063,-17.33602121914988],[-66.17815163993866,-17.336067575528997],[-66.17848380962008,-17.336098900006263],[-66.17896693283521,-17.336225453957407],[-66.17958850367854,-17.33636741387988],[-66.17996120635114,-17.336465859953886],[-66.18034802597421,-17.33655113969469],[-66.1807233726297,-17.336476603268846],[-66.18100139773941,-17.33642724338899],[-66.18195677089395,-17.33649398280802],[-66.18206385310079,-17.336500728836132],[-66.18215327674943,-17.336506323037398],[-66.18353905452486,-17.33659356586382],[-66.1841173169184,-17.336604235330935],[-66.18486882347446,-17.33640179002765],[-66.18557756120786,-17.336278657407416],[-66.18635770108364,-17.33602342091431],[-66.18740191920288,-17.33558496833582],[-66.18772629711023,-17.33535040811044],[-66.18864732887945,-17.33493739733551],[-66.18905263232065,-17.33471679475597],[-66.18977932953962,-17.33432759624703],[-66.19019833929093,-17.334120548279163],[-66.19041428157989,-17.333591066927276],[-66.19072257119325,-17.333369097864363],[-66.19108733334527,-17.333081368075256]]]]},"id":12},{"type":"Feature","properties":{"Distritos":"D13"},"geometry":{"type":"MultiPolygon","coordinates":[[[[-66.14174753728503,-17.25743195133618],[-66.14208713254797,-17.257305624430956],[-66.14289757863695,-17.259353491638755],[-66.14289766002835,-17.259353698680712],[-66.14291734906541,-17.259403447846633],[-66.14292055125512,-17.259411540037277],[-66.14535392497139,-17.25974141975986],[-66.14784605820768,-17.259615397440193],[-66.14804758726854,-17.259605205885475],[-66.14869464840437,-17.264153249806924],[-66.14869465835136,-17.264153275232285],[-66.1492117989124,-17.2648949063798],[-66.14928575264821,-17.265378260648895],[-66.14958952342221,-17.266623752577782],[-66.15021614491137,-17.26766909838775],[-66.15047122900447,-17.268094665536363],[-66.15197546110457,-17.26898485235882],[-66.15197549320538,-17.26898484288125],[-66.15219871572735,-17.268921738588446],[-66.15298690684737,-17.269138877580254],[-66.15298694998819,-17.26913888361021],[-66.1554258218283,-17.269153151409263],[-66.1570700780509,-17.270395236863028],[-66.16521668199344,-17.273895411604347],[-66.16655476837872,-17.279131738707953],[-66.16835848280338,-17.28343993253551],[-66.1693203778195,-17.285737359365605],[-66.16935895985712,-17.28582950850425],[-66.16935897168729,-17.28582953395565],[-66.16951791558195,-17.286121959469224],[-66.16953535596699,-17.286139140770675],[-66.16954748603902,-17.28615401938314],[-66.16958186700936,-17.286196233869063],[-66.1705619191875,-17.288805782671655],[-66.1707883611857,-17.289352773956033],[-66.17119097697856,-17.289880303840018],[-66.17119100471632,-17.289880334030883],[-66.17161478388648,-17.290293270263728],[-66.17180790103873,-17.29049902227743],[-66.17198529543224,-17.290780800394856],[-66.17215706812503,-17.29142903807925],[-66.17250890584684,-17.292184546324645],[-66.17302341528027,-17.29263112523199],[-66.17320946605504,-17.29326233530864],[-66.17335046053981,-17.293849455048548],[-66.17335046660799,-17.293849488545753],[-66.1734514615284,-17.294718154976167],[-66.17336105270961,-17.295104701615553],[-66.17325156771106,-17.295572640774054],[-66.17325118003987,-17.295598010084838],[-66.17320183415859,-17.29591137085193],[-66.17319283920054,-17.295919737776632],[-66.17319272579407,-17.295926728237472],[-66.17319251768497,-17.295936717185032],[-66.17318342887233,-17.295953563017502],[-66.17316502848597,-17.296394697281766],[-66.17301044096487,-17.297148253589665],[-66.17281221063121,-17.297638957936634],[-66.17283420619648,-17.29768310604388],[-66.17284038580244,-17.297695532933336],[-66.1728396638137,-17.297737232182552],[-66.17283967076642,-17.2977372693043],[-66.1729794158731,-17.298101764630896],[-66.17297920473932,-17.298115577807625],[-66.17299342881903,-17.29814376383146],[-66.17299321828348,-17.29815772240241],[-66.17299322419981,-17.298157765830663],[-66.17300141470372,-17.298157881359696],[-66.17300757940555,-17.29815800082268],[-66.17320499248234,-17.298565121875573],[-66.17320477362603,-17.29857919501411],[-66.17321913220319,-17.298593234460302],[-66.17323323794405,-17.2986214179036],[-66.17323315237341,-17.29863531954308],[-66.17324754950789,-17.298635458491358],[-66.1734596983568,-17.299028803137062],[-66.1734594803478,-17.299043067729414],[-66.17347352621745,-17.29907099025088],[-66.17347354066129,-17.299071029284317],[-66.17348255866708,-17.299079863358756],[-66.17348798681121,-17.299085185539635],[-66.17348745701884,-17.2991130849025],[-66.17363856029385,-17.29963364520708],[-66.17387933143182,-17.30009874610643],[-66.17387909583242,-17.3001264654089],[-66.17387912582412,-17.300126471249957],[-66.17389356901153,-17.300126680348793],[-66.17389345068834,-17.300140574307424],[-66.17389348247691,-17.30014058559192],[-66.17390784099835,-17.300140798913993],[-66.1740631013144,-17.300449901323645],[-66.17406267311513,-17.300477799419678],[-66.17406269406898,-17.300477843059983],[-66.17407679540081,-17.300505961396226],[-66.17407642420982,-17.30052563832473],[-66.17407599786854,-17.300547693925814],[-66.17408445843925,-17.30055591871523],[-66.17409040028349,-17.300561707766857],[-66.17396931386568,-17.300853269488243],[-66.1739542580585,-17.30086718577159],[-66.17395421994095,-17.300867219548696],[-66.17394982335107,-17.30087540389832],[-66.17393926388297,-17.300894968750015],[-66.17393884318582,-17.30092286604502],[-66.1737457630734,-17.30119908497408],[-66.17374393906223,-17.3012138687266],[-66.17373740368598,-17.301220466103022],[-66.17372996280228,-17.301227941082793],[-66.17371466967698,-17.30125627427134],[-66.17370513047183,-17.301400176345837],[-66.1736953150774,-17.301547570099284],[-66.17375000141824,-17.301788995403776],[-66.17376800167496,-17.30189690876185],[-66.17378974208354,-17.302027535177817],[-66.17378942031054,-17.3020471116582],[-66.17378926546836,-17.302055397363496],[-66.17378928396151,-17.3020554174907],[-66.17380362700811,-17.302069507282564],[-66.17380276948754,-17.30212512012705],[-66.1738027671525,-17.30212514989368],[-66.17372126047353,-17.30265458320063],[-66.17374151301455,-17.303199207396858],[-66.17380474427657,-17.303354984718837],[-66.17392331450323,-17.30364716125403],[-66.17397995381066,-17.303899903641973],[-66.17404565394465,-17.304193203700056],[-66.1741940974975,-17.304935918469216],[-66.17419365648114,-17.30496366466971],[-66.17421590477586,-17.30501674084031],[-66.17425354475998,-17.30510664782052],[-66.17429471196202,-17.305525775917587],[-66.17425815451308,-17.305804531849724],[-66.17430389173097,-17.30638168554671],[-66.17431874679615,-17.306569309014282],[-66.17433935763252,-17.30682964060893],[-66.1745083302962,-17.30794927983788],[-66.17457401489403,-17.30838451411822],[-66.17520054803772,-17.309665598661493],[-66.17523164485064,-17.309802707064367],[-66.17541187260063,-17.3105973538128],[-66.17541236407685,-17.310599518955136],[-66.17607382741029,-17.31127098633418],[-66.17632764274406,-17.311528668588494],[-66.1783059707458,-17.31361918511416],[-66.17941225083095,-17.315217314838534],[-66.18006540067488,-17.31687113153792],[-66.1827649776355,-17.32202913213697],[-66.18276498846038,-17.322029162089017],[-66.18303504851711,-17.323233407681574],[-66.18337448424612,-17.323962997235338],[-66.18337450333799,-17.323963039946015],[-66.18365199564971,-17.324280202787914],[-66.18400402732063,-17.32514094964201],[-66.18431414513002,-17.32555681973647],[-66.18476505258832,-17.32589574578711],[-66.18526774956158,-17.326556879964745],[-66.18547393717697,-17.326765574063824],[-66.18563906970806,-17.32686084171689],[-66.18583106250335,-17.326971638775273],[-66.18594170507801,-17.3270901378372],[-66.18604143608047,-17.327196979820783],[-66.18610260130846,-17.327363584307363],[-66.18627021034249,-17.32786629882366],[-66.18644583072954,-17.328163380212615],[-66.18682129226193,-17.328444546717787],[-66.18726567828243,-17.32867528404416],[-66.18738712239632,-17.328695681760934],[-66.1874800728816,-17.328760600771247],[-66.18755097122296,-17.328994005762294],[-66.1876590956909,-17.3292279537932],[-66.18778344754595,-17.329347452118284],[-66.18847286833018,-17.329978335621263],[-66.18847289343492,-17.329978354034488],[-66.18871882056467,-17.330126636354898],[-66.18900851497331,-17.330254058436765],[-66.18916285942761,-17.330380674264845],[-66.18929827476786,-17.330475083214385],[-66.18942297746435,-17.33056203343727],[-66.18953343283066,-17.330661747312917],[-66.18953346790441,-17.33066179024773],[-66.1895533584063,-17.330696204872567],[-66.18965486981926,-17.330871874750176],[-66.18981104932439,-17.331080579290425],[-66.18990626007606,-17.331196336082556],[-66.19007805850234,-17.331323902669528],[-66.19013917608176,-17.33139357871771],[-66.19035855510707,-17.33164372263546],[-66.19052855098268,-17.331890377209323],[-66.19052857772053,-17.331890411899735],[-66.19096159336394,-17.332385171310104],[-66.19124223313439,-17.332698996335566],[-66.19124227209258,-17.332699031197475],[-66.19130730933308,-17.33274411753935],[-66.19136419268315,-17.332783857266886],[-66.19136588864883,-17.332785042366357],[-66.19108733334527,-17.333081368075256],[-66.19072257119325,-17.333369097864363],[-66.19041428157989,-17.333591066927276],[-66.19019833929093,-17.334120548279163],[-66.18977932953962,-17.33432759624703],[-66.18905263232065,-17.33471679475597],[-66.18864732887945,-17.33493739733551],[-66.18772629711023,-17.33535040811044],[-66.18740191920288,-17.33558496833582],[-66.18635770108364,-17.33602342091431],[-66.18557756120786,-17.336278657407416],[-66.18486882347446,-17.33640179002765],[-66.1841173169184,-17.336604235330935],[-66.18353905452486,-17.33659356586382],[-66.18215327674943,-17.336506323037398],[-66.18206385310079,-17.336500728836132],[-66.18195677089395,-17.33649398280802],[-66.18100139773941,-17.33642724338899],[-66.1807233726297,-17.336476603268846],[-66.18034802597421,-17.33655113969469],[-66.17996120635114,-17.336465859953886],[-66.17958850367854,-17.33636741387988],[-66.17896693283521,-17.336225453957407],[-66.17848380962008,-17.336098900006263],[-66.17815163993866,-17.336067575528997],[-66.17769493368063,-17.33602121914988],[-66.17717540133148,-17.33584096083596],[-66.17653335976215,-17.33584508388603],[-66.1761451200607,-17.335852878079976],[-66.17563769970201,-17.336404861890152],[-66.17528641496483,-17.33671938858955],[-66.1748784461098,-17.337112940479606],[-66.17445676648187,-17.337493023297025],[-66.174065057221,-17.337727149736722],[-66.17365891884158,-17.33800089431868],[-66.17327928440699,-17.33835501952568],[-66.17285810088941,-17.33870846622188],[-66.17268394065425,-17.3388978767707],[-66.17260433522382,-17.338984452149646],[-66.17233654699828,-17.339273513698004],[-66.17195670396472,-17.339640907017255],[-66.1717670505078,-17.339800948175952],[-66.1716617947062,-17.339889670713582],[-66.17151933270307,-17.34006247930396],[-66.171257386473,-17.340264661449773],[-66.17073152485486,-17.340901522283122],[-66.17043640836698,-17.341163555005394],[-66.1701408824679,-17.341452220232075],[-66.17006465797733,-17.34150322913903],[-66.16969277081317,-17.3417520899993],[-66.16923074661926,-17.3420516713221],[-66.16886185012295,-17.342605593518343],[-66.16855188827641,-17.342933964421082],[-66.16841148744219,-17.343076277481604],[-66.16844484897166,-17.343083522465335],[-66.16852768947837,-17.343101581774818],[-66.16869091975256,-17.343131976628904],[-66.16889118663616,-17.343230350637587],[-66.16897565966289,-17.343442219048207],[-66.16897127938422,-17.34353769559589],[-66.1689551485331,-17.343633005779232],[-66.16894281917689,-17.343695048675947],[-66.16891027490679,-17.34375093579367],[-66.16886143299124,-17.343667979981255],[-66.1688474314215,-17.34360619639813],[-66.16881695623677,-17.343490540727178],[-66.16875181220027,-17.343354798856424],[-66.16860955002669,-17.34329372765308],[-66.16846976158915,-17.34325526665545],[-66.16831732566293,-17.343281191725726],[-66.16820578156106,-17.3433076957638],[-66.16811125483088,-17.34337101265707],[-66.16801934136075,-17.343453961831884],[-66.16796502408084,-17.343568416677417],[-66.16796612774574,-17.343686365457113],[-66.1679727131072,-17.34382696713088],[-66.16801444950283,-17.34396237768077],[-66.16807432486202,-17.344061563506123],[-66.16817540257173,-17.344147245877632],[-66.16829148082117,-17.344205147317112],[-66.16841107902748,-17.344223636982683],[-66.1685370211719,-17.344208624416147],[-66.1686543511496,-17.34418500152006],[-66.16871903845762,-17.344160633166606],[-66.168556127029,-17.344293145856785],[-66.1683657982304,-17.34431293560445],[-66.16815245037807,-17.34430711486972],[-66.16805090655154,-17.344257907493663],[-66.16798695251401,-17.344234516754593],[-66.16790006546037,-17.34417991823423],[-66.16788399632746,-17.344081352822258],[-66.16780123105863,-17.343948160462595],[-66.16778821310207,-17.343846838935477],[-66.16773086390818,-17.34377297311753],[-66.16774044362985,-17.343657342901146],[-66.16746768493884,-17.34397522182369],[-66.16718392870175,-17.344280573202834],[-66.1665958269591,-17.344823618096477],[-66.16628954761767,-17.345113748997946],[-66.16602541625785,-17.345377747632842],[-66.16572274893018,-17.345567333433785],[-66.16562104985438,-17.345601650920223],[-66.16513575590224,-17.346086639454096],[-66.16485488538945,-17.346289445722476],[-66.16457455285098,-17.346610101675758],[-66.16456350660152,-17.34661915569885],[-66.16454431400048,-17.34664434833122],[-66.16450328114526,-17.34667735828684],[-66.16431671254327,-17.34683156466355],[-66.16409532694311,-17.347005865532665],[-66.16400269157322,-17.347080494445336],[-66.16398040817454,-17.34709878030539],[-66.16396003446161,-17.347109056485223],[-66.16393986166992,-17.34711238235515],[-66.16392098135432,-17.347117261670203],[-66.16390235945005,-17.347123679761772],[-66.16388112759807,-17.347128616015308],[-66.1638628858809,-17.34713476859388],[-66.16385106905084,-17.34715112599715],[-66.16384205573137,-17.347168606779032],[-66.16382932105586,-17.34718350634799],[-66.16381571255323,-17.34720019953439],[-66.16380653759937,-17.34721596230682],[-66.16379912237201,-17.347233465756627],[-66.1638004105185,-17.34727809259576],[-66.16379730983932,-17.347296289357732],[-66.16379488835257,-17.347314893078085],[-66.16379485748043,-17.347315127422043],[-66.16377511816904,-17.347326947690664],[-66.16375512738772,-17.3473367777733],[-66.1637353204504,-17.34734688136398],[-66.16371974100154,-17.34735722552834],[-66.16370950974591,-17.347374418120186],[-66.16370827389878,-17.34739363464339],[-66.16369671266914,-17.34741171137326],[-66.16367912201731,-17.34741832467063],[-66.16365833099503,-17.347425163464408],[-66.1636403532074,-17.34743249367147],[-66.16362893596853,-17.34744732161283],[-66.16361886493632,-17.347466322485776],[-66.16361088564237,-17.347483817921955],[-66.16360147403667,-17.3475027378483],[-66.16358781453273,-17.347516630966886],[-66.16357542944851,-17.347533251186928],[-66.16355875896967,-17.347547282185733],[-66.16354295259669,-17.3475601515332],[-66.16353171640952,-17.347575433539088],[-66.16352103175767,-17.3475915360757],[-66.16351556977953,-17.347610421732274],[-66.16350281560157,-17.347626585205692],[-66.1634881400682,-17.347639289990315],[-66.1634696644473,-17.34764841912918],[-66.16345412618945,-17.347662195278765],[-66.16343600853442,-17.347672503402162],[-66.16342167846294,-17.347687199697972],[-66.16341558203831,-17.347704541236],[-66.16340630051539,-17.347721115175897],[-66.16339982250787,-17.347738812501763],[-66.16339051042645,-17.34775737262249],[-66.1633835748848,-17.347774250749204],[-66.16337400300306,-17.347791362371083],[-66.16335330915194,-17.347791881455077],[-66.16333518446092,-17.34778430992728],[-66.1633246195898,-17.347768176797207],[-66.16331199769704,-17.347751292073895],[-66.16329847141749,-17.347738187147126],[-66.16327842589376,-17.34773934752823],[-66.16325991963161,-17.347732131783232],[-66.16324593443848,-17.34771829793627],[-66.16322807094438,-17.347712084616937],[-66.16320669683843,-17.34771403884551],[-66.16318936449105,-17.347703859829043],[-66.16317547053396,-17.347690207874077],[-66.16316270604071,-17.347676481644573],[-66.16314844995313,-17.347661921542738],[-66.16313610593522,-17.347645311656297],[-66.16312829087708,-17.347627682426747],[-66.16312236844162,-17.347609267347064],[-66.16310813652738,-17.347623694108513],[-66.16310734841866,-17.347644361783622],[-66.16311044650449,-17.347663007688116],[-66.16311502507486,-17.347683209712493],[-66.1631230100885,-17.3477020152633],[-66.16313667158227,-17.347718553545064],[-66.16315284390771,-17.347730793021288],[-66.16316425759356,-17.347746757601406],[-66.16316385106873,-17.347767069489162],[-66.16316052896467,-17.34778743030586],[-66.16315807513838,-17.347806358632052],[-66.16317718105076,-17.347799044483946],[-66.16319259755376,-17.34778707264662],[-66.16320883056018,-17.347801480197305],[-66.16322167101436,-17.347816381412244],[-66.16320913814367,-17.347830380784877],[-66.16319050920421,-17.347837250200424],[-66.16317937253243,-17.34785217238936],[-66.16318673284975,-17.347868801858176],[-66.16319861102052,-17.34788513423142],[-66.16321153715093,-17.347900578467485],[-66.16322618178509,-17.3479143313747],[-66.1632329364027,-17.347933661268875],[-66.16324329659237,-17.347950875107834],[-66.16325163959577,-17.347970859645187],[-66.16325594677265,-17.347978144817997],[-66.1632619043937,-17.34798816243076],[-66.1632661347376,-17.34800655349928],[-66.16327596378903,-17.34802773303159],[-66.16328372931292,-17.348042471933645],[-66.16330050321383,-17.34805228181972],[-66.16331827690307,-17.34805822296069],[-66.16333734307007,-17.348065717551425],[-66.16335179415806,-17.348079828908748],[-66.16335847284233,-17.348097983814366],[-66.16337134622167,-17.348116858721873],[-66.16338523050034,-17.348131142636507],[-66.16340187013125,-17.348143569331114],[-66.16341835369609,-17.348153916893924],[-66.16343612140754,-17.348166359592383],[-66.16345173253102,-17.348178410487552],[-66.16346930945687,-17.348191031078063],[-66.16348309696484,-17.34820549421591],[-66.16349225455232,-17.34822142677347],[-66.16350006271954,-17.34823950740165],[-66.16348024308671,-17.34823209243344],[-66.16346303523763,-17.348219928583593],[-66.16344673273272,-17.34821003509598],[-66.16342665886444,-17.348200810501673],[-66.1634079325936,-17.348195668558404],[-66.16339036217819,-17.348188736999866],[-66.16337069350818,-17.34817762183513],[-66.16335479203859,-17.348166108618774],[-66.16333746242024,-17.348155749046168],[-66.16331999574086,-17.34814818684926],[-66.16330206597623,-17.348140166576584],[-66.16327981609,-17.34813181409994],[-66.16326103332766,-17.348124233223853],[-66.1632406621828,-17.348115997702624],[-66.16322330618623,-17.348107353460446],[-66.1632042886359,-17.348096699024413],[-66.1631874925139,-17.348088333626187],[-66.16316832123483,-17.34808155993563],[-66.16314706654042,-17.348075749987025],[-66.16312452170436,-17.348074346462678],[-66.16311133852788,-17.348075303499133],[-66.16310371853912,-17.348075857272814],[-66.16308326222914,-17.34807926931722],[-66.16306601557324,-17.348087964346057],[-66.16304654332464,-17.348094641175464],[-66.16302549380431,-17.3480999411098],[-66.16300366028406,-17.34810730683178],[-66.16298323546745,-17.34811478284272],[-66.16296957587083,-17.348128675904835],[-66.16295098116863,-17.348139428707704],[-66.16293249019455,-17.34814955087584],[-66.16291843416553,-17.34816525335125],[-66.16290300282252,-17.34817794193725],[-66.16288569363904,-17.348190699591033],[-66.16287017612981,-17.348203121467076],[-66.16285222417847,-17.348214876687987],[-66.16283842254543,-17.34821856735924],[-66.1628336243624,-17.348219850162323],[-66.16282468205682,-17.348221156326055],[-66.16282288791177,-17.34822140808681],[-66.16281680106843,-17.34822229514413],[-66.16281585115092,-17.348222433368107],[-66.16281269985585,-17.34822289071686],[-66.16279294047006,-17.348223784200563],[-66.16277334177244,-17.34822034553081],[-66.16275345226151,-17.34822358498114],[-66.1627453012596,-17.348230172318342],[-66.16273698078648,-17.348236896312958],[-66.1627217091636,-17.348251669482494],[-66.16270758784209,-17.34826501416558],[-66.16269603201211,-17.34828272969003],[-66.1626866327687,-17.348300837023757],[-66.16267581370309,-17.34831955631029],[-66.16266454544224,-17.34833691471073],[-66.162650093466,-17.348353415218348],[-66.16263636204943,-17.348365862421872],[-66.16262463903197,-17.348382221057594],[-66.16261262426805,-17.348399207656115],[-66.16259871687008,-17.34841698009707],[-66.16258801541231,-17.348434165934727],[-66.16258163130081,-17.34845186455205],[-66.16257607657381,-17.348470658548518],[-66.16257109283063,-17.348489009145556],[-66.16256675184866,-17.348508362172424],[-66.16256372973444,-17.348527553316984],[-66.16255918962257,-17.348547625922286],[-66.16255624623003,-17.348567811490962],[-66.16255591556724,-17.34858929835233],[-66.16255813975138,-17.348609737868074],[-66.1625611340491,-17.348629014405986],[-66.16256475304856,-17.3486504670262],[-66.16256794647477,-17.348669023985256],[-66.16257204106512,-17.348690122153187],[-66.1625779245591,-17.348711065110564],[-66.1625882046012,-17.348727374836205],[-66.16259893105916,-17.348745226008763],[-66.16261011504794,-17.34876389638075],[-66.16262030108878,-17.348780204771245],[-66.16263199401544,-17.348796353947733],[-66.1626464298073,-17.348811458445997],[-66.16266355058032,-17.348823169626876],[-66.16267964978655,-17.348834053601536],[-66.16269600878597,-17.348846386072864],[-66.16271112347283,-17.34886014569326],[-66.16272694205473,-17.348870935381314],[-66.16274472922107,-17.348882114210628],[-66.16276328094634,-17.348892491183815],[-66.16277727034085,-17.34890605422806],[-66.16279489867496,-17.348915334485547],[-66.16281374354081,-17.348924993209913],[-66.16282657846598,-17.348940255579365],[-66.16284408918266,-17.34895106927528],[-66.16282453532968,-17.348956932205322],[-66.16280711028512,-17.348946661527652],[-66.16279119351726,-17.34893614135303],[-66.16277425934909,-17.348924523129828],[-66.16275592897593,-17.348911982082928],[-66.16273854422904,-17.3488990932531],[-66.162721337773,-17.348886839057133],[-66.16270305556752,-17.34887727861163],[-66.16268445661169,-17.34886997118543],[-66.16266482636325,-17.34886246851911],[-66.16264331181623,-17.348855210008722],[-66.16262309252393,-17.34884932439],[-66.16260552625852,-17.34884212191518],[-66.16258761314452,-17.348833018202335],[-66.16256888129064,-17.3488282372984],[-66.16254911675475,-17.348823351434607],[-66.16252963193199,-17.348812509696526],[-66.16251015127986,-17.34880139711409],[-66.16249336069698,-17.348792670529516],[-66.1624744690981,-17.348779940893543],[-66.16245865748813,-17.348768699784088],[-66.16244290562484,-17.348753576594117],[-66.16243160263899,-17.348736529937504],[-66.16241852186737,-17.348718916242294],[-66.16240785470053,-17.34870332342007],[-66.16240371011025,-17.348685475364537],[-66.16239988227562,-17.348665374289148],[-66.16239396128888,-17.348646868914365],[-66.16238557946127,-17.34862941221713],[-66.16237976491833,-17.348646757706387],[-66.1623794856424,-17.34866490417042],[-66.16237742024235,-17.348683025281385],[-66.16236879383713,-17.34869978905321],[-66.16235504987003,-17.348713048758686],[-66.16234331846644,-17.348729949055983],[-66.16232378686135,-17.348734367443612],[-66.16231253521256,-17.34875064244408],[-66.16230829792667,-17.34876936482807],[-66.16231056098727,-17.348787276477104],[-66.16232209366055,-17.34880161738084],[-66.16232187781443,-17.34882175135809],[-66.16230948696402,-17.348838732591833],[-66.1622976008814,-17.348853463473873],[-66.16228522531084,-17.348869451615446],[-66.16226972020958,-17.34888106090167],[-66.16225709874215,-17.34889469773403],[-66.16224472872321,-17.348910324748505],[-66.16223196183266,-17.34892730063758],[-66.16222202208637,-17.348943865154887],[-66.16221396386055,-17.348960366079886],[-66.16220412367537,-17.348976570806624],[-66.16219380094905,-17.34899358138829],[-66.16218262660242,-17.34901094108232],[-66.16216808607763,-17.34902707908198],[-66.1621536164186,-17.349038612754565],[-66.16213958344123,-17.349052319839807],[-66.16213909805674,-17.349071637281895],[-66.16213917810167,-17.349090872450137],[-66.16213961888765,-17.349111106046205],[-66.16213613362444,-17.349129839098296],[-66.16212542234825,-17.34914765686397],[-66.16210954952336,-17.34915871910915],[-66.16208897406774,-17.349163754752542],[-66.16207402463148,-17.349175913710422],[-66.16206091502885,-17.349190717503713],[-66.16204732844206,-17.349205966027426],[-66.16203123841171,-17.349218921494312],[-66.16201678630422,-17.349235421936413],[-66.16199803963866,-17.34922549363049],[-66.16198039743189,-17.349217116113206],[-66.1619653656726,-17.349204080023235],[-66.1619532873549,-17.349219079050247],[-66.16193899039475,-17.349231608461775],[-66.16192249989693,-17.349221712180206],[-66.16190251676055,-17.349218809758867],[-66.16188140554414,-17.349215891319908],[-66.16186219759395,-17.34921760523088],[-66.16184314569311,-17.349221398269243],[-66.16182727284776,-17.34923246048849],[-66.16183878048592,-17.349248426473782],[-66.1618546735859,-17.349260481494827],[-66.16187132986012,-17.34927182494517],[-66.1618885779717,-17.34928137078484],[-66.16189526208767,-17.34929916459932],[-66.16189206298327,-17.349317630804013],[-66.16189731059345,-17.349337119935452],[-66.16189200581525,-17.349357994361306],[-66.16188165107171,-17.349377081378936],[-66.1618667029944,-17.34938915003567],[-66.16184814423875,-17.34939755540409],[-66.16183700457611,-17.349412658048166],[-66.16184282873029,-17.349431342660708],[-66.16184092764551,-17.34945100120002],[-66.16183050667888,-17.349468281261316],[-66.16181543400847,-17.34948233475686],[-66.16181539776956,-17.349503013078746],[-66.16181359207661,-17.34952258267097],[-66.16180271357611,-17.34953904352849],[-66.16178768259122,-17.349550388594864],[-66.16176786192148,-17.349555254313294],[-66.16174763792769,-17.34955577987477],[-66.16172769595484,-17.34955630943839],[-66.16170485227667,-17.34955598509504],[-66.16168595827878,-17.349555626528222],[-66.16166499473954,-17.349555328875525],[-66.16164609240319,-17.349555511990047],[-66.16162787401828,-17.349560129542645],[-66.16161709506649,-17.349576230598643],[-66.16160137127326,-17.34958982332643],[-66.16158953044308,-17.349607715314363],[-66.1615750176159,-17.34962204763862],[-66.16156649343198,-17.349638271007073],[-66.16155748809231,-17.349655209947517],[-66.1615466192909,-17.34967103882052],[-66.16153472336063,-17.349686401605172],[-66.16151783027895,-17.349696546299157],[-66.16150047272055,-17.34970632319379],[-66.16144941530854,-17.349712461037118],[-66.16143027629556,-17.34971580128814],[-66.16143270921032,-17.34973488925548],[-66.16143326059562,-17.349754040805784],[-66.16142145726748,-17.349769495197137],[-66.16140550424268,-17.349779653228534],[-66.16138599007043,-17.349789038284882],[-66.16136943407957,-17.349801716166454],[-66.16136104784104,-17.349821192301583],[-66.16134907872889,-17.349835199524005],[-66.16133002068293,-17.349845494056485],[-66.16131716519199,-17.349862107405635],[-66.16130822602277,-17.349880853280926],[-66.16130109105625,-17.34989845086925],[-66.1612964859382,-17.34991662618621],[-66.1612965617112,-17.349936132183018],[-66.16129562286709,-17.34995435956361],[-66.16128588071858,-17.349970294716645],[-66.16127204673914,-17.349983282143413],[-66.16125704435984,-17.349998871692627],[-66.16123678696133,-17.350001563934523],[-66.16121649758985,-17.350006332632955],[-66.16119730398269,-17.350001003228634],[-66.16118200133276,-17.349987240827772],[-66.16116305968966,-17.349977761173466],[-66.16114233278142,-17.349974306300844],[-66.16112357115802,-17.34997756157698],[-66.16111756425464,-17.349995175176154],[-66.16110022611223,-17.35000368809727],[-66.16109439973732,-17.35001843179878],[-66.1610933773122,-17.350021018837175],[-66.16110877257374,-17.3500348728601],[-66.16112619342299,-17.350045414528676],[-66.16114245977603,-17.35005765551068],[-66.16114858535012,-17.350075080208985],[-66.16113983277526,-17.35009391902328],[-66.16112576071606,-17.350110153875736],[-66.16110718934797,-17.350119371686404],[-66.1610890329321,-17.350126066972972],[-66.16107302008064,-17.350140107044673],[-66.16106039009422,-17.35015428545912],[-66.16105015980526,-17.350171387570708],[-66.16104187447031,-17.350190413615536],[-66.16103380634245,-17.350207546433253],[-66.16102170285487,-17.350224170436203],[-66.16101345783076,-17.35024057833595],[-66.1610047163544,-17.350258694894535],[-66.16099880760474,-17.35027603897945],[-66.16099127153568,-17.35029525626323],[-66.16098093332116,-17.350313259841748],[-66.16097069328245,-17.3503309939122],[-66.160966411608,-17.350338176106828],[-66.16096113770746,-17.350347021992942],[-66.16095101669686,-17.350363132342746],[-66.16093512423583,-17.350375458398762],[-66.16091282088051,-17.35037667673454],[-66.16089047720635,-17.350380513210496],[-66.16087145298238,-17.350382500519604],[-66.16084955068183,-17.35038209913491],[-66.160829339122,-17.350381812062647],[-66.16080866672229,-17.350387026774797],[-66.16079008333674,-17.350390916648365],[-66.160771057184,-17.350399134656215],[-66.16075382636197,-17.35041288649434],[-66.16073957179121,-17.350428757516976],[-66.1607221520988,-17.35043645653421],[-66.16070190940606,-17.350444296052604],[-66.1606816625406,-17.35045240641097],[-66.16066333838076,-17.350463885196795],[-66.16065397217763,-17.350479825647586],[-66.16066110954424,-17.350498709536208],[-66.16067081987009,-17.350515372459004],[-66.16068310454611,-17.35052972413489],[-66.16069453203474,-17.350544786038707],[-66.1607096258112,-17.35055990001864],[-66.16072592554092,-17.350569974298196],[-66.16073052610926,-17.350588731852195],[-66.16072008967174,-17.350607004917624],[-66.16071107863708,-17.350624304923226],[-66.16070063663355,-17.35064293911007],[-66.16068448713742,-17.35065363608018],[-66.16066547400918,-17.350654901119054],[-66.16064452372484,-17.35065984096066],[-66.16062523220148,-17.3506669715743],[-66.16062672495426,-17.35068604618607],[-66.16064317794184,-17.350698380162946],[-66.16064440396902,-17.350716457680466],[-66.16063416248159,-17.350734282005778],[-66.16062707704228,-17.350745604374026],[-66.16061756578593,-17.350767908945933],[-66.16056192013627,-17.350815519576305],[-66.16044299637888,-17.350954518395564],[-66.16021886906077,-17.35109870475632],[-66.16014263555024,-17.351146022748242],[-66.16008985639843,-17.3511540320322],[-66.15998822573987,-17.351214172988474],[-66.1599075554431,-17.35125041118065],[-66.1598076976414,-17.351348051907603],[-66.15969674496772,-17.351421244093736],[-66.1596406012662,-17.351482843898072],[-66.15963151473899,-17.351492828426192],[-66.15956777298891,-17.351568497401995],[-66.15957327069079,-17.351586996816547],[-66.15957937387981,-17.351605866037122],[-66.1595822724588,-17.351625231521005],[-66.1595755104921,-17.351643014915926],[-66.15955826614012,-17.35165152900471],[-66.1595425865335,-17.351662232538434],[-66.15952501285818,-17.351673812158644],[-66.1595067886683,-17.351678790601056],[-66.15948597597075,-17.3516747925136],[-66.1594673045871,-17.351672179361113],[-66.15944689098342,-17.35167279226318],[-66.15942800376284,-17.351671982048316],[-66.15940699470659,-17.351668522964964],[-66.15939077330309,-17.351677773978857],[-66.15938252527636,-17.351694362339718],[-66.15937650839453,-17.351712607815898],[-66.15936985154167,-17.35172967029114],[-66.15936552401553,-17.3517481203761],[-66.15936194576864,-17.351766761710238],[-66.15934796882027,-17.351782907448776],[-66.1593326554847,-17.35179424827111],[-66.15931489933428,-17.351805464074257],[-66.15930169252744,-17.35182044684842],[-66.15928859085601,-17.351834708712286],[-66.15925800610385,-17.351866872483452],[-66.15923869632796,-17.351875176584308],[-66.1592165168262,-17.35188055028373],[-66.1591957599632,-17.351885131496328],[-66.15917724954987,-17.351890376737796],[-66.15915889376069,-17.351897791384822],[-66.15914229768562,-17.35190694674845],[-66.15912688614654,-17.35191855705728],[-66.15911039877933,-17.351932861085874],[-66.15909550676143,-17.351947368388632],[-66.1590830686863,-17.351961278465787],[-66.15906677350176,-17.35197531432012],[-66.15905228533558,-17.351988021350795],[-66.15903683482645,-17.35200215950821],[-66.15902226934453,-17.35201378183243],[-66.15900526104569,-17.35202527913338],[-66.15899096506152,-17.352037717988914],[-66.15897557237554,-17.3520542047725],[-66.15896113368032,-17.35206980211059],[-66.15894553766749,-17.35208727930533],[-66.15892745352723,-17.352101470317674],[-66.158905404961,-17.352110548154666],[-66.15888236187527,-17.352110943015155],[-66.15886063072715,-17.3521116274227],[-66.15883964051135,-17.352113044763005],[-66.15881763847139,-17.352113002912105],[-66.15879783340212,-17.3521107347788],[-66.15877842384634,-17.352107208060445],[-66.15875543642306,-17.352103991682316],[-66.15873322688861,-17.352105211077983],[-66.15871411621848,-17.352112795548706],[-66.15869749088394,-17.352123846761604],[-66.15868161621977,-17.352134998944333],[-66.15866386696041,-17.352145763275665],[-66.15864329467666,-17.35215666807479],[-66.15862503640948,-17.35216995357658],[-66.1586092662587,-17.352186525260322],[-66.15859288118827,-17.35220028888935],[-66.15857877039826,-17.352212910943095],[-66.15855893207588,-17.352225000070565],[-66.15854075451001,-17.35223304928895],[-66.15852407132957,-17.35224175185264],[-66.15850605672752,-17.3522514287907],[-66.1584870010773,-17.352261542428614],[-66.1584663298218,-17.352266666576195],[-66.15844552823292,-17.35226194612945],[-66.15842940679666,-17.352252506298505],[-66.15841056608846,-17.352242576305155],[-66.15839341056801,-17.35223312177029],[-66.15837414525964,-17.352238536797742],[-66.15837277020536,-17.352260640835294],[-66.1583708853786,-17.352279215911476],[-66.15837049632941,-17.352298354055335],[-66.1583747261991,-17.352316745163673],[-66.15838325956408,-17.352336551960487],[-66.15838785850909,-17.352355399817732],[-66.15838631352933,-17.352376327534838],[-66.15837663716398,-17.35239406943485],[-66.1583561921132,-17.352390618251103],[-66.15833707785607,-17.35239233310573],[-66.15831748596963,-17.35240063309331],[-66.15829629037731,-17.352409271479345],[-66.15827585519853,-17.352417378872094],[-66.15826267470982,-17.352430646227315],[-66.15825022819088,-17.352445097921343],[-66.1582365776578,-17.352458358591306],[-66.15822131089165,-17.352472770184946],[-66.15820528649101,-17.352487532206343],[-66.15819103849941,-17.352502951585755],[-66.15817677797901,-17.352519183488734],[-66.15816074800343,-17.352534306627582],[-66.15814549375156,-17.352547905688603],[-66.15812834402426,-17.35256247110101],[-66.15811260024101,-17.35257732740314],[-66.15809478966763,-17.352592064016264],[-66.15807551114962,-17.352604431946336],[-66.15805925341745,-17.35261603012349],[-66.15804220528551,-17.35262400504713],[-66.15802339037414,-17.352618500098096],[-66.1580084819409,-17.35260356915981],[-66.15799124557704,-17.352587160314133],[-66.15797615748416,-17.3525716850175],[-66.15796500659975,-17.352556988107143],[-66.15794890808502,-17.352539963336003],[-66.1579331702943,-17.352523936996786],[-66.15791770200313,-17.35250872719174],[-66.15789883143044,-17.352506833454324],[-66.15789083880715,-17.35252514106757],[-66.15787790690291,-17.35254057913502],[-66.15786181212782,-17.352553805018164],[-66.15784528350142,-17.35256467692208],[-66.1578250627559,-17.352571071606786],[-66.15780539557016,-17.35257205614202],[-66.15778499023969,-17.352572127175556],[-66.15776706819037,-17.35258189565357],[-66.1577476670659,-17.352590017691],[-66.15772899434023,-17.35259968518982],[-66.15771317739875,-17.352613185910663],[-66.15770173011552,-17.35262990928037],[-66.15769516290158,-17.35264724384926],[-66.15768287650121,-17.352663503782924],[-66.15766665985265,-17.352678533919875],[-66.1576511855222,-17.35269420671377],[-66.15763505870021,-17.352709509025743],[-66.15761863240881,-17.352719840560606],[-66.15760067201393,-17.352725996463114],[-66.15758287457615,-17.352733780086712],[-66.15756373522895,-17.352737119909957],[-66.15754311820113,-17.35273872301068],[-66.15752156526791,-17.352740041898198],[-66.15750217804029,-17.352747261102685],[-66.15748813052015,-17.3527618705695],[-66.15747862675137,-17.35278060816913],[-66.1574703283809,-17.35280044651468],[-66.15746117697343,-17.352820724229158],[-66.15744925543595,-17.352837711735372],[-66.15743523574837,-17.352850515586944],[-66.15741388547114,-17.352856984459592],[-66.15739337881418,-17.35286057571889],[-66.15737195507828,-17.352868759247347],[-66.15735329066136,-17.352877885020856],[-66.15733104696821,-17.352887411386693],[-66.15731250997064,-17.35289437176135],[-66.15729738305531,-17.3529058053492],[-66.15727901040255,-17.352914303162528],[-66.15725576947956,-17.352915327109134],[-66.15723281475844,-17.35291608422288],[-66.15721060514191,-17.352917303433237],[-66.15719071788502,-17.35292036167855],[-66.15716953400509,-17.35292213727538],[-66.1571498291947,-17.352925559312588],[-66.1571322886858,-17.35293497195005],[-66.1571163595662,-17.352949644921463],[-66.15709734137664,-17.352957320831884],[-66.15707937115708,-17.35295191810815],[-66.1570581440676,-17.352944301850396],[-66.15703849773573,-17.35294393209675],[-66.15702138966668,-17.352955788981657],[-66.15700783720023,-17.35296878004435],[-66.15699241013633,-17.352981383239594],[-66.15697305071811,-17.352986796776737],[-66.15695412092421,-17.352982644595855],[-66.1569349675902,-17.352974696622695],[-66.15691366531303,-17.352971955494233],[-66.15689348281195,-17.35298196262813],[-66.15687547781634,-17.35299100743216],[-66.1568603355527,-17.35300343406652],[-66.15684366269699,-17.35301755463111],[-66.156827406255,-17.353029062410364],[-66.15681015331838,-17.35303811790574],[-66.15679238020732,-17.353050416808486],[-66.15678186454295,-17.353067695164412],[-66.156782973877,-17.35308721579845],[-66.15678348295476,-17.353109075699823],[-66.15677575272116,-17.3531286511855],[-66.15676255119251,-17.35314327262408],[-66.15674540409684,-17.35315765733192],[-66.15672854249597,-17.353165725082448],[-66.15670725344168,-17.353168221531458],[-66.15668706810901,-17.353166218667926],[-66.15666596846407,-17.353168627506776],[-66.15664540919433,-17.353172579134917],[-66.15662309371282,-17.353180659586876],[-66.15660546611282,-17.35318961943082],[-66.15658670623323,-17.35319883406507],[-66.1565688481336,-17.35320444951751],[-66.15654915721711,-17.3532069686851],[-66.15652994052016,-17.35320922369671],[-66.15650905395596,-17.353210010145418],[-66.1564873087825,-17.35321159707833],[-66.15646821394786,-17.353212047813095],[-66.15644700636281,-17.353215358094197],[-66.1564260626968,-17.353219846030736],[-66.15640709251078,-17.3532183119281],[-66.15640061220898,-17.353199527583225],[-66.15639997156588,-17.353180103921076],[-66.15638725189861,-17.35316348831014],[-66.15636799203125,-17.35316854199902],[-66.15634773846199,-17.353170962841325],[-66.15632763808966,-17.35317564336659],[-66.15631111211671,-17.353186334560654],[-66.15629167745531,-17.353196623166923],[-66.15626954371682,-17.353199017249345],[-66.15624801441979,-17.35319880122338],[-66.15622838198797,-17.35320971911032],[-66.156209356094,-17.353211796204857],[-66.15618736093356,-17.353211302642947],[-66.15616690680768,-17.353214533314105],[-66.15614491651226,-17.353219819029718],[-66.15612630076522,-17.35322578486069],[-66.15610402426434,-17.35323133739963],[-66.15608166629029,-17.35323607607479],[-66.15606197955005,-17.353238324351707],[-66.1560422210881,-17.35323912680292],[-66.1560210552874,-17.35323972862593],[-66.15600053361568,-17.353241242614367],[-66.15597835111959,-17.353246796476146],[-66.15595900140876,-17.353251577943762],[-66.1559362416453,-17.353251886175066],[-66.15591676938723,-17.353252421785676],[-66.15589727066241,-17.353254672721288],[-66.15587906783563,-17.35326434671117],[-66.15586248611311,-17.35327864907749],[-66.15584870652864,-17.353294165220206],[-66.15584074921118,-17.353304075304052],[-66.15583682243188,-17.35330871503345],[-66.15581949420752,-17.35332264557132],[-66.15580428777419,-17.353339225007186],[-66.15578783626707,-17.353351181413945],[-66.15576802975892,-17.353349003246564],[-66.15575635120294,-17.353331950916594],[-66.15574022500273,-17.353316731595434],[-66.15572539541856,-17.353302794928016],[-66.1557232429787,-17.35330213219522],[-66.15572201111888,-17.353302746765713],[-66.15571166040088,-17.3533154220881],[-66.15569810643248,-17.353328503324402],[-66.15568987538711,-17.35335005822776],[-66.15567484792938,-17.353361131888434],[-66.15565398571046,-17.35336643359968],[-66.15563556352843,-17.353372040934705],[-66.15561556337516,-17.353382411719583],[-66.15559840576117,-17.35339137815391],[-66.1555796068758,-17.35339093001094],[-66.1555671679112,-17.353374408650833],[-66.15555384247165,-17.35336049337868],[-66.15554422515433,-17.353343921875112],[-66.15553648939819,-17.35332728684962],[-66.15551887567722,-17.353335343784355],[-66.1555173150238,-17.35335726451223],[-66.1555149528767,-17.353376284227828],[-66.1555093721536,-17.353396702938376],[-66.15550124066424,-17.353417898046768],[-66.15549206327157,-17.353433750559468],[-66.15548034625772,-17.353449657226736],[-66.15546371851403,-17.35346693880356],[-66.15544728508854,-17.353477721532954],[-66.15542692142088,-17.353487274420733],[-66.15540772068356,-17.353494586354074],[-66.15538900531286,-17.353500911891864],[-66.15536930461339,-17.35350406289823],[-66.15534733377913,-17.35350808459294],[-66.15532751399105,-17.353512859302647],[-66.15530741357037,-17.353517539715753],[-66.15528654436196,-17.353523292785948],[-66.15526704765868,-17.353531503493297],[-66.15524800984927,-17.353540443131386],[-66.15523205480886,-17.353550690848742],[-66.1552131096112,-17.35355972210134],[-66.15519468322181,-17.3535656002317],[-66.15518033115227,-17.353581649969666],[-66.1551634583149,-17.353590439814376],[-66.1551436544941,-17.353600271538845],[-66.15512446209776,-17.353607041759687],[-66.15510462353232,-17.353606939970508],[-66.15508643541146,-17.353597380158753],[-66.15506775411433,-17.35360758905412],[-66.15505640751427,-17.353623862163147],[-66.15504880592184,-17.35364118188184],[-66.1550372838419,-17.353656639790174],[-66.15502312394935,-17.35367242134916],[-66.15501081078037,-17.353690396397862],[-66.1549978562712,-17.353707278714467],[-66.15498313789419,-17.35372269111905],[-66.15496716470959,-17.353734112454323],[-66.15494995129725,-17.35374669003464],[-66.15493399761786,-17.35375684744266],[-66.15491391453064,-17.35376649456446],[-66.15489416920833,-17.353772534487497],[-66.15487582565122,-17.353779136164196],[-66.15485576003488,-17.35378155951883],[-66.15483679122201,-17.353779934980164],[-66.15483543242868,-17.35380095556325],[-66.15482859036841,-17.35381895791508],[-66.15482857172641,-17.35381900821776],[-66.15481471751995,-17.353833259007544],[-66.15479927074074,-17.353847125923565],[-66.15477935057037,-17.353858400750788],[-66.15475958851214,-17.353865524021604],[-66.15473841632465,-17.353872627215033],[-66.15471912430655,-17.353879757173114],[-66.15469885875454,-17.35388904047179],[-66.15467826455061,-17.353895248885657],[-66.15466419866107,-17.353900186708298],[-66.15464167698345,-17.35390809240886],[-66.15462415021638,-17.353916601990036],[-66.15460597235648,-17.353924650799247],[-66.1545839136643,-17.35393436005606],[-66.15456482080249,-17.353940770432192],[-66.15454111455179,-17.353947566623773],[-66.15452033371486,-17.353953682062432],[-66.15449936207227,-17.35395997538228],[-66.1544777421249,-17.353965627368666],[-66.15445864507632,-17.35397230857434],[-66.15443991987954,-17.353979265972683],[-66.15441939039967,-17.3539873715806],[-66.15440124597727,-17.353993253643022],[-66.15438763439376,-17.353979605125282],[-66.1543699372366,-17.35396869773762],[-66.15434757435182,-17.35396765692493],[-66.15432655608608,-17.353970879359014],[-66.15430683860744,-17.353975113613146],[-66.15429343998771,-17.35397203323153],[-66.15427739658467,-17.353969727891187],[-66.1542473967081,-17.35397002312659],[-66.15420232790308,-17.353947528770398],[-66.1541452312741,-17.353948882954494],[-66.1541064712691,-17.353944086925654],[-66.1540691610395,-17.3539428332366],[-66.15405409475315,-17.35393205358703],[-66.15401056208079,-17.35386488253612],[-66.1539787589955,-17.35389061667191],[-66.15395346505423,-17.353945429812526],[-66.15395044763392,-17.35395206904731],[-66.15395098424044,-17.353972123301297],[-66.15395956872615,-17.353988589858407],[-66.15395375178483,-17.35400602523346],[-66.15393354970757,-17.354005105444955],[-66.15391403078317,-17.354002569982008],[-66.15389500002473,-17.353998867568396],[-66.15387578822055,-17.353994711074552],[-66.1538568277738,-17.35399254475965],[-66.15383874668004,-17.3540004142713],[-66.15383008019573,-17.35401970536165],[-66.15382835221858,-17.354040269164244],[-66.1538367333428,-17.354057726129955],[-66.15385127799965,-17.35407183946882],[-66.15386315974933,-17.3540879014856],[-66.15387418148318,-17.354104854254995],[-66.15388749009425,-17.354119852990074],[-66.15388530880641,-17.35413932673757],[-66.153876038626,-17.35415508753036],[-66.15386826282318,-17.3541715017043],[-66.15385409722064,-17.354187644279953],[-66.15384131246923,-17.35420570282019],[-66.15383454426801,-17.35422384704241],[-66.15382507490816,-17.354240327395388],[-66.15381053186734,-17.3542565548915],[-66.15379463445848,-17.354269151096247],[-66.15377529636825,-17.35427926019762],[-66.15375278786837,-17.354281558341352],[-66.153732329627,-17.35427286907694],[-66.15371615196649,-17.354260989972705],[-66.15369773343649,-17.35424808565271],[-66.15367901675283,-17.35424231078793],[-66.15365974498273,-17.354242036318105],[-66.15364024337015,-17.354244467573977],[-66.15361978075809,-17.35424823964151],[-66.15360332347018,-17.354260556955285],[-66.1535939494918,-17.354276948352684],[-66.15358884274686,-17.3542971028268],[-66.15358132523647,-17.354315055764424],[-66.1535732213647,-17.354334445150702],[-66.15356251034403,-17.3543521720031],[-66.1535488133509,-17.35436841152573],[-66.15353068341017,-17.354379440807758],[-66.15350919086936,-17.35438292729239],[-66.15348896505779,-17.35438354221597],[-66.15346867870048,-17.354381989074593],[-66.15344897591602,-17.35437918004288],[-66.1534269326755,-17.35437570557318],[-66.1534072284987,-17.354372986817694],[-66.15338625619736,-17.354373229898272],[-66.15336397672931,-17.35437896265869],[-66.15334285464559,-17.354382815601692],[-66.15331964844553,-17.35438158205566],[-66.15329911910877,-17.35437749703593],[-66.15327834818406,-17.354370789872707],[-66.15326089824076,-17.35436214341208],[-66.15324140939103,-17.354351571607207],[-66.15322314544497,-17.35434083664869],[-66.15320525474696,-17.35433028760549],[-66.1531888542452,-17.354320662788158],[-66.15317049687953,-17.35431597659509],[-66.15314912845008,-17.35431142810871],[-66.15312859215526,-17.3543077944738],[-66.15310960659679,-17.35430725312696],[-66.15308857516047,-17.35430523783479],[-66.15306899289934,-17.354300714784245],[-66.15304812495987,-17.354306377316604],[-66.15302867969913,-17.354311247413186],[-66.15300750405395,-17.354312480857946],[-66.15298891487282,-17.35430454054685],[-66.1529769099033,-17.35429037303087],[-66.15296626289144,-17.35427351585964],[-66.15296024461428,-17.354255279827523],[-66.1529556392557,-17.354236883323317],[-66.15294584948154,-17.35421931596355],[-66.15293339121183,-17.354204058388607],[-66.15291871775524,-17.35419220065559],[-66.15290265369607,-17.35417905891159],[-66.15290618172384,-17.354200239368293],[-66.15291673332344,-17.354217185482312],[-66.1529236791303,-17.35423624742835],[-66.15291959386003,-17.354257229127434],[-66.15291374613251,-17.35427665061875],[-66.15291092480776,-17.35429494132376],[-66.15290790570309,-17.354313861310967],[-66.15289775449355,-17.354331866994325],[-66.15288042876774,-17.35434561666888],[-66.15285975999416,-17.354350559617508],[-66.15283788387686,-17.3543484419651],[-66.1528187619023,-17.3543445575474],[-66.15280188580316,-17.354335287125064],[-66.15278510510909,-17.354325927760733],[-66.15276786165965,-17.35433435089797],[-66.15275491946481,-17.35435042051032],[-66.15274042514405,-17.354363488109485],[-66.1527268332521,-17.354379006663418],[-66.15271115028654,-17.35438989012602],[-66.15269096048337,-17.354400348177993],[-66.15267221149054,-17.35440884015576],[-66.15265540459994,-17.354419436700496],[-66.15265151009928,-17.354440240507227],[-66.15264354755612,-17.354456561656438],[-66.15263088457802,-17.354472815836047],[-66.15261647169517,-17.354486697283612],[-66.1526022989947,-17.354503291150813],[-66.15258541342482,-17.354512893267295],[-66.15257427268872,-17.35449756414337],[-66.15255419026212,-17.354501070611608],[-66.15253735127784,-17.35451374358612],[-66.15251710649746,-17.354521672435094],[-66.15249824562163,-17.3545191462047],[-66.1524773017717,-17.35452363369052],[-66.15245833796149,-17.354515597692465],[-66.15244948413036,-17.35449831454847],[-66.15244072430933,-17.35448103274376],[-66.15242325069578,-17.35447392097556],[-66.15240829885417,-17.354486169327483],[-66.15238873445124,-17.354492663058267],[-66.15236911174898,-17.354490758060905],[-66.15234876821913,-17.354492906288375],[-66.15232878482661,-17.354490002848237],[-66.15230845748218,-17.35448501760642],[-66.15228820182992,-17.354481478183352],[-66.15226709088867,-17.354484608766896],[-66.15224831258074,-17.354494996582037],[-66.15222861231805,-17.354504197358533],[-66.15221250446102,-17.354518235219864],[-66.15219848292602,-17.35453112890969],[-66.15218308473727,-17.35454183578282],[-66.15216590177701,-17.354552426921906],[-66.15214912972318,-17.354560766416245],[-66.15212759670445,-17.354566870866712],[-66.15210492247982,-17.35456772165625],[-66.15208102195773,-17.354568825867904],[-66.15206059611619,-17.35457630058722],[-66.15204028939189,-17.354582151602976],[-66.15202051742351,-17.354589906535534],[-66.152001089403,-17.35459974326569],[-66.15198113499432,-17.354607134394268],[-66.1519609841967,-17.35461506452144],[-66.1519431696643,-17.35462393093968],[-66.15192150077407,-17.35463274242725],[-66.15190041825535,-17.354640117469994],[-66.15188171106406,-17.354645900963323],[-66.15186475655493,-17.354653876630927],[-66.15184404448672,-17.354661618146178],[-66.15182464156332,-17.354669829816036],[-66.15180387594201,-17.35467495186597],[-66.15178520083343,-17.354678658908632],[-66.15176287333637,-17.35468141089677],[-66.15174257582783,-17.354680579817483],[-66.15172224011756,-17.354676136195422],[-66.15170281798726,-17.354673421290165],[-66.15168465670398,-17.354680386442876],[-66.1516683142052,-17.35469135071155],[-66.15164948230155,-17.354699119001786],[-66.15162957949565,-17.354703169730925],[-66.1516082791156,-17.354706387839634],[-66.15158937412842,-17.354712800583513],[-66.15156914743733,-17.35471955568686],[-66.15154710335717,-17.35472222138934],[-66.1515290433928,-17.354716545985358],[-66.15151125655846,-17.35470536617939],[-66.15149689171153,-17.354691797049586],[-66.15149711024375,-17.354671572988533],[-66.15149533505982,-17.354652584709005],[-66.15147864843193,-17.3546432265805],[-66.15147131174972,-17.354661633485776],[-66.15147083351337,-17.354680409046527],[-66.15147091932874,-17.354699192646905],[-66.15146977326377,-17.35471859078796],[-66.15147022395095,-17.354738101988065],[-66.15145672175578,-17.354753892615204],[-66.15143777333178,-17.354744863443376],[-66.1514168610169,-17.354741224270455],[-66.15140187281729,-17.35475581981362],[-66.15138509234704,-17.354764700915783],[-66.15136652275213,-17.354755496537514],[-66.15135146078354,-17.35474444585812],[-66.15133380895394,-17.354736699357257],[-66.15131283612381,-17.354730892114087],[-66.15129390166499,-17.35472096013008],[-66.15127689482493,-17.35470798542573],[-66.15126730554039,-17.354700391772226],[-66.1512611031231,-17.35469547954077],[-66.15124151758755,-17.354685086772477],[-66.15122196797243,-17.354684537200882],[-66.15120600288176,-17.354695416507877],[-66.151189682686,-17.35470493625328],[-66.15116914605288,-17.35471349289341],[-66.15114598363878,-17.35471551050994],[-66.15112772869857,-17.35471028379122],[-66.15110844385077,-17.354704771489793],[-66.1510877465955,-17.35470546974303],[-66.15106681806309,-17.35470896399293],[-66.15105576285649,-17.354724608871813],[-66.15105066698766,-17.35474404099791],[-66.15104387477463,-17.354763719840893],[-66.1510307164833,-17.35478159223339],[-66.15101415941189,-17.354794269080422],[-66.15099709676839,-17.3547849055528],[-66.15098387820608,-17.354770178833355],[-66.15097438040995,-17.354751983461906],[-66.15096696197037,-17.354733095334606],[-66.1509537699291,-17.35471665329472],[-66.15093664957168,-17.3547049411442],[-66.15091592390117,-17.354701394881246],[-66.150895040027,-17.35470200015408],[-66.15087299176432,-17.354704936620838],[-66.15085354922707,-17.3547096259308],[-66.15083451063566,-17.35471251500065],[-66.1508147180763,-17.354709433529546],[-66.1508016652224,-17.354696153960575],[-66.15078968554252,-17.354680361295323],[-66.15077622545238,-17.354663012426236],[-66.1507676156284,-17.354642120712555],[-66.15075936927974,-17.354622046879367],[-66.15075253027003,-17.35460217371009],[-66.15074499272819,-17.35458490927727],[-66.15073721084399,-17.354565203264972],[-66.15072923257026,-17.354546036251694],[-66.15072057111665,-17.35452848489532],[-66.15071245836363,-17.35451193465991],[-66.15070340552667,-17.354495371021454],[-66.15069764958825,-17.35448450986621],[-66.15069299001553,-17.354475717760323],[-66.15068822897277,-17.354455242117254],[-66.15068597126871,-17.354437059660718],[-66.15067731121866,-17.354419418023717],[-66.15067009060581,-17.354399900612258],[-66.15066286720291,-17.354380563760603],[-66.15064251482022,-17.35437720339636],[-66.150622043308,-17.354375466728722],[-66.15060319785383,-17.354371947245895],[-66.15058740344007,-17.35435962187805],[-66.15057350594552,-17.354346239956847],[-66.15056228116418,-17.35433027744651],[-66.15054545185689,-17.354342318275805],[-66.15054375560987,-17.35436080555673],[-66.15054758632073,-17.354380635837632],[-66.15055671221137,-17.35439855501979],[-66.15057017784589,-17.354415542778494],[-66.1505833121112,-17.354429636217333],[-66.15059198610886,-17.354446375057787],[-66.15059300075755,-17.35446589428865],[-66.15059668820916,-17.35448307042074],[-66.15059694781388,-17.354484281430892],[-66.15060265870139,-17.35450413851854],[-66.15060639122369,-17.354524238298893],[-66.15059907121437,-17.35454156180099],[-66.15058172798912,-17.35453210394321],[-66.15056168512808,-17.354539132462552],[-66.15054281363572,-17.35454337838621],[-66.1505237825346,-17.354551866124265],[-66.15052093724154,-17.354571691518426],[-66.15052062459553,-17.35459191422251],[-66.15050900670029,-17.354607460743253],[-66.15049000391649,-17.35460195240747],[-66.15047170525422,-17.354593474215374],[-66.15045370126056,-17.354602428089557],[-66.15044052708744,-17.354615243420618],[-66.1504309578318,-17.35463208334379],[-66.15042210993536,-17.35465092014795],[-66.15040602707357,-17.35466333280267],[-66.15039054036488,-17.354673677060347],[-66.15038497299199,-17.354693192737102],[-66.15038072025429,-17.354710512104187],[-66.15038015629064,-17.354712809417084],[-66.1503748062444,-17.354730431895838],[-66.15036542220116,-17.354747455054707],[-66.15036029679825,-17.354756994387195],[-66.15035661197867,-17.354763854296284],[-66.15035630029497,-17.354764248074165],[-66.15034856770214,-17.35477401480861],[-66.15034701695775,-17.354775973874382],[-66.15034626794042,-17.354776921275125],[-66.15034616726322,-17.354777047162305],[-66.15034614137839,-17.354777079301137],[-66.150344240593,-17.354779480359703],[-66.15032747847282,-17.35479021277356],[-66.15032591980237,-17.354790799168892],[-66.15031964636762,-17.354793157742506],[-66.15030908282148,-17.3547971293005],[-66.15028959323433,-17.354792697600153],[-66.15027138863317,-17.35480246129174],[-66.15027118928444,-17.354802704967607],[-66.15025883340836,-17.35481781382761],[-66.15023773590285,-17.3548139912925],[-66.15022059186225,-17.35480381384436],[-66.15020497010866,-17.354792484205046],[-66.15019059699169,-17.354779456673832],[-66.1501702403945,-17.354776367096044],[-66.15015296605877,-17.354768535579918],[-66.1501392440282,-17.354755968829267],[-66.1501390560562,-17.354774206709067],[-66.15015016168245,-17.354791792938766],[-66.15016259459902,-17.35480867569689],[-66.15015556493653,-17.35482546151683],[-66.15013764374858,-17.35483513893648],[-66.15011878618097,-17.354838482015104],[-66.15009819828745,-17.35483818842471],[-66.15008022915463,-17.354844885261553],[-66.15005941974006,-17.354846755703207],[-66.15004016053172,-17.35484566835637],[-66.15002121964602,-17.35484223775255],[-66.15000961705022,-17.354856791156635],[-66.15001675475891,-17.354875585003846],[-66.15002751178638,-17.354885310186],[-66.15002848724934,-17.35488911668827],[-66.15002396744072,-17.354919934762147],[-66.1500159413269,-17.354916027711628],[-66.14999187510557,-17.35491568450514],[-66.1499757996221,-17.354915455252318],[-66.14995012115294,-17.35491508904843],[-66.14994374266456,-17.354914998083494],[-66.14993970029168,-17.35491494043427],[-66.14989450266398,-17.35497985349976],[-66.1498661553304,-17.35499489048492],[-66.14983774795981,-17.355013809499827],[-66.1498130255502,-17.35505589780848],[-66.14979258424472,-17.355082605907878],[-66.14972367769572,-17.355124064037792],[-66.14969945740847,-17.355127601485297],[-66.14967521245232,-17.355138814058407],[-66.14960202472528,-17.355195652338267],[-66.14957409621552,-17.35518360531862],[-66.14946582278601,-17.355174385477024],[-66.14945499177396,-17.35516944509821],[-66.1494374493812,-17.355160706698307],[-66.14942897878744,-17.355179458522837],[-66.14941710247649,-17.35519346618023],[-66.14939867770016,-17.35518706298406],[-66.14938309786908,-17.35517302488841],[-66.14937940775293,-17.355192747897306],[-66.14936482473227,-17.35520545274521],[-66.1493465018521,-17.355210699665413],[-66.14934198659729,-17.35522905640657],[-66.14935482900293,-17.355243777855836],[-66.14936253768438,-17.355262128364945],[-66.14934877769556,-17.35527633489663],[-66.14932937812117,-17.35528432059805],[-66.14931360928101,-17.35529466073209],[-66.14932434718763,-17.355311699956996],[-66.14933519586152,-17.35532765716465],[-66.1493490653875,-17.355342844765204],[-66.14934060315231,-17.355361054904165],[-66.14932207313873,-17.355373613144703],[-66.1493017104234,-17.355383075048763],[-66.14928268338012,-17.355391291807248],[-66.14926502178267,-17.355402417633496],[-66.14925072914174,-17.355414584813413],[-66.14924078230116,-17.355431509571954],[-66.14923129712435,-17.355448982713867],[-66.14922770936975,-17.355468165378422],[-66.14922842368047,-17.355488854208577],[-66.14922899047029,-17.355506922241855],[-66.14922953910605,-17.355526163912764],[-66.1492315988668,-17.355544975641518],[-66.14923376520473,-17.35556297619299],[-66.1492371564521,-17.355580813618616],[-66.14924593553623,-17.35559683160842],[-66.1492528204778,-17.355613725575118],[-66.14925169371035,-17.355631859749337],[-66.14925063581522,-17.355651620301273],[-66.1492318917183,-17.35565370070484],[-66.14921804313096,-17.355637158897288],[-66.14920614639084,-17.35562208972881],[-66.14919472947274,-17.35560639530661],[-66.14917967692993,-17.355588662425703],[-66.14916861929387,-17.355574056724695],[-66.14915720936412,-17.35555791090212],[-66.14914618245442,-17.3555413190445],[-66.1491354319873,-17.3555250923291],[-66.1491232867499,-17.355507852418835],[-66.14911173489469,-17.35548872467881],[-66.14909988984292,-17.355470315153568],[-66.14908685663657,-17.355455771566227],[-66.14907448987347,-17.35544069568735],[-66.14906137243796,-17.355425518799137],[-66.14904755365006,-17.355413131196364],[-66.14903091459873,-17.355400703358598],[-66.14901582717368,-17.355385227464858],[-66.14899953204171,-17.355374881425167],[-66.1489916491875,-17.355392106513133],[-66.14897872756127,-17.355406821622886],[-66.1489581298488,-17.355407159864424],[-66.14894402206076,-17.355395219631127],[-66.14892555539103,-17.355391524784718],[-66.14891889464428,-17.355408767304187],[-66.14891782694261,-17.355429159808267],[-66.14891793423193,-17.355439365207264],[-66.14891799811471,-17.355448486390344],[-66.14891402870649,-17.355468024798846],[-66.14890923416628,-17.355486196939346],[-66.14890658786318,-17.355505302725337],[-66.14891802150845,-17.35551991380212],[-66.14892204006125,-17.35553974677249],[-66.14893774880193,-17.355551529249396],[-66.14894461695332,-17.355569506579958],[-66.14894161416791,-17.355587343084707],[-66.14893895529555,-17.355607261389398],[-66.14893250165711,-17.355626311051335],[-66.14893186124223,-17.355628200014756],[-66.14893344534032,-17.35564736615527],[-66.14893513043044,-17.355666082238027],[-66.1489419059717,-17.355683967948085],[-66.14894341142411,-17.355702139669695],[-66.1489496284994,-17.355719656213314],[-66.14896225075775,-17.355736451440528],[-66.14897594063582,-17.355751094705294],[-66.14899074605505,-17.355766566581888],[-66.14899591786417,-17.355784790610215],[-66.14900270319032,-17.355802044360942],[-66.14900806860555,-17.35581990995241],[-66.14901154406417,-17.355838380678737],[-66.14901328087647,-17.355844636137956],[-66.14901797334677,-17.355860415235142],[-66.14902359844626,-17.35587972932691],[-66.14902488516229,-17.355899884522234],[-66.14902150075119,-17.355918076782466],[-66.14902074440464,-17.355936577435223],[-66.14902402905346,-17.35595522603888],[-66.14902618140327,-17.35597412938767],[-66.14902014657797,-17.355993457731607],[-66.14901012941135,-17.356008846372355],[-66.14900645179479,-17.356027756846423],[-66.14900692035698,-17.35604609437471],[-66.14900811725006,-17.356065977389157],[-66.14900930855663,-17.356086221522776],[-66.14897017854658,-17.356147879767036],[-66.14896418883392,-17.356170369241234],[-66.1489586016926,-17.356191148763916],[-66.14890445646134,-17.356208345905458],[-66.14888499934106,-17.35620788770334],[-66.14886458160933,-17.356214820370067],[-66.14884657040587,-17.35622422546219],[-66.14882944202814,-17.356237345436426],[-66.14881550716943,-17.3562506915729],[-66.14880129447111,-17.3562637628448],[-66.14878435969212,-17.35627652437764],[-66.14876626886465,-17.356291075408173],[-66.14875076237794,-17.356302683420374],[-66.14873291683132,-17.356313535659094],[-66.14871666245679,-17.356324862097903],[-66.14869932090038,-17.356339604411254],[-66.14868380462815,-17.356351844375357],[-66.14867115375442,-17.356367285712746],[-66.14865969985706,-17.35638436952288],[-66.14864880023569,-17.356402093338765],[-66.14863436597163,-17.356417328626684],[-66.1486193351003,-17.35642858221375],[-66.148601325262,-17.3564378969989],[-66.1485817829152,-17.3564429458291],[-66.14856987907069,-17.35644656855805],[-66.14841468747306,-17.35654043289596],[-66.14831337607475,-17.356588593276463],[-66.14825497785976,-17.356616353280707],[-66.14823271667078,-17.356669492994953],[-66.1480780955444,-17.356696091918533],[-66.14799207013864,-17.356719606262477],[-66.14793186757298,-17.356739335343793],[-66.1477603612325,-17.35674510469283],[-66.14766129618782,-17.356784867296163],[-66.147578438557,-17.356779891984523],[-66.147561775133,-17.356781189216743],[-66.14754248782936,-17.356781907194996],[-66.1475399395488,-17.35680074344009],[-66.14754425395694,-17.356819677647422],[-66.14753200554902,-17.35683340894724],[-66.14751139931309,-17.356834288693616],[-66.1474905966739,-17.356835707431916],[-66.14747081556185,-17.356837953446842],[-66.14744876285103,-17.356841160328187],[-66.14742813285858,-17.356843574820083],[-66.14740750845576,-17.356845628191127],[-66.1473863172012,-17.35684785406712],[-66.14736382099406,-17.356849338915026],[-66.14734312214635,-17.35685012702196],[-66.1473228919485,-17.35685101211665],[-66.14730357669005,-17.35685353566368],[-66.14728080124976,-17.356854835916536],[-66.14725926330514,-17.356855160537684],[-66.1472368904562,-17.356854750840444],[-66.14721471680707,-17.356853621587746],[-66.14719375969096,-17.356852870898717],[-66.14717421271688,-17.35685214033939],[-66.14715523399256,-17.35685114699206],[-66.14714297577382,-17.35686551022087],[-66.14714032785086,-17.356884706230993],[-66.14714314225857,-17.35690334812786],[-66.14712881862194,-17.356917501268626],[-66.14710840216725,-17.356924343454327],[-66.14708760371421,-17.356925491309738],[-66.14706872075942,-17.356930459093423],[-66.14704911927154,-17.356933249426444],[-66.14702912497371,-17.356937117744227],[-66.14700899753136,-17.35694351254734],[-66.1469897147754,-17.35695000970781],[-66.14696997035712,-17.3569559584773],[-66.14695214842207,-17.35696527577782],[-66.14693349857028,-17.35697340736112],[-66.14691517547222,-17.356978654021283],[-66.14689538456251,-17.356981531933194],[-66.1468767906165,-17.35698605232579],[-66.1468793187752,-17.357004961034566],[-66.1468614223906,-17.35701301306863],[-66.14684279629272,-17.357019609888646],[-66.14682419990626,-17.357030360911324],[-66.14680851781225,-17.357041153543605],[-66.14678764247114,-17.357047266744196],[-66.14676522068572,-17.35705001677717],[-66.14674695943746,-17.35705734119336],[-66.1467275697177,-17.35705859942341],[-66.14670958770044,-17.3570661084221],[-66.14669318147826,-17.357075084712875],[-66.1466754325626,-17.35708575752125],[-66.14665641224296,-17.357093522587068],[-66.1466348997944,-17.357098272179336],[-66.14661612515626,-17.35710838853761],[-66.14659882251736,-17.357120602803185],[-66.1465814650076,-17.357130287895817],[-66.14656340294847,-17.357136892741025],[-66.14654374691999,-17.357143203924082],[-66.14652080195481,-17.357149377839526],[-66.14650049344914,-17.35715531850238],[-66.14647899916497,-17.357158894441525],[-66.14645944692762,-17.357164575000883],[-66.14644001840226,-17.35717441110398],[-66.14641994998188,-17.357183064172773],[-66.14639885549805,-17.357185110719723],[-66.14638000012292,-17.357182222765616],[-66.14635814377714,-17.357184890525073],[-66.1463389074587,-17.357194458463535],[-66.14631841232384,-17.35720030614157],[-66.14629630224938,-17.357207214348584],[-66.14627736578873,-17.35720956259977],[-66.14625744309673,-17.357214876649035],[-66.14623836648974,-17.357220202779466],[-66.14621909487245,-17.357225977620544],[-66.14619880872242,-17.35723047377694],[-66.14617853515452,-17.35723415741508],[-66.1461576681687,-17.357239728866013],[-66.14613717442387,-17.35724548624426],[-66.14611529430299,-17.357249688727958],[-66.14609398243319,-17.357253628426424],[-66.14607129677142,-17.357255200713976],[-66.14605012504954,-17.35725616252497],[-66.14603131335355,-17.35725652594417],[-66.14601070848559,-17.357257315247992],[-66.14599063551671,-17.357260189035514],[-66.14596999709205,-17.357263145044147],[-66.14594609909375,-17.35726406790493],[-66.14592541839328,-17.35726368222298],[-66.14590642287376,-17.357263772106155],[-66.14588415519789,-17.357262641356844],[-66.14586249772215,-17.357258539437],[-66.14581857289988,-17.35725935683009],[-66.14579606234997,-17.357255694215837],[-66.14577432764851,-17.35725050758966],[-66.14575418551716,-17.35724570490739],[-66.14573454140094,-17.357239103346856],[-66.14571618265646,-17.357234506733906],[-66.14569792910926,-17.357229189226054],[-66.14567997577024,-17.35722270211145],[-66.14566015514828,-17.357221425693254],[-66.14564721615699,-17.35720688324801],[-66.14562838629261,-17.357208420263596],[-66.14560910595796,-17.357208686649678],[-66.14559057382235,-17.357215284686077],[-66.14557312505103,-17.35722478777989],[-66.14555544179517,-17.357231217339724],[-66.1455330846334,-17.357235864440863],[-66.14551201112477,-17.35723655669907],[-66.14549208251135,-17.357236181716274],[-66.14546833447042,-17.3572334946827],[-66.14544798335805,-17.357230043477617],[-66.1454262249015,-17.357226391566954],[-66.14540509794155,-17.357224464365455],[-66.1453832737586,-17.357225055586817],[-66.14536373408357,-17.357229923517284],[-66.14534279296647,-17.357240279692768],[-66.145321635549,-17.357246388700375],[-66.14530149405392,-17.357253686112323],[-66.14528415326257,-17.357262287726243],[-66.14526570952971,-17.35726924819094],[-66.14524578821639,-17.357274471854435],[-66.14522639319793,-17.357282141120347],[-66.14520841531336,-17.35728937913295],[-66.14519231232768,-17.357303055191977],[-66.14517755064733,-17.35731512502203],[-66.14516249434918,-17.35732800333671],[-66.1451604270498,-17.35734612399336],[-66.14516267999214,-17.357364577271404],[-66.14516098453414,-17.357382974138822],[-66.14515311381629,-17.357399386491483],[-66.14514167772698,-17.357415296407577],[-66.14512499248522,-17.357430138033138],[-66.14510784418614,-17.357444521543798],[-66.14508911450551,-17.35745779886533],[-66.1450713137288,-17.35747181185207],[-66.14505674144446,-17.357483794076714],[-66.14504065661289,-17.357496296485998],[-66.14502627374257,-17.357508191114693],[-66.14500973704193,-17.357519513171844],[-66.14499383742606,-17.357532198821705],[-66.14497717733897,-17.35754541540108],[-66.14496004860024,-17.35755853498314],[-66.1449420625828,-17.357572364710002],[-66.14492370192299,-17.357586098782406],[-66.14490798332132,-17.357599238507408],[-66.14489002946763,-17.35761099180085],[-66.1448735867598,-17.357622315187285],[-66.14485815157936,-17.357635368657686],[-66.1448391748035,-17.35764638493389],[-66.1448231039319,-17.3576579845267],[-66.14480890066223,-17.35767042349892],[-66.14479570771714,-17.357684411996832],[-66.14477855068823,-17.357693287082007],[-66.14476073892185,-17.357683731725206],[-66.14474788560089,-17.357669732247896],[-66.14472743514906,-17.35767269080487],[-66.14470913461578,-17.357682542837573],[-66.14469160853976,-17.35769096114409],[-66.14467256851569,-17.357699989911076],[-66.14465667305991,-17.35771240468986],[-66.14463985149426,-17.35772390323887],[-66.14462498594408,-17.35773660362999],[-66.14460740810028,-17.357748362266797],[-66.14459232500822,-17.357759930803436],[-66.14456742042276,-17.35778029863027],[-66.14454625733191,-17.357786768660198],[-66.14452482200349,-17.357792602701334],[-66.14450783618616,-17.357802563799734],[-66.14448940636767,-17.35780862138585],[-66.14447080839255,-17.357819462435987],[-66.14445348990017,-17.357826619493018],[-66.14443481442295,-17.357830325778135],[-66.14441436787381,-17.357826963396892],[-66.1443963513121,-17.35781848867456],[-66.14437781154086,-17.35781343785104],[-66.14436049164772,-17.357820685178975],[-66.14434350779736,-17.35781231551044],[-66.14433345657666,-17.35782987054792],[-66.144328532517,-17.357850298140946],[-66.14432157242047,-17.357868619749297],[-66.1443134506281,-17.357889091940418],[-66.1443070531874,-17.357907511888474],[-66.14429973663381,-17.357924564209416],[-66.14428765496211,-17.357939652140644],[-66.14427190410973,-17.357954868230358],[-66.1442628645947,-17.357973882511697],[-66.14425027789004,-17.357991220706854],[-66.14423819760863,-17.358006218354348],[-66.1442270392345,-17.35802240306901],[-66.14420670400767,-17.358030058781512],[-66.14418706295791,-17.35802932656941],[-66.14416652824956,-17.35803165176222],[-66.14416528173827,-17.358051409513667],[-66.1441772441701,-17.358068285873532],[-66.14418905636117,-17.358082722001996],[-66.14419206407848,-17.358101005467013],[-66.14419071096614,-17.35812157438979],[-66.14418608010094,-17.358141283770994],[-66.1441861539245,-17.358160789495173],[-66.14419121866536,-17.358179824755247],[-66.1441913697089,-17.358200415175823],[-66.14418760731583,-17.358218692178987],[-66.1441673954573,-17.358224453360272],[-66.14414807559415,-17.358221197349227],[-66.14413081468453,-17.358230702978446],[-66.14411912020958,-17.358245074033597],[-66.14411390148608,-17.35826631009896],[-66.14411068215468,-17.35828594935211],[-66.14410633890081,-17.35830530164278],[-66.14410172341036,-17.358324017946437],[-66.14409685833367,-17.358346703855524],[-66.14409267511162,-17.358367864420494],[-66.14408524211689,-17.358386359853785],[-66.1440760593108,-17.35840248249227],[-66.14407453634803,-17.358421875092073],[-66.14406886435212,-17.358442021083313],[-66.14406051223955,-17.358459148886958],[-66.1440510362029,-17.358475989727268],[-66.14404831069493,-17.358494100946594],[-66.14405184048094,-17.358515100855804],[-66.14404917959769,-17.358535109285757],[-66.14404474091822,-17.35855455050852],[-66.14404017884308,-17.35857588625429],[-66.14403526731222,-17.35859550131661],[-66.1440275760565,-17.358612457964526],[-66.14402011645569,-17.358632668700793],[-66.14401395340435,-17.358654162160228],[-66.14400668741703,-17.358674014465425],[-66.1439977180516,-17.35869456481751],[-66.14398932953607,-17.35871403987891],[-66.1439829488143,-17.358731376453765],[-66.14397267169647,-17.358751366314817],[-66.14396357727095,-17.35876785140475],[-66.14395210320423,-17.358786198766232],[-66.14394271415043,-17.35880349233764],[-66.14393287183576,-17.358819695836875],[-66.14392358518427,-17.358836449074385],[-66.14391418912798,-17.358854194040447],[-66.14390360032347,-17.35887002566945],[-66.14388968337748,-17.358888247806796],[-66.143876552095,-17.358904313988596],[-66.14386312198702,-17.35892145949003],[-66.14384742163732,-17.35893947553153],[-66.14383231893119,-17.358955332929746],[-66.14381941764094,-17.358968693413154],[-66.1438046585345,-17.35898058254833],[-66.14378753797479,-17.35899316032005],[-66.14376861162613,-17.35900697646708],[-66.14375080220235,-17.359021530973482],[-66.14373104375035,-17.35903443222747],[-66.14371238682926,-17.359049064913744],[-66.14369365688704,-17.35906234206366],[-66.14367466870252,-17.35907408043068],[-66.14365390411683,-17.35908516130511],[-66.14363401501089,-17.35909435840639],[-66.14360012865265,-17.359114823418096],[-66.14358048798367,-17.35912619124924],[-66.14355891508234,-17.359134822474033],[-66.14353945379192,-17.359140684604874],[-66.14351668814442,-17.359147402486446],[-66.1434963653639,-17.359154245589206],[-66.1434779493803,-17.35915940026309],[-66.14345661627729,-17.359164693828376],[-66.14343305211891,-17.359168330105934],[-66.1434133605775,-17.35917084785611],[-66.14339176083729,-17.35917514430921],[-66.1433720315051,-17.359180099596834],[-66.14335045135854,-17.359183132134664],[-66.14333103764763,-17.35918592474656],[-66.14330879802861,-17.359189038150255],[-66.14323308474353,-17.35919021310433],[-66.14320441931311,-17.359171111286],[-66.14318978404451,-17.359156815335204],[-66.14318339345868,-17.359138393199366],[-66.14318399462606,-17.359117813549513],[-66.14318083538305,-17.359097180132824],[-66.14317766914176,-17.359076998112698],[-66.14317584283924,-17.359055300162712],[-66.14317492444536,-17.359035692078532],[-66.14317102012026,-17.359014596512004],[-66.14316641713252,-17.358996109636266],[-66.14316081082721,-17.35897562182986],[-66.14315282767377,-17.358956815725975],[-66.1431461368687,-17.358939563188663],[-66.14313928463912,-17.35892059265609],[-66.14312807155112,-17.358903907553163],[-66.1431156097383,-17.35888892028227],[-66.14310274949112,-17.358875372102986],[-66.1430886881104,-17.35886045225904],[-66.14307479515564,-17.358846799013055],[-66.14306102840744,-17.35883107068666],[-66.14305813581127,-17.35881143437518],[-66.14306920592563,-17.358794887287726],[-66.14308178439829,-17.358778090868526],[-66.1430982734987,-17.35876378844518],[-66.14311633417292,-17.35875122417789],[-66.1431280637482,-17.35873459621569],[-66.14314091024416,-17.35871870661687],[-66.14315236758266,-17.358701442664913],[-66.1431617566981,-17.358684149140693],[-66.14316115672338,-17.358662197826657],[-66.14315720061238,-17.35864444259508],[-66.14315268884,-17.358626137622743],[-66.14314546477537,-17.358606890876963],[-66.14313598867145,-17.35858734103352],[-66.14312637096943,-17.358570859342226],[-66.143113562529,-17.358553970832006],[-66.14310225125152,-17.358537555224476],[-66.14309173264722,-17.358518532270043],[-66.14308437399002,-17.358501902279148],[-66.14307415561532,-17.358481709725815],[-66.14306461933575,-17.35846604189095],[-66.14305565971463,-17.358449569607185],[-66.14304713072397,-17.358429581807115],[-66.1430406531556,-17.358410706930634],[-66.14303606558389,-17.358391226982704],[-66.14303293855114,-17.358368517142647],[-66.14303248741417,-17.358349096338898],[-66.14303842894638,-17.358329766939477],[-66.14305203589234,-17.358313346420392],[-66.14306684536766,-17.358298207284445],[-66.14308106978606,-17.358284414271694],[-66.14309577684867,-17.35826981546456],[-66.143109258982,-17.358255379740783],[-66.14312443189,-17.35824105848946],[-66.14313214419747,-17.358222747696065],[-66.14313602029748,-17.358203208161967],[-66.14314097249375,-17.35818097503355],[-66.14314729844385,-17.358161109328723],[-66.14315054446472,-17.35813975479871],[-66.14313753682877,-17.358123585839756],[-66.14312754450494,-17.358107008495626],[-66.14312618404946,-17.358085588104167],[-66.14311933743849,-17.358066256457224],[-66.14310822959925,-17.35804885046947],[-66.14309053991505,-17.35803749072944],[-66.14306997815413,-17.358029430998364],[-66.14305780822139,-17.358013815809368],[-66.14306159171113,-17.357994184653407],[-66.14306601787092,-17.35797555597863],[-66.14307250664328,-17.357957317991826],[-66.14308284701036,-17.357939315672585],[-66.14309673594734,-17.357922899177453],[-66.1431118920288,-17.357909661274558],[-66.14312730354378,-17.357898142709477],[-66.14314629162163,-17.35788640438066],[-66.14316835425728,-17.35788256604929],[-66.14318854229829,-17.357878339716553],[-66.14320905295602,-17.357871499313518],[-66.14322619886039,-17.357863346611577],[-66.14324427062623,-17.357850060082853],[-66.14326260226345,-17.357844272112338],[-66.14328622806795,-17.35784271359867],[-66.14330554902382,-17.35783982934675],[-66.14329775250513,-17.35782111621922],[-66.14329033762436,-17.357802047350372],[-66.1432947019342,-17.357781340897525],[-66.14330603858639,-17.35776579088789],[-66.143320077722,-17.357751814602103],[-66.14333460229811,-17.35773685196232],[-66.14333445554124,-17.357715990716382],[-66.14332467642502,-17.357697791042167],[-66.14333731520699,-17.357683162638814],[-66.14335859775042,-17.357681119116958],[-66.14337383800654,-17.357668514487536],[-66.14338752908097,-17.35765272723238],[-66.14340121735398,-17.3576371205346],[-66.14341636499357,-17.357624424277628],[-66.14342734937777,-17.357607334133366],[-66.14343283198225,-17.357587275756895],[-66.14344203577984,-17.357569798959023],[-66.14345451451337,-17.357553362270675],[-66.14344968825795,-17.357531079636065],[-66.14344377052153,-17.35751248367135],[-66.14344202558775,-17.357491599576537],[-66.14344375480488,-17.357471036045016],[-66.14344500557742,-17.357451007469848],[-66.14344557029445,-17.357432775074027],[-66.14344504048486,-17.357412359846855],[-66.14344585899386,-17.35738988700958],[-66.14344862091164,-17.357369428540064],[-66.14345515579852,-17.357348211312726],[-66.14346119264808,-17.357328792952323],[-66.14346480064641,-17.357308346577216],[-66.14346622543721,-17.357289223482407],[-66.14347198585237,-17.357269439972026],[-66.14348156426374,-17.357252058823903],[-66.14349169553377,-17.35723540797313],[-66.14349659306703,-17.35721669571855],[-66.14350234927737,-17.357197183044402],[-66.14350547882349,-17.357177271624018],[-66.1434968180248,-17.357159720041032],[-66.1434816918277,-17.357146771600174],[-66.14346873179548,-17.35712753316957],[-66.14346340610732,-17.35710713968275],[-66.14347282307874,-17.357088040538255],[-66.14349222511838,-17.357079920053625],[-66.1435114967633,-17.35707414548617],[-66.14353135205396,-17.35706711506883],[-66.14355102912045,-17.357059450006105],[-66.14357203656094,-17.357056951022106],[-66.14359482203398,-17.35706106930554],[-66.14361186963805,-17.357053186050543],[-66.1436247777814,-17.357039374164003],[-66.14363307781657,-17.35701953664828],[-66.14363777471448,-17.35700163421359],[-66.14364584614752,-17.35698441211079],[-66.14364820120865,-17.35696593440448],[-66.14364766857098,-17.35694569973263],[-66.14364422864506,-17.356924972006478],[-66.14362588591591,-17.356931482262638],[-66.14361538004063,-17.35694803747032],[-66.14360368422835,-17.356962498782288],[-66.14358498250309,-17.35697397036726],[-66.14356597445368,-17.356974872546065],[-66.14354815023688,-17.35696612961408],[-66.1435386111726,-17.35695064236411],[-66.14352191506978,-17.356941915556387],[-66.14350031115129,-17.356940432838414],[-66.14347959694722,-17.356942213613486],[-66.14346079676154,-17.356947904619847],[-66.14344214960809,-17.356955855295762],[-66.14342124063526,-17.356964134833543],[-66.14340461969807,-17.35697482345156],[-66.14339004596965,-17.35698689582419],[-66.14337209770454,-17.356998287858826],[-66.14335999224791,-17.357014910481674],[-66.14335146473671,-17.35703122305566],[-66.14333861000098,-17.357047654366397],[-66.14332987767393,-17.35706504760309],[-66.14332639586726,-17.357083418893843],[-66.14332769313671,-17.35710285179875],[-66.1433279367116,-17.357123533830894],[-66.143330662313,-17.35714181326371],[-66.143336118382,-17.35715986083315],[-66.14334782244815,-17.35717519844375],[-66.14336223039408,-17.357192019497717],[-66.14336687561494,-17.357213848047657],[-66.14336678094085,-17.35723208716227],[-66.14336729814916,-17.35725331490267],[-66.14336645419874,-17.35727136270697],[-66.14336347906594,-17.357293443514617],[-66.14335854652937,-17.35731441274699],[-66.14334837185876,-17.357333862247952],[-66.14333381093373,-17.357351172156857],[-66.1433183672918,-17.357364767171767],[-66.14330040194659,-17.357371192486188],[-66.143281248067,-17.35737543362291],[-66.14325948151769,-17.357378373214924],[-66.14323734732783,-17.357380765752424],[-66.1432181820111,-17.357379679058415],[-66.14319819020444,-17.357377316355738],[-66.14317735931216,-17.357374490158133],[-66.14315809299006,-17.357373853511064],[-66.14313788937393,-17.357373022862898],[-66.14311508288785,-17.357370258713015],[-66.14309591897441,-17.357369081728205],[-66.14308325080918,-17.357385605982675],[-66.14306938571306,-17.35740048773505],[-66.14305610006694,-17.357414384478272],[-66.14304341509903,-17.35743199208092],[-66.14303513877259,-17.357450294811027],[-66.14302424417751,-17.357467657112007],[-66.14300894373488,-17.357484143724193],[-66.14299455678982,-17.35750235908303],[-66.14298360456971,-17.35751737277456],[-66.14297034153343,-17.357535875098517],[-66.14295741371116,-17.357550950840054],[-66.14294001822388,-17.357563073122652],[-66.14292202905526,-17.35757103314625],[-66.14290166165445,-17.357580765149304],[-66.1428817948662,-17.35758246766919],[-66.14285965902704,-17.357578900382613],[-66.14284082191818,-17.357574838465542],[-66.14282005120539,-17.357568130218556],[-66.14280174433654,-17.357560193009622],[-66.14278464676995,-17.357547035731237],[-66.1427643363117,-17.357540966155433],[-66.14274522160406,-17.35754267941616],[-66.14272439630719,-17.357539492052428],[-66.14270348400107,-17.357535851945922],[-66.14270231831435,-17.35754432341163],[-66.14272507368095,-17.3575685781139],[-66.14273384102145,-17.357585318552452],[-66.14274285959598,-17.357604049167946],[-66.14274420019214,-17.357620683409348],[-66.14274516777233,-17.357643181771614],[-66.14275675540166,-17.357659962537856],[-66.14276378718361,-17.357679477437213],[-66.14276447273689,-17.35770197176689],[-66.1427578745412,-17.357721201468813],[-66.14274471107545,-17.35773934399907],[-66.14273048248481,-17.357753407828834],[-66.14271571643164,-17.357765748285114],[-66.14270503220231,-17.35778166878108],[-66.14271039280682,-17.35779980529538],[-66.14270922195776,-17.357820737990384],[-66.14271176507589,-17.357838653617286],[-66.14271171814144,-17.357859873281633],[-66.1427007000818,-17.357879130076892],[-66.14268528994701,-17.357890558326073],[-66.14266572497155,-17.35789705099821],[-66.14264174994334,-17.35790293880889],[-66.14262040018323,-17.357909315654506],[-66.1426008786014,-17.357913009662177],[-66.1425792087975,-17.357915769954705],[-66.14256053050131,-17.35791965661602],[-66.14254032005236,-17.35792532735071],[-66.1425209372762,-17.35792613375789],[-66.14250006714612,-17.35792583530154],[-66.1424778976817,-17.357924434670075],[-66.14245789463851,-17.35792279412013],[-66.1424417189677,-17.35791082388605],[-66.14244587715575,-17.357891288407913],[-66.14245853981394,-17.357875125325226],[-66.1424465663661,-17.357858971121125],[-66.14242714999841,-17.357861944222424],[-66.14241249192808,-17.35787338320372],[-66.14239771520795,-17.35786215536774],[-66.14238349813768,-17.35784515638074],[-66.14235899623044,-17.357830448386892],[-66.14235879042825,-17.357843719437376],[-66.14239833072189,-17.35789710637945],[-66.14239867151531,-17.35789756545857],[-66.14239564033298,-17.35789899759926],[-66.14238946828712,-17.357901900946597],[-66.14238927315739,-17.357901992970238],[-66.14238039871807,-17.357906167009197],[-66.14237934351335,-17.357906663915312],[-66.14237072387742,-17.357910717887787],[-66.14237059695257,-17.3579107774761],[-66.14237053553835,-17.357910796463635],[-66.14236834640325,-17.357910682080735],[-66.14236721336178,-17.357910619824075],[-66.14235730252182,-17.357910076253624],[-66.14235728113762,-17.357910060596925],[-66.14234454023432,-17.357883427919873],[-66.14231729664897,-17.35786967400274],[-66.14228909238417,-17.35786936093463],[-66.1422882663521,-17.35792262569148],[-66.14232981858508,-17.357923219957136],[-66.1423433189937,-17.3579500513197],[-66.14234325095211,-17.357954438891383],[-66.14234290598382,-17.35797668369922],[-66.14232745081395,-17.35798495079792],[-66.14226599968538,-17.358017411332078],[-66.14224506342399,-17.358028470646833],[-66.14216998150893,-17.35807736841971],[-66.1421050482811,-17.358119656929382],[-66.14204813758185,-17.358212031768677],[-66.14199060791597,-17.358344309998504],[-66.1419889556284,-17.358450839478987],[-66.14199874113213,-17.358717181631906],[-66.14197056317394,-17.358794460310584],[-66.1419407981265,-17.35887609218098],[-66.14193006706785,-17.358900781809105],[-66.14179706690362,-17.359206788842457],[-66.14180064812136,-17.35926688906106],[-66.1418079959565,-17.359393322797313],[-66.14176499815436,-17.359485896502353],[-66.14169509353091,-17.35952480872549],[-66.14165354096016,-17.359524214274877],[-66.14160862065026,-17.359516437997588],[-66.14158859925092,-17.35951597096577],[-66.14156716787076,-17.359521533807374],[-66.14154756470268,-17.35952441382568],[-66.14152676461019,-17.359525651332092],[-66.1415054256662,-17.359525255741246],[-66.14149020754013,-17.359536415717777],[-66.1414999149283,-17.359553169654937],[-66.14150424692112,-17.359570930277325],[-66.14151310961932,-17.35958758183012],[-66.14152691267941,-17.35960096299266],[-66.1415363450454,-17.359617261498116],[-66.14154577041008,-17.35963401139922],[-66.14155510036531,-17.359650850234313],[-66.14156205625243,-17.35966919019082],[-66.14156608381217,-17.359688391244855],[-66.14157671030952,-17.35970651281765],[-66.14158507775721,-17.35972478266929],[-66.14158983079274,-17.35974570978739],[-66.14159169891649,-17.359764699348812],[-66.14159884983363,-17.359782590599078],[-66.14160217422706,-17.359790990837013],[-66.14160654100542,-17.35980202466507],[-66.14161592716843,-17.359821302381913],[-66.14161905784955,-17.35982691502059],[-66.14162608222368,-17.359839507508077],[-66.14162980254986,-17.359860329552426],[-66.14162592483106,-17.359879959304983],[-66.14161234844745,-17.359894393546934],[-66.14159950713021,-17.359911450660242],[-66.14159909908403,-17.3599119929387],[-66.14158263357947,-17.359924760458497],[-66.14156240187732,-17.359931785243937],[-66.14154389754923,-17.359942627307383],[-66.14152643994056,-17.359952671651374],[-66.14151053849116,-17.35996544723397],[-66.14149415718246,-17.359978848044005],[-66.1414775654402,-17.35999369062889],[-66.14145983979826,-17.360002828139013],[-66.14144062959474,-17.3600106802181],[-66.14141803484304,-17.36001243382381],[-66.14139937996555,-17.36000873554636],[-66.14137711050238,-17.360001644480082],[-66.1413600401286,-17.3600109719544],[-66.1413605008694,-17.360029760779685],[-66.14135935222454,-17.360049248971535],[-66.14135069393733,-17.360067907321906],[-66.14133347491764,-17.3600807543347],[-66.14131668376464,-17.36009026639749],[-66.1412965672207,-17.36010198835778],[-66.14127939722027,-17.36011167559462],[-66.14126140633614,-17.360119725698702],[-66.14124123919898,-17.36012864765372],[-66.14122303787843,-17.36013813952984],[-66.14120325938732,-17.360146254348834],[-66.14118525869182,-17.36015493639902],[-66.14116567662377,-17.360162512229305],[-66.14114696726537,-17.360168384860668],[-66.14112466168824,-17.360175741117153],[-66.14110614875398,-17.360181074759915],[-66.14108604184067,-17.360186114694375],[-66.14106842838643,-17.360194079880507],[-66.14104763678048,-17.36020082569748],[-66.14102668516942,-17.360205763238962],[-66.14100433600598,-17.36020986808677],[-66.14098450971926,-17.36021500232507],[-66.140962522588,-17.36022001534028],[-66.14094222624647,-17.36022514284754],[-66.14091901417336,-17.360230318926842],[-66.14089957793523,-17.360234555746114],[-66.14087901917262,-17.360238415302835],[-66.14085741648572,-17.360242892012284],[-66.14083864532506,-17.360246686847077],[-66.14081930575186,-17.360244694399302],[-66.14080372911708,-17.360230475114946],[-66.14078334436581,-17.360235240143417],[-66.14076917861276,-17.3602512912656],[-66.14075096325148,-17.360261685884254],[-66.14072744111941,-17.360268663485638],[-66.14070874589405,-17.360279683326468],[-66.14068958047255,-17.360284646392863],[-66.14066923494343,-17.360286883593556],[-66.14064765186406,-17.360290096371305],[-66.14063069099541,-17.360304482093916],[-66.14061413699059,-17.360316887056467],[-66.14059689968934,-17.360330907622632],[-66.1405794897763,-17.36034393242592],[-66.1405595751994,-17.360354754200735],[-66.14054143701537,-17.36036623349147],[-66.14052174968727,-17.36037453013839],[-66.14049974278166,-17.36037475696084],[-66.14048070905571,-17.360371233770977],[-66.1404682452677,-17.360386677132258],[-66.14046306527048,-17.360405385213042],[-66.14044559075589,-17.36041651279589],[-66.14042619666078,-17.36042409123596],[-66.14040396963262,-17.360432441818325],[-66.14038610072394,-17.360438687597078],[-66.14036635720508,-17.360444545345857],[-66.140347647803,-17.360450417894146],[-66.14032893559748,-17.36045647099864],[-66.1403109572605,-17.360463708494077],[-66.14029233766239,-17.360469853219445],[-66.14027171721432,-17.360477684986684],[-66.14025046811656,-17.36048361147162],[-66.14022967505849,-17.360490447473012],[-66.14020737502513,-17.360497442499362],[-66.14018669559354,-17.360503015934654],[-66.14016951289726,-17.360513515573057],[-66.1401517281771,-17.360520394627525],[-66.1401332179954,-17.360525547612486],[-66.14011035108857,-17.360532715110647],[-66.14008957904213,-17.36053819691007],[-66.14006638233502,-17.36054237981114],[-66.14004411732627,-17.360547117841175],[-66.1400253447276,-17.36055100287137],[-66.1400016583453,-17.36055644294227],[-66.13998014542011,-17.360561191730866],[-66.13995572376722,-17.360565537681136],[-66.13993512712342,-17.360571834666175],[-66.13991688635265,-17.360577804178146],[-66.13989495253458,-17.36058543650273],[-66.13987699379386,-17.360591410048134],[-66.13985637752495,-17.360598970930663],[-66.13983793751656,-17.36060565997519],[-66.1398370179289,-17.36060596014825],[-66.1398164835573,-17.36061266706623],[-66.13979741350153,-17.36061754110497],[-66.13977901833843,-17.36062134121462],[-66.13976013349973,-17.360626398499328],[-66.13973868794554,-17.360632863907064],[-66.13971473773715,-17.360637126276067],[-66.13969249233558,-17.360640600357545],[-66.13967233198886,-17.36064302069881],[-66.13965366179805,-17.360646365363255],[-66.13963170263229,-17.36064957263841],[-66.13961294263471,-17.36065264511583],[-66.13959315412502,-17.360655341669645],[-66.13957433515654,-17.36065615582205],[-66.13954954295119,-17.36065408517985],[-66.13952878900372,-17.360652343249885],[-66.13950499307373,-17.360652724941442],[-66.13948471348552,-17.36065676893923],[-66.13946109856879,-17.360657604712507],[-66.13944004577083,-17.360656942083253],[-66.13941825069935,-17.360655636730367],[-66.13939792606288,-17.36065046956935],[-66.13937725902615,-17.360643130326277],[-66.13935656265025,-17.360643736978687],[-66.13933842147928,-17.360649346664054],[-66.1393164089531,-17.36064993446686],[-66.13929742719826,-17.36064912087906],[-66.13927636178872,-17.360649270743636],[-66.13925610042264,-17.36065214109069],[-66.1392333891705,-17.360655337551826],[-66.13921382653089,-17.36065559922694],[-66.13919187708707,-17.36065212446179],[-66.13917157489009,-17.360645512815058],[-66.13915371557124,-17.36063902644612],[-66.1391355742218,-17.360632536037215],[-66.13911676078058,-17.360626938993207],[-66.13909416448365,-17.360622732562902],[-66.13907457793188,-17.36061847893015],[-66.13905163783802,-17.360612190694198],[-66.13903128939042,-17.36060855824046],[-66.1390113451084,-17.36060917562734],[-66.13899260474062,-17.360610984140035],[-66.13897011656302,-17.36061192628973],[-66.13894762558175,-17.360613048994782],[-66.13892672296846,-17.360614826536807],[-66.13890395275924,-17.360615764640073],[-66.13888438311875,-17.360616477678224],[-66.13886418204108,-17.36061546599012],[-66.1388441731912,-17.360614186155786],[-66.13882312181275,-17.360613433183534],[-66.13880357320338,-17.360612792029514],[-66.1387806388088,-17.36061219268387],[-66.13876041810562,-17.36061244489065],[-66.1387390594607,-17.360613312891502],[-66.13871898752235,-17.360616095597177],[-66.13869620329523,-17.360617936465953],[-66.13867625621229,-17.3606187343769],[-66.13865403745115,-17.360620493040226],[-66.13863252170243,-17.360625422235135],[-66.13861088670464,-17.36063197510191],[-66.1385891759223,-17.36063735299355],[-66.13856758438773,-17.36064110720837],[-66.13855213579392,-17.36064287252554],[-66.13853675597237,-17.360646264208633],[-66.13849770516256,-17.36065410270615],[-66.13845647240976,-17.36065712409653],[-66.13842793817032,-17.36066592589857],[-66.13840640138103,-17.360672209251153],[-66.13838094291053,-17.360688820814563],[-66.13835796370662,-17.360697160378052],[-66.13833670613987,-17.36070362831969],[-66.1383168348333,-17.36070560116549],[-66.13829617217829,-17.36071009104595],[-66.13827062938147,-17.360713969227533],[-66.1382403958667,-17.360717148122678],[-66.13821524868638,-17.36071371774569],[-66.13819796755227,-17.360712386618896],[-66.1381741786486,-17.360712316755674],[-66.13815171296132,-17.360717864381023],[-66.13813160870377,-17.360716673406568],[-66.13810868693189,-17.360715261472066],[-66.13808946803734,-17.360711554804578],[-66.13806281523864,-17.360702143108554],[-66.13803603898266,-17.360694625919283],[-66.13800821183429,-17.360694227291432],[-66.13797804709196,-17.36069903251324],[-66.13797524379912,-17.360722108891895],[-66.13797086045722,-17.360731888686654],[-66.13796719554207,-17.36074384594836],[-66.13796141606332,-17.360752702752755],[-66.13795507527641,-17.3607553208869],[-66.1379455535535,-17.360756900163455],[-66.13793680635469,-17.360757045751548],[-66.13792734778875,-17.36076061250927],[-66.13791703746962,-17.360758478229535],[-66.13789886391432,-17.360754064127054],[-66.13789158297385,-17.360750618759845],[-66.13788277822887,-17.360748415748088],[-66.13787212837842,-17.360749978859673],[-66.13787336458728,-17.360755143610536],[-66.13787683045102,-17.360768106014287],[-66.13788394866069,-17.36077597370015],[-66.13789174887971,-17.360794416135242],[-66.13789896390651,-17.360802104609835],[-66.13791038561979,-17.360817438461613],[-66.13791913572,-17.360829212380374],[-66.13793108784213,-17.36084672100513],[-66.13793846149007,-17.360862358060356],[-66.1379428198311,-17.36088445344495],[-66.13793891925226,-17.360905527525116],[-66.13793134514718,-17.360914900412165],[-66.13792246054714,-17.360929943359864],[-66.13791396175965,-17.360938309710523],[-66.1379142508503,-17.360943912387928],[-66.13791184733398,-17.360953359346944],[-66.13790938486812,-17.360960547987233],[-66.13790280140103,-17.360972734332375],[-66.1378962249453,-17.360984469282794],[-66.13789465910942,-17.360994470035774],[-66.13789961928653,-17.361002035909316],[-66.13790472826192,-17.361018182316187],[-66.13790749248697,-17.36102183387498],[-66.13790843825026,-17.361027536258774],[-66.1379093840136,-17.36103323864257],[-66.13790815014589,-17.361035489276265],[-66.13790290016382,-17.361045065218565],[-66.13789730167973,-17.361054376106985],[-66.13788488388258,-17.36106079003327],[-66.13787673308015,-17.36107096734576],[-66.1378647207769,-17.361075490801483],[-66.13785626265182,-17.361081239060994],[-66.13785468569971,-17.36108348116714],[-66.13784972405595,-17.361090536479303],[-66.1378426831905,-17.3611079536081],[-66.13781894477535,-17.361110683686704],[-66.13781837114456,-17.36114760774289],[-66.13781961028333,-17.36117074202889],[-66.13780133599782,-17.361215178205498],[-66.13776245632533,-17.361236202637468],[-66.13771670922198,-17.36119084923985],[-66.13767232048176,-17.36116095641649],[-66.13763997524866,-17.36117900428039],[-66.13763961617971,-17.361202115666313],[-66.13766928603525,-17.3612533790649],[-66.13766706786176,-17.36128720939003],[-66.13762076263265,-17.361295937043767],[-66.13761809249056,-17.361304386887877],[-66.13759135695605,-17.36131240163156],[-66.13754985459583,-17.36130250620106],[-66.13749169273531,-17.361305736304622],[-66.13744844345422,-17.36129328745343],[-66.13744044531306,-17.361251274147158],[-66.13741258016549,-17.361241212894857],[-66.13740421603177,-17.361246962478965],[-66.13739034593573,-17.361250014500378],[-66.13736587788733,-17.361257339312264],[-66.13734268528383,-17.361261251037433],[-66.13732332608377,-17.361266572172752],[-66.1373046179207,-17.36126630410153],[-66.13728367594187,-17.361264559236865],[-66.13726205624847,-17.36126406884374],[-66.13724732039071,-17.361262322606088],[-66.1372245150305,-17.361259467447077],[-66.13720766026674,-17.361257503021857],[-66.13720508564522,-17.36125720245562],[-66.13718742701512,-17.361249906097413],[-66.13717524069591,-17.3612535240249],[-66.13715966717996,-17.36125727401133],[-66.13714450197276,-17.36125895297249],[-66.13713615032223,-17.361261054646857],[-66.13712514978465,-17.36126382269372],[-66.13710437478927,-17.36126343468701],[-66.13707856108664,-17.36126053640154],[-66.13706065411658,-17.361257119327018],[-66.13703562054583,-17.361246376210822],[-66.13701100372138,-17.36123907042251],[-66.1369968768297,-17.361234443328783],[-66.13698344871382,-17.361233257606457],[-66.13695480627739,-17.361230860561303],[-66.13691694797627,-17.361228512036956],[-66.13689267354387,-17.36122942834151],[-66.13685334334176,-17.361224981836507],[-66.13683576332033,-17.361224729889685],[-66.13682191146214,-17.361226608246234],[-66.13680394697967,-17.361226892580024],[-66.13679308802607,-17.361223757089753],[-66.13677588544475,-17.36121737022247],[-66.13675833488922,-17.361215222414547],[-66.13675318814721,-17.361213613571007],[-66.13674513689202,-17.361211331007905],[-66.13673758655828,-17.361207069048152],[-66.13670261875353,-17.361206296991533],[-66.13667150117911,-17.36119980098287],[-66.13665967546386,-17.36119836730872],[-66.13664540266247,-17.36119707915903],[-66.13662961586469,-17.361190351376152],[-66.13661937991299,-17.361183432253263],[-66.13660300940755,-17.36117191026192],[-66.13659040214218,-17.361166311633884],[-66.13649461220419,-17.36114633711849],[-66.13638587264315,-17.36115489198398],[-66.13630487608631,-17.36115111232206],[-66.13623088690122,-17.361113932199125],[-66.13618568606664,-17.361075810242056],[-66.13615520001781,-17.361040788773664],[-66.13609676478187,-17.360995072583222],[-66.13602219622419,-17.360952827355685],[-66.13591053145892,-17.36089551218848],[-66.13577371088806,-17.36092605827698],[-66.13568174221263,-17.36085385516452],[-66.13553848144339,-17.360845028773856],[-66.13551786979178,-17.36074946800304],[-66.13552149047482,-17.360637549388148],[-66.13540882572833,-17.360565952435625],[-66.1352484612741,-17.360508119282102],[-66.13519668602743,-17.360421141527564],[-66.13516288811482,-17.360402654022753],[-66.13512209910135,-17.36038034956648],[-66.13506700282873,-17.36039901167253],[-66.13504411257928,-17.360406766977945],[-66.13505381975672,-17.360466551232822],[-66.1350569931728,-17.36048609224649],[-66.13507843508135,-17.360618103205237],[-66.13507328204759,-17.360699988099142],[-66.13506974742964,-17.36075616375591],[-66.13505782743054,-17.36094559227038],[-66.13499186463334,-17.361075579565387],[-66.13483475268156,-17.36129230092559],[-66.13457742157334,-17.3614231553638],[-66.13443145220502,-17.361437315453276],[-66.13431957833151,-17.36152646096103],[-66.134075703463,-17.361608294879368],[-66.1337190089232,-17.36165871126145],[-66.1335273242704,-17.361710140195953],[-66.13344963737784,-17.361807902540942],[-66.13337373174122,-17.361942261362604],[-66.1332881034567,-17.362006499161136],[-66.13319149296233,-17.362202415346022],[-66.13291513279677,-17.3624743115802],[-66.13272163230987,-17.362551719533432],[-66.13256793761786,-17.36263322029387],[-66.1324582056278,-17.36268735941869],[-66.13241056937454,-17.362654709916526],[-66.13230748009101,-17.362584151653923],[-66.13219760691109,-17.362840647723452],[-66.13197706293327,-17.362861230018563],[-66.13183059342839,-17.362859127099906],[-66.13173194164955,-17.362920287553372],[-66.13160544663593,-17.362945831719685],[-66.1315110199839,-17.362995313906037],[-66.13140097161659,-17.36300935528708],[-66.13131882680949,-17.36305513090138],[-66.13122014788736,-17.36312405634614],[-66.13110565784937,-17.36315762853974],[-66.1309793454297,-17.36317143609181],[-66.13073942008097,-17.363422090011674],[-66.13050615371445,-17.363504793762786],[-66.13036055639287,-17.3636277655867],[-66.13012332282364,-17.363675376044014],[-66.12991378740479,-17.363725641631174],[-66.12974512115575,-17.363717800260737],[-66.12966918405552,-17.363672914390467],[-66.1295468624311,-17.363708179037026],[-66.12938382742512,-17.363761369698334],[-66.12924364733594,-17.363705627630175],[-66.12909519942423,-17.363727874741272],[-66.12883322581884,-17.36382434063433],[-66.12851519266285,-17.363837377314262],[-66.12827910013169,-17.36378161030099],[-66.12799491976465,-17.36376443140474],[-66.12778873272856,-17.36363008280843],[-66.1276941433324,-17.363545196814997],[-66.12756375938751,-17.363464310994072],[-66.12755965008037,-17.363426326628943],[-66.1275118935705,-17.36329290144629],[-66.12744836879874,-17.36323600304193],[-66.12733345709907,-17.363248346809506],[-66.12731001425976,-17.36320195757447],[-66.12727042141793,-17.363123912294913],[-66.1270012287554,-17.362935651899843],[-66.1268719860778,-17.36278164056512],[-66.12676346655552,-17.362655468194788],[-66.12662002243181,-17.362537823266024],[-66.12640010627823,-17.36256039493745],[-66.12620805866902,-17.362423990961997],[-66.12597890362903,-17.36231549691469],[-66.12592124745095,-17.36221398495978],[-66.12594821824145,-17.3621728358231],[-66.12599135211283,-17.362150430338772],[-66.126012099533,-17.36211641551188],[-66.12600992532211,-17.362105096960164],[-66.12600384985828,-17.362102752101553],[-66.12590242957299,-17.36212431903554],[-66.12584481564359,-17.362140646791275],[-66.12575992641375,-17.36212723519894],[-66.12567120294355,-17.362058235036656],[-66.12556940262012,-17.36198362879807],[-66.12550487360903,-17.361961028755434],[-66.12548706248486,-17.362047910186263],[-66.12551695009815,-17.362151280126053],[-66.12548321167903,-17.362264570328836],[-66.12545994299393,-17.362339634461247],[-66.12544645342327,-17.362541256702972],[-66.12535873436484,-17.362679053576027],[-66.12526557365636,-17.362773880471924],[-66.12524356188115,-17.362828645565102],[-66.12512063460797,-17.36290272692996],[-66.12503894005324,-17.362955730079424],[-66.12491772063653,-17.36298062340869],[-66.12480096021385,-17.363051181377],[-66.12468884388194,-17.363125418033952],[-66.12454104781754,-17.36316954582978],[-66.12448928366132,-17.363185001080144],[-66.12447533672665,-17.363189165325227],[-66.12435458718359,-17.363214065044136],[-66.12421550551439,-17.363238700773096],[-66.12402826478632,-17.363306437602912],[-66.12367733451619,-17.363348791343345],[-66.1233847212955,-17.36335992845527],[-66.1231742569983,-17.363349222232277],[-66.1229723640534,-17.363271367248213],[-66.1229084955049,-17.363254645228547],[-66.12284580821893,-17.36324055884477],[-66.12275226371061,-17.36310701527924],[-66.1227178299223,-17.36304195627],[-66.12258027128564,-17.362878793043688],[-66.12251698578876,-17.362854855483373],[-66.12246482409493,-17.36283514154786],[-66.12238715978057,-17.362750497207912],[-66.1223395201362,-17.362609849149443],[-66.122297690216,-17.36263904489684],[-66.1222579871683,-17.36274276706612],[-66.12225131690353,-17.362898886396056],[-66.12214228332323,-17.36301650890656],[-66.1220484157913,-17.363156472824677],[-66.12197269281583,-17.36309804269527],[-66.12183370286782,-17.363116808686858],[-66.12169790246766,-17.36308189328915],[-66.12135291219246,-17.363075116165714],[-66.1213104991169,-17.363111527095366],[-66.12117593835703,-17.36326806067734],[-66.1210031839179,-17.363341421146984],[-66.12092535267851,-17.363327657699898],[-66.12087480831421,-17.363282683269006],[-66.12075587618415,-17.363221372498174],[-66.12066257296522,-17.363234926787154],[-66.12063604445281,-17.363337935408357],[-66.12056801012388,-17.363449375515522],[-66.12050259784345,-17.363423149222264],[-66.12037324267281,-17.36333685608429],[-66.12034048445078,-17.36335715234828],[-66.12031545762892,-17.363454313190473],[-66.12015007819132,-17.363507010675765],[-66.1199423417111,-17.363592507493312],[-66.11977641580486,-17.363559865371737],[-66.11965989492913,-17.363524775088372],[-66.11945603451755,-17.363572853692343],[-66.11912657814771,-17.363624990118982],[-66.11885437336497,-17.363714070827132],[-66.11857818906005,-17.363817089863854],[-66.11820617119407,-17.36398717154743],[-66.11800623815823,-17.364042619314297],[-66.11788653634045,-17.36409064622645],[-66.11776843357697,-17.364156665359015],[-66.1174907950229,-17.364202322747694],[-66.11726771793488,-17.364246509717226],[-66.11715343459426,-17.364218674072315],[-66.11705915443899,-17.364114374125236],[-66.11702204422691,-17.364022186477317],[-66.11693814448964,-17.36394557707298],[-66.11682033413983,-17.36390279126323],[-66.11671219339007,-17.36384298842851],[-66.11671958208986,-17.363641280029093],[-66.1167078158367,-17.36352191741209],[-66.11665026051774,-17.363444333721905],[-66.11662957373002,-17.363294141175313],[-66.11662398509769,-17.363140554657537],[-66.11672987164495,-17.36295986252802],[-66.11674385627103,-17.36283536343285],[-66.11674034955824,-17.362734992219686],[-66.11665268162788,-17.362760996724695],[-66.11662965229856,-17.362898638997173],[-66.11653550139468,-17.36296635763007],[-66.11644138274896,-17.36312211678341],[-66.1163629872693,-17.36320451034707],[-66.11629864716421,-17.36326001751194],[-66.11632665972559,-17.363332659928098],[-66.11634309577292,-17.363436016985187],[-66.11632728794437,-17.363586856565234],[-66.11627484140512,-17.363723532284112],[-66.11618621561585,-17.363864742325013],[-66.11597072751303,-17.36417496358388],[-66.11587047933662,-17.364361786444185],[-66.1158491227571,-17.364428569120545],[-66.11581709138609,-17.364528517433058],[-66.11567300407171,-17.36469258424274],[-66.11545761315891,-17.364816341807742],[-66.11506084436276,-17.36499346389324],[-66.11476538388673,-17.36521629424499],[-66.1145005898795,-17.36537229551841],[-66.11425048760735,-17.365496814258993],[-66.11395691161977,-17.365473248873435],[-66.11369974890718,-17.365472241813638],[-66.11362165676117,-17.365415128967953],[-66.11350553510536,-17.365444603452033],[-66.11347216742811,-17.36545764326181],[-66.1133863242681,-17.365491189710887],[-66.11325684291039,-17.36553311258613],[-66.11298753266752,-17.365557212273792],[-66.11276163611052,-17.365601172474705],[-66.11226904038587,-17.365772568892584],[-66.11223044330988,-17.365778360556767],[-66.11195894413336,-17.365819103231022],[-66.11180720117393,-17.365811491205438],[-66.1116708723163,-17.365750375125913],[-66.11158866952658,-17.365673607613573],[-66.11154371234365,-17.36549434958995],[-66.1115263615127,-17.365269619809993],[-66.11148851612889,-17.36511656052807],[-66.11147925647163,-17.364897546186636],[-66.11144635133213,-17.364867181957795],[-66.11141073919588,-17.3649194908172],[-66.11134867381769,-17.36509963912626],[-66.11124391835166,-17.36527375215466],[-66.11113776537881,-17.365357096217007],[-66.11096400672675,-17.365404246457516],[-66.110808213535,-17.365415086055844],[-66.11065399231421,-17.365325718431006],[-66.11061906235018,-17.365364492400566],[-66.11063445478749,-17.36546223598832],[-66.11044077131787,-17.365460788539924],[-66.11004935627832,-17.36550614346199],[-66.10966510840767,-17.36566402117433],[-66.10945250273636,-17.365759819749833],[-66.10938494782835,-17.36590015698592],[-66.1093748553413,-17.366063900092428],[-66.10931254460736,-17.36609776264672],[-66.1092264316276,-17.36614437375111],[-66.10906968607154,-17.36618589910015],[-66.10893414977555,-17.36631396498777],[-66.10880472394585,-17.36635227367246],[-66.10866432852981,-17.36628071259229],[-66.10866340967794,-17.36627934483539],[-66.10862424392117,-17.366258461024216],[-66.10857705418518,-17.3661796709589],[-66.10858557896799,-17.36608588547897],[-66.10855881657221,-17.36602364459564],[-66.10853884519005,-17.36591815945887],[-66.10846569394226,-17.365815967806444],[-66.10837637660188,-17.365815126218564],[-66.10825587748546,-17.365793967801718],[-66.10823884231078,-17.36571109941782],[-66.10821419877723,-17.365693586196187],[-66.10818332389061,-17.365773503498165],[-66.10823814993094,-17.365874978430405],[-66.10832489255993,-17.36592002833554],[-66.10837619214385,-17.36600655318456],[-66.10834924068469,-17.36607614316055],[-66.10823902093863,-17.366178840407496],[-66.10828025554008,-17.366337457148976],[-66.10836039157199,-17.366414015362515],[-66.10843276350349,-17.36647601362625],[-66.10843918360852,-17.366516288738936],[-66.1083537374598,-17.366478481374177],[-66.1082174995168,-17.366381697026362],[-66.10807818878453,-17.366241074078285],[-66.10790585879435,-17.366077398699474],[-66.10775405776943,-17.365953751146684],[-66.10758942420854,-17.365749101902843],[-66.1075044377056,-17.36556231094313],[-66.10730500017286,-17.36526866653056],[-66.10719092979532,-17.365107640402293],[-66.10704708264109,-17.36504641254022],[-66.10695428823591,-17.365117306048084],[-66.10699879069044,-17.365277324673183],[-66.10694168676314,-17.365380790498556],[-66.10679856691506,-17.365333117509845],[-66.10678611991435,-17.365467028105883],[-66.10677457957203,-17.36554543368765],[-66.10676927724622,-17.365581461191983],[-66.1067242755478,-17.365648796557778],[-66.1067238181347,-17.365649481606027],[-66.10671901203466,-17.365656672759346],[-66.10671790653308,-17.365655096415097],[-66.10668099986579,-17.36560248486771],[-66.10662176880697,-17.365518048049196],[-66.10648322286059,-17.365320546466698],[-66.10648319803089,-17.365320510891213],[-66.10646550918486,-17.36529528574606],[-66.10636050466364,-17.365145545847046],[-66.10630770404555,-17.365070368164858],[-66.10623488396854,-17.364971620102665],[-66.10615054262333,-17.364857349220106],[-66.1061505233209,-17.364857320948424],[-66.1059908365723,-17.364632989968886],[-66.10599080987677,-17.36463295346337],[-66.10577756042453,-17.3643538081711],[-66.10570418944262,-17.36366993483055],[-66.10562835637637,-17.362963113005335],[-66.10550983279293,-17.362782087823334],[-66.1052684784542,-17.362413413953906],[-66.10508242677321,-17.3616211535484],[-66.10510242629206,-17.36153669980209],[-66.10515749306605,-17.361304269206666],[-66.10516160091579,-17.36131033256628],[-66.10516163409206,-17.36131037548651],[-66.10516456983835,-17.36129893678611],[-66.10516610079358,-17.361293062587944],[-66.10520356023646,-17.36114705183746],[-66.1052101811064,-17.361140872144794],[-66.1052104705032,-17.361121975407386],[-66.10527339435495,-17.36101795141423],[-66.1053455013672,-17.360898406588284],[-66.10536527846794,-17.360865617410074],[-66.10536529575816,-17.360865594183412],[-66.10536539362684,-17.360859365119897],[-66.10537865843027,-17.36084691214445],[-66.10539066796571,-17.36083074693694],[-66.10539068524174,-17.36083072461304],[-66.10561977285674,-17.360522361540102],[-66.1056197929813,-17.360522337451503],[-66.105619891903,-17.360516040679137],[-66.10562645282486,-17.360516128506475],[-66.10563981161093,-17.36049745090108],[-66.10590655846838,-17.360217248442716],[-66.10591114134519,-17.36021731482939],[-66.10591960248465,-17.360217468999462],[-66.10591962923222,-17.360217442297866],[-66.1059527424903,-17.360192721913215],[-66.10608142377816,-17.359991601202264],[-66.10608173038763,-17.35998620859849],[-66.10608181826636,-17.359984744352918],[-66.10608859208327,-17.359984207682874],[-66.10608863261997,-17.359984201046288],[-66.10610654919742,-17.359819791543373],[-66.10611791467625,-17.35971573098038],[-66.10672832666563,-17.359226039420374],[-66.10672836675825,-17.359226001173273],[-66.10705521115946,-17.35886500958353],[-66.10706237353702,-17.358845950467323],[-66.10728074608548,-17.35859860037059],[-66.10737594061828,-17.358490774283677],[-66.10737597687947,-17.358490740495782],[-66.10737607466598,-17.358484511419665],[-66.10737889172415,-17.358484513375032],[-66.10738259101176,-17.35848455970648],[-66.10738285168051,-17.358471967954078],[-66.10756393242836,-17.35820965801928],[-66.10767905340377,-17.35797367179557],[-66.10767965384947,-17.35793583701203],[-66.10770423404476,-17.357872616498145],[-66.10778208764759,-17.357672508399443],[-66.1077824746323,-17.357647433102088],[-66.10778508599775,-17.35764250727347],[-66.10778931774398,-17.357634568210397],[-66.10781433452698,-17.357398185078328],[-66.10782630822662,-17.357285122313147],[-66.10783485495192,-17.35721253614865],[-66.10785363696527,-17.357053173697125],[-66.10781943563188,-17.356775707004772],[-66.10780034707308,-17.356620778108308],[-66.10767058916971,-17.35630961284571],[-66.10765178703919,-17.356242302390225],[-66.10761378077488,-17.35610609817092],[-66.10769761794977,-17.35586269158905],[-66.10780911206403,-17.35560046278483],[-66.10797372815293,-17.355428110484002],[-66.10830705757813,-17.355289642629884],[-66.10846828046739,-17.355220369910437],[-66.1085648415391,-17.35517953601924],[-66.10866424050407,-17.355137550310264],[-66.10884408988107,-17.355062700907123],[-66.10898165234259,-17.355005485915587],[-66.10898824154344,-17.354993029940307],[-66.10901553326386,-17.354978373130002],[-66.10906015149887,-17.354954470416867],[-66.10920153890773,-17.354878187459747],[-66.10924774435804,-17.354827781972656],[-66.10928071725553,-17.354791834870365],[-66.10941843535382,-17.35449404039521],[-66.10947487593371,-17.3542226099414],[-66.10971572371682,-17.35400397312189],[-66.10978030851719,-17.35394598463377],[-66.10985896568529,-17.35387537471756],[-66.11024992676461,-17.35374341523762],[-66.11024997050221,-17.35374338426602],[-66.11043194364215,-17.353625129092574],[-66.11047128980202,-17.353597178494987],[-66.11076764988607,-17.353196462806824],[-66.11082773999244,-17.353114337476555],[-66.1109498604119,-17.352947467269207],[-66.11109035599921,-17.352806216224494],[-66.1111962077504,-17.35277018978258],[-66.1112824374213,-17.3527408722947],[-66.1114465025254,-17.352735310010612],[-66.11171751497483,-17.35272616605922],[-66.11211075502925,-17.352593823585796],[-66.11211077968252,-17.352593810397416],[-66.11230038879846,-17.352451756400527],[-66.11270740377114,-17.35216495299583],[-66.11330350864812,-17.351925070288633],[-66.11371285665719,-17.35148915656432],[-66.11371448401663,-17.3514856873587],[-66.11371755800803,-17.351479242070617],[-66.11376083449197,-17.35144672421565],[-66.11378165094092,-17.35143109633505],[-66.11390220410422,-17.35134054765882],[-66.11413546239791,-17.351097789065353],[-66.11414200810631,-17.351097869124153],[-66.11414211514041,-17.351091572420472],[-66.11414878169306,-17.351085314437846],[-66.11415535999153,-17.351085414832124],[-66.11415538092675,-17.351085398880837],[-66.11416194196892,-17.351079273917577],[-66.11418187892471,-17.351073154252944],[-66.11422140440072,-17.351048576153442],[-66.11432589510281,-17.35096870138556],[-66.11436744908791,-17.35093694769964],[-66.11436757082889,-17.350930671975455],[-66.11437410083471,-17.350930733739656],[-66.1143741328101,-17.3509307332983],[-66.1143741345816,-17.35092755665804],[-66.11437416603925,-17.350924525825334],[-66.11438719485722,-17.350904296750404],[-66.1143943642674,-17.35089318349685],[-66.11442107207175,-17.350868133160024],[-66.11442108745148,-17.350868111710664],[-66.1144278158045,-17.350849494686933],[-66.11444780424716,-17.350837080192697],[-66.11458750770062,-17.350700394536794],[-66.11458751075713,-17.35069659486173],[-66.11458753889914,-17.350694075967464],[-66.11484255717961,-17.35031922082563],[-66.11507845681572,-17.349906361160286],[-66.11530143286366,-17.34948074423823],[-66.11530153919081,-17.349474429458013],[-66.11530811990376,-17.34946830292138],[-66.11530815421098,-17.349468273618264],[-66.11531512810761,-17.349443087327373],[-66.1153912550336,-17.349271084540312],[-66.11545106280552,-17.349135991934045],[-66.1154510647323,-17.349132984149573],[-66.11545109956485,-17.349129796244785],[-66.11545767224578,-17.34912989108787],[-66.11550571648901,-17.34899185837583],[-66.11563129344319,-17.34872204256103],[-66.11584349181578,-17.348266218985295],[-66.11584349471676,-17.348262787718046],[-66.11584353475405,-17.348259927667453],[-66.1160053236786,-17.347930725040552],[-66.11604665230668,-17.347846649171995],[-66.1160861666928,-17.347412614911846],[-66.1161367089559,-17.34722787175948],[-66.11617506083395,-17.347087807183698],[-66.11617545032244,-17.34706260260449],[-66.11632509443284,-17.34669304453897],[-66.11633205484738,-17.34668655772059],[-66.11633263866844,-17.346673575018436],[-66.11648709721928,-17.34643225106763],[-66.11652042440723,-17.346380188426618],[-66.11673416824154,-17.34588222366123],[-66.11685410338501,-17.345667713731817],[-66.11687337353449,-17.34563588446271],[-66.11695492100543,-17.345501714965412],[-66.11695494234904,-17.34550167283326],[-66.11703285776373,-17.3453156507319],[-66.11712080146926,-17.34496404435946],[-66.1172616232773,-17.344595436002514],[-66.11738046185916,-17.34416639120658],[-66.11764498320507,-17.34379744637742],[-66.11811083100689,-17.34342701879519],[-66.11816751531528,-17.343229485806653],[-66.11821485755968,-17.34307894727872],[-66.11821492314019,-17.343078721576365],[-66.1182149800209,-17.343078511099257],[-66.11824666595857,-17.342964186597104],[-66.11821308546921,-17.342815005652778],[-66.11818402014487,-17.342685727302392],[-66.11817759422338,-17.342679382475286],[-66.11817872402085,-17.342609600364643],[-66.11817880091041,-17.342609192423712],[-66.11822150765019,-17.342383795195847],[-66.11829637786985,-17.342254318865095],[-66.11838317448883,-17.342104261205137],[-66.1183831693566,-17.342104228623967],[-66.11838336569704,-17.342091661094255],[-66.11838337194348,-17.342091622356204],[-66.11839715339535,-17.34204769601651],[-66.11858577207225,-17.34172244588112],[-66.11858596517021,-17.34170984398905],[-66.11859261255513,-17.341703636078194],[-66.11876186684073,-17.341365392724008],[-66.11878737426971,-17.341323216394372],[-66.11882232457953,-17.34126548234017],[-66.11882251764173,-17.341252881347668],[-66.11882916979965,-17.341246667173344],[-66.11885748637869,-17.3411084291024],[-66.11886180174828,-17.341104406199033],[-66.11887090759143,-17.341095979858945],[-66.11887091067298,-17.34109247183167],[-66.11887092349218,-17.34108966465605],[-66.11891477957097,-17.34100837736314],[-66.11895873003826,-17.340926943326192],[-66.11895879664799,-17.340918705508876],[-66.11895884152887,-17.34091438720872],[-66.11896573513586,-17.3408955420289],[-66.11901669237857,-17.34056852466993],[-66.1190166958471,-17.340568483182878],[-66.11901718838857,-17.340537066620193],[-66.11902396569597,-17.340524522551004],[-66.11908369441308,-17.340052673607314],[-66.11909726516318,-17.339599218874937],[-66.11912861757436,-17.3392655728427],[-66.11913518914051,-17.339265657568784],[-66.119196495067,-17.33869405109845],[-66.11919650037306,-17.338694012346775],[-66.11926509372607,-17.338283973320383],[-66.1193008031289,-17.338070506890826],[-66.1193038203302,-17.33805273456991],[-66.11930496233498,-17.338046011182154],[-66.11930496752821,-17.33804597965268],[-66.11930935184324,-17.338023866535643],[-66.11941861381634,-17.337474435061587],[-66.11942529697453,-17.337468211358335],[-66.11942539563815,-17.337461891925138],[-66.11951141318683,-17.337230574712923],[-66.11959253865965,-17.33701244994302],[-66.11971265497561,-17.33649668574682],[-66.11971230148636,-17.335929806423913],[-66.11971228681331,-17.335929782735167],[-66.1195599656717,-17.33555976708583],[-66.11947883825982,-17.335491696236254],[-66.11900842945778,-17.33509699395777],[-66.11890634406045,-17.334901692045456],[-66.11890633250346,-17.334901649438994],[-66.11889862650685,-17.33470915878093],[-66.11891127863076,-17.33467126508275],[-66.1189185820559,-17.334649454063467],[-66.11903914103421,-17.334501242514413],[-66.11903916774764,-17.33450121761571],[-66.11914069131552,-17.33426710323082],[-66.1191406605312,-17.334261246064507],[-66.11914065768755,-17.334255466053786],[-66.11912274079678,-17.333981876239374],[-66.11908212060152,-17.333783820573853],[-66.11902117329231,-17.3334928924404],[-66.11901930881787,-17.3334893475839],[-66.11900804676493,-17.333270844138795],[-66.11898711233877,-17.333154540549586],[-66.118967758957,-17.333046869634973],[-66.11896407964853,-17.33304298440711],[-66.11895644897548,-17.333034875028183],[-66.118956633123,-17.33302241656778],[-66.11895662894472,-17.33302238309739],[-66.11894511832156,-17.33302221733656],[-66.11894541746595,-17.333003055009176],[-66.11894538128709,-17.333003023786887],[-66.11866690884275,-17.332768028667175],[-66.11862801216093,-17.332724215784715],[-66.11853224973164,-17.332617011068926],[-66.11849523962452,-17.332575571279037],[-66.1184977517857,-17.332508185639707],[-66.11850233349057,-17.332385684885455],[-66.11849389558384,-17.332335162688903],[-66.11847735504105,-17.332235888448448],[-66.1184599142092,-17.332129484865316],[-66.11845989046128,-17.332129440277317],[-66.11835059472904,-17.33191620517254],[-66.11835058770284,-17.33191617346708],[-66.11835076134382,-17.33190541336338],[-66.11835075819015,-17.331905374489875],[-66.11834436295146,-17.331905333849733],[-66.1183395719047,-17.33190527477744],[-66.11833974059724,-17.331894470356588],[-66.11833691866502,-17.33189191491649],[-66.11833538778268,-17.3318904896382],[-66.11833887850342,-17.33186670940077],[-66.11827984083249,-17.331740422682767],[-66.1182799906886,-17.331731487157086],[-66.11822579868277,-17.331623562768936],[-66.1182383266693,-17.331425911398288],[-66.11824388820156,-17.3310963798592],[-66.11821131686132,-17.33081937709213],[-66.11801440908492,-17.33030721584137],[-66.11787184310971,-17.3299033377672],[-66.11787206915565,-17.329892954962723],[-66.11787226496456,-17.32988547209013],[-66.11786617905148,-17.329873512969495],[-66.11786298921776,-17.32986718590422],[-66.11776688225156,-17.329481946275074],[-66.11776687425736,-17.32948191636163],[-66.1177470119779,-17.32941122231359],[-66.11769612822636,-17.329252056365213],[-66.1176961023594,-17.329252027097304],[-66.11732807989628,-17.32885388224137],[-66.11727077284161,-17.328667370925814],[-66.11725951280613,-17.328630707621233],[-66.11719117279033,-17.3283264759051],[-66.11694155614929,-17.327535417774687],[-66.1167487958499,-17.327141215886524],[-66.11651136430848,-17.326657862183236],[-66.11669751075218,-17.326114057277547],[-66.11678339881824,-17.32585776255378],[-66.11772562599859,-17.325027272183185],[-66.11806585280577,-17.324037235683075],[-66.1182688185156,-17.323446711863262],[-66.11852271593652,-17.32046592919815],[-66.11860343697106,-17.32020508786479],[-66.11863422116856,-17.32010566769766],[-66.11974434158725,-17.316494769189145],[-66.12277769234306,-17.311035548729606],[-66.12361276088087,-17.309532573110445],[-66.12435739131121,-17.306116216972992],[-66.12518207786928,-17.302332397202612],[-66.12506153698882,-17.301421405838624],[-66.12497465676601,-17.300764726591034],[-66.12491147022163,-17.30028913514159],[-66.12485547953708,-17.299867712277276],[-66.1244472518935,-17.297038208010513],[-66.12443670141795,-17.293562746224378],[-66.12343566502216,-17.29146944231768],[-66.12305631591683,-17.290936475389504],[-66.12219841962273,-17.290024346615777],[-66.12063396466174,-17.28885381917798],[-66.11985814158551,-17.28776053857476],[-66.11926247189822,-17.28644129840455],[-66.11894444482304,-17.283176434065798],[-66.12338228925815,-17.2804249938988],[-66.12504525868735,-17.27503659230161],[-66.1307980427678,-17.269888951831835],[-66.13147090747258,-17.269286834485865],[-66.13147093623473,-17.269286797874276],[-66.13205338227274,-17.26815020050161],[-66.13321867702163,-17.264460960238782],[-66.13321867840811,-17.2644609313628],[-66.1331799578245,-17.264252408297686],[-66.13288719360882,-17.262675768201845],[-66.13287646083721,-17.262664961425692],[-66.13485310083833,-17.262030646848103],[-66.13801571253185,-17.258636326442037],[-66.13975504624891,-17.258173136119893],[-66.13975508778572,-17.258173124069515],[-66.14037955085185,-17.257940826207765],[-66.14174753728503,-17.25743195133618]]]]},"id":13},{"type":"Feature","properties":{"Distritos":"D11"},"geometry":{"type":"MultiPolygon","coordinates":[[[[-66.13289423682711,-17.401794754509687],[-66.13289420008012,-17.401793311916396],[-66.13289417889068,-17.401792499829394],[-66.13289416530564,-17.401791984030385],[-66.13289407892748,-17.401788598405577],[-66.13289406584614,-17.401788110606294],[-66.13289394905037,-17.40178353982955],[-66.13289363579764,-17.401771365814422],[-66.1328883876451,-17.401567299116465],[-66.1328853506559,-17.40144920026486],[-66.13288458477152,-17.40141943774598],[-66.13285033903477,-17.401179644683566],[-66.13274519542853,-17.401002110459594],[-66.13274277250767,-17.40099802031704],[-66.13260974828943,-17.40077341079089],[-66.13257519902506,-17.40071507602931],[-66.13242504176625,-17.40046153405813],[-66.13226807423861,-17.400153163352343],[-66.13211666354921,-17.39998422178755],[-66.1320136721068,-17.399869315803386],[-66.1316689937704,-17.39972632331875],[-66.13122681994409,-17.39970800207659],[-66.13103632670119,-17.399788879277637],[-66.13096963353107,-17.399819704643107],[-66.130898927033,-17.39984252598924],[-66.13086514381588,-17.39985066245477],[-66.13085875078905,-17.39985092714155],[-66.13076832325407,-17.399854673600696],[-66.1307275115755,-17.399856364549535],[-66.13071502235714,-17.39985010956417],[-66.13060251961134,-17.399793762662608],[-66.13060249446283,-17.399793746950014],[-66.13056022281522,-17.399747805311506],[-66.13047815994594,-17.399618857784933],[-66.12993061509593,-17.39843701323613],[-66.12985052467637,-17.39826414041727],[-66.12983417032524,-17.398228840432232],[-66.12956579302843,-17.397991375143988],[-66.12949289140742,-17.39792594405933],[-66.12944027833768,-17.397904416313942],[-66.12937314463845,-17.39790223720524],[-66.12932949241791,-17.3979012024681],[-66.12910692743611,-17.397895919722753],[-66.12910680910072,-17.397895908989298],[-66.12898979787737,-17.39784898862343],[-66.12870621051482,-17.39766403931125],[-66.12854209802448,-17.39751322707365],[-66.12821085789984,-17.39692381769165],[-66.12817845112663,-17.3968661525936],[-66.12810688892004,-17.39675712643343],[-66.12760479631451,-17.396596819238148],[-66.12769594524895,-17.39588139120469],[-66.12772017222045,-17.395691230172314],[-66.1278411546235,-17.394741617273663],[-66.12766261819799,-17.39389530094169],[-66.1273801277027,-17.393443151034088],[-66.12640676372366,-17.39188518507796],[-66.12576030601589,-17.39113733948207],[-66.1256162625668,-17.391060276921333],[-66.12579611846645,-17.390263822565355],[-66.12602885751207,-17.390082444963518],[-66.1260299818817,-17.390081569017603],[-66.12627757975596,-17.38988863206752],[-66.12644566537175,-17.38981420516215],[-66.12669539106085,-17.389703655461496],[-66.12743842733647,-17.389530238161214],[-66.12752363824401,-17.389494535887618],[-66.12813185699062,-17.38923969775397],[-66.1284905316987,-17.388946464089713],[-66.12886499142364,-17.388539505889515],[-66.12932276624748,-17.388035567006327],[-66.12967264554729,-17.387535852702715],[-66.13030499372034,-17.386632692343856],[-66.1304965336258,-17.386359123423873],[-66.1305908152791,-17.385759386872298],[-66.13091953314783,-17.385309582567956],[-66.13118627843737,-17.385124823341545],[-66.13136399119722,-17.385001765080766],[-66.13139527167044,-17.38496294400382],[-66.13166886791794,-17.384466166968505],[-66.13211620761007,-17.384321377430812],[-66.13233683151263,-17.384249986841567],[-66.13233685263374,-17.384249959152566],[-66.13248369987768,-17.38401641841221],[-66.13246397661501,-17.38401343597216],[-66.1324766218195,-17.38401010687738],[-66.13248883220041,-17.38400692052589],[-66.13248877693846,-17.38400690618702],[-66.13248880810646,-17.38400689760505],[-66.13217225086044,-17.383923135117097],[-66.13203002067748,-17.38380582239007],[-66.13185602847894,-17.383662277398937],[-66.13120054331635,-17.383373300528007],[-66.13101447970331,-17.383324035298156],[-66.13101444697875,-17.383324023088896],[-66.13054231371146,-17.38310523241865],[-66.13054228580069,-17.383105213054677],[-66.13041451851723,-17.383179267098633],[-66.13025583137056,-17.383271196131883],[-66.12888166057351,-17.382701592639727],[-66.12801635028954,-17.382780750955423],[-66.12771531085478,-17.38280828370196],[-66.12748547807459,-17.38284438173811],[-66.12685912024682,-17.382942742047515],[-66.12596093114196,-17.381922136657202],[-66.12564768945943,-17.38156619363932],[-66.12564748894697,-17.381565965909395],[-66.12564627679451,-17.381564578630563],[-66.12564161885815,-17.381559285095808],[-66.12561734599588,-17.381531702527752],[-66.1255922627847,-17.381503198985488],[-66.12554677456312,-17.38145151371502],[-66.12544767548229,-17.381338896128952],[-66.12544762980733,-17.381338870187644],[-66.12538557145588,-17.381303025595574],[-66.12548793718992,-17.38122326608234],[-66.12592607722318,-17.380881881623072],[-66.12601407695243,-17.38081734593477],[-66.12610587974714,-17.38075789510939],[-66.12620116734519,-17.380703735250663],[-66.1262996094042,-17.380655054119686],[-66.12640086464667,-17.380612020484044],[-66.12707641200655,-17.38034746338152],[-66.12763496206055,-17.38012872136809],[-66.12773947093775,-17.380091224732894],[-66.12784611153765,-17.3800597446163],[-66.12795450855711,-17.3800343918086],[-66.12809656821752,-17.380005423024304],[-66.1282067501999,-17.379979597443608],[-66.12831511045052,-17.379947441161484],[-66.12842125483415,-17.379909071137444],[-66.1285247972758,-17.379864626932036],[-66.12862536116494,-17.37981427019925],[-66.12874456472755,-17.379750116983377],[-66.12886422188672,-17.379647783982826],[-66.12894277329649,-17.379576617756832],[-66.12901694062482,-17.37950123916389],[-66.12908647927637,-17.379421896797975],[-66.12915115992176,-17.379338852325176],[-66.12921076925394,-17.37925237962072],[-66.12926511069162,-17.379162763865644],[-66.12931400502744,-17.379070300606315],[-66.12935729101905,-17.3789752947796],[-66.12940146534547,-17.37887022238814],[-66.1294366866016,-17.378779511691878],[-66.12946679433223,-17.378687118861095],[-66.12949170200736,-17.378593309456566],[-66.12951133804363,-17.37849835311034],[-66.12953398795993,-17.3783710503078],[-66.12955813926833,-17.378245951841436],[-66.12958595247235,-17.378121556588177],[-66.12961692927009,-17.377999727566923],[-66.129651418286,-17.377878771738498],[-66.12968939289937,-17.377758782441045],[-66.12983090374544,-17.37733299367051],[-66.12989097151934,-17.377152257449566],[-66.12994188576154,-17.37700756010024],[-66.12999786830777,-17.376864599320392],[-66.13005885507005,-17.376723538741473],[-66.13012477623313,-17.376584539819664],[-66.13019555633451,-17.376447761651125],[-66.1302711143507,-17.376313360789897],[-66.13046206619043,-17.375987029502728],[-66.13119583121514,-17.37505225645159],[-66.13207627452078,-17.37393060365522],[-66.13213437478694,-17.373869710971],[-66.13219673723142,-17.373812838258925],[-66.13226306093674,-17.37376025994464],[-66.13233302587214,-17.37371222973216],[-66.13240629443774,-17.37366897937971],[-66.13248251309358,-17.37363071758146],[-66.13256131406538,-17.373597628960656],[-66.13266896142973,-17.373558118215648],[-66.13277873733136,-17.373524437718995],[-66.1328902996094,-17.37349669245098],[-66.13300330053531,-17.373474968892424],[-66.13311738789673,-17.373459334755097],[-66.1332322060951,-17.373449838770696],[-66.13334739725394,-17.37344651053894],[-66.13346260233423,-17.3734493604353],[-66.13357746225333,-17.373458379578626],[-66.13369161900413,-17.37347353985887],[-66.13380471677087,-17.373494794024552],[-66.13395241631422,-17.373526255241387],[-66.13409890775426,-17.37356255304969],[-66.13424401937874,-17.373603644904332],[-66.13451818315086,-17.37369275952625],[-66.13462573777893,-17.373730547258887],[-66.1347312480832,-17.373773320397326],[-66.13483446361607,-17.373820977413903],[-66.1349351393763,-17.37387340518812],[-66.13503303639051,-17.373930479275092],[-66.13550274864681,-17.37421958845836],[-66.1382437315017,-17.375925735872094],[-66.13999881115156,-17.376543852766535],[-66.14885051293062,-17.37867858237083],[-66.1488744454948,-17.378684353025875],[-66.14887454292668,-17.378684376992442],[-66.14887472375726,-17.37868442021017],[-66.15210952153603,-17.37946161413691],[-66.15202550840405,-17.379806630109552],[-66.15211452041994,-17.379855364433297],[-66.15217120565791,-17.379937324718465],[-66.15218345712081,-17.380035006111132],[-66.15214865783648,-17.380127545436583],[-66.15209838960753,-17.380225300980033],[-66.15207399197149,-17.38033177566442],[-66.15193162992533,-17.381638587570194],[-66.15214697165844,-17.381716205624297],[-66.1523135473858,-17.381868508085805],[-66.1524048192362,-17.38207123395322],[-66.1524062473483,-17.38229208782208],[-66.152317604754,-17.382495886529977],[-66.15215301218231,-17.382650164589382],[-66.15193868955272,-17.382730343472232],[-66.15170877990955,-17.38272365164095],[-66.15003356267617,-17.390929180311446],[-66.14960294494912,-17.39303825511839],[-66.14822277984165,-17.39980756381654],[-66.14793879692553,-17.40119906679202],[-66.14756195536938,-17.40189257367297],[-66.1462647706645,-17.401276017646126],[-66.13958294755906,-17.400103956945767],[-66.13787496839589,-17.399431242787127],[-66.1357175733314,-17.399173967109697],[-66.13482379154925,-17.399203169421632],[-66.13480527191884,-17.399203774693774],[-66.13445063248466,-17.39946970221767],[-66.1340990772554,-17.399852083355533],[-66.13401716437217,-17.399984161227394],[-66.13393509316738,-17.400116492317405],[-66.13389467785086,-17.40018165857744],[-66.13377331982358,-17.400377336269223],[-66.1336497695258,-17.400576549121602],[-66.13306145717948,-17.401525133493266],[-66.13300653653677,-17.401613686770812],[-66.13290338111403,-17.40178001115953],[-66.13289530485068,-17.401793032527905],[-66.13289512346645,-17.401793325195158],[-66.13289423682711,-17.401794754509687]]]]},"id":14}]}