{"type": "FeatureCollection", "crs": {"type": "name", "properties": {"name": "EPSG:4326"}}, "features": [{"type": "Feature", "id": 1, "geometry": {"type": "Polygon", "coordinates": [[[-66.14037955085072, -17.25794082620834], [-66.14208713254685, -17.257305624431524], [-66.14292055125401, -17.259411540037842], [-66.1453539249703, -17.259741419760424], [-66.14784605820657, -17.25961539744075], [-66.14804758726744, -17.25960520588603], [-66.14869464840329, -17.26415324980748], [-66.14869465835027, -17.264153275232843], [-66.14921179891132, -17.264894906380356], [-66.14928575264713, -17.265378260649452], [-66.14958952342111, -17.26662375257834], [-66.15021614491029, -17.2676690983883], [-66.15047122900339, -17.26809466553692], [-66.1519754611035, -17.268984852359367], [-66.15197549320432, -17.268984842881807], [-66.15219871572627, -17.268921738589], [-66.15298690684631, -17.269138877580804], [-66.15298694998712, -17.269138883610765], [-66.15542582182725, -17.269153151409814], [-66.15707007804984, -17.270395236863575], [-66.16521668199242, -17.273895411604883], [-66.16655476837771, -17.27913173870849], [-66.16935895985611, -17.28582950850478], [-66.16935897168628, -17.285829533956182], [-66.16951791558094, -17.28612195946975], [-66.16953535596598, -17.286139140771198], [-66.16954748603801, -17.286154019383662], [-66.16958186700836, -17.28619623386959], [-66.17056191918651, -17.288805782672178], [-66.1707883611847, -17.289352773956555], [-66.17119097697757, -17.289880303840544], [-66.17119100471533, -17.289880334031412], [-66.17161478388549, -17.29029327026425], [-66.17180790103774, -17.290499022277952], [-66.17198529543124, -17.290780800395385], [-66.17215706812405, -17.291429038079777], [-66.17250890584585, -17.292184546325167], [-66.17302341527927, -17.292631125232507], [-66.17320946605406, -17.293262335309155], [-66.17335046053883, -17.29384945504907], [-66.173350466607, -17.29384948854627], [-66.17345146152742, -17.29471815497669], [-66.17336105270863, -17.29510470161608], [-66.17325156771008, -17.295572640774576], [-66.17325118003889, -17.295598010085353], [-66.17320183415761, -17.29591137085245], [-66.17319283919956, -17.295919737777155], [-66.17319272579309, -17.295926728237994], [-66.17319251768399, -17.29593671718555], [-66.17318342887135, -17.29595356301802], [-66.17316502848499, -17.29639469728228], [-66.17301044096389, -17.297148253590187], [-66.17281221063023, -17.297638957937156], [-66.1728342061955, -17.297683106044403], [-66.17284038580146, -17.297695532933858], [-66.17283966381272, -17.29773723218307], [-66.17283967076544, -17.29773726930482], [-66.17297941587212, -17.298101764631422], [-66.17297920473834, -17.298115577808147], [-66.17299342881806, -17.298143763831987], [-66.1729932182825, -17.298157722402934], [-66.17299322419885, -17.29815776583119], [-66.17300141470274, -17.298157881360222], [-66.17300757940457, -17.2981580008232], [-66.17320499248136, -17.29856512187609], [-66.17320477362505, -17.298579195014632], [-66.1732191322022, -17.29859323446082], [-66.17323323794307, -17.298621417904123], [-66.17323315237243, -17.298635319543603], [-66.17324754950693, -17.29863545849188], [-66.17345969835583, -17.299028803137585], [-66.17345948034684, -17.299043067729936], [-66.17347352621648, -17.2990709902514], [-66.17347354066031, -17.29907102928484], [-66.1734825586661, -17.299079863359278], [-66.17348798681023, -17.29908518554016], [-66.17348745701786, -17.299113084903023], [-66.17363856029289, -17.299633645207596], [-66.17387933143084, -17.30009874610695], [-66.17387909583144, -17.300126465409427], [-66.17387912582313, -17.30012647125048], [-66.17389356901056, -17.30012668034931], [-66.17389345068737, -17.30014057430795], [-66.17389348247595, -17.300140585592438], [-66.17390784099737, -17.300140798914516], [-66.17406310131342, -17.300449901324164], [-66.17406267311415, -17.300477799420197], [-66.17406269406801, -17.3004778430605], [-66.17407679539984, -17.30050596139674], [-66.17407642420885, -17.300525638325247], [-66.17407599786758, -17.30054769392634], [-66.17408445843829, -17.300555918715748], [-66.17409040028252, -17.30056170776738], [-66.1739693138647, -17.300853269488766], [-66.17395425805752, -17.300867185772113], [-66.17395421993997, -17.30086721954921], [-66.1739498233501, -17.300875403898843], [-66.173939263882, -17.300894968750534], [-66.17393884318486, -17.300922866045536], [-66.17374576307242, -17.3011990849746], [-66.17374393906125, -17.30121386872712], [-66.17373740368501, -17.301220466103544], [-66.17372996280132, -17.301227941083315], [-66.17371466967602, -17.301256274271864], [-66.17370513047086, -17.301400176346355], [-66.17369531507642, -17.301547570099803], [-66.17375000141726, -17.301788995404298], [-66.17376800167399, -17.301896908762366], [-66.17378974208258, -17.302027535178336], [-66.17378942030957, -17.302047111658723], [-66.17378926546739, -17.30205539736402], [-66.17378928396055, -17.30205541749122], [-66.17380362700715, -17.30206950728309], [-66.17380276948656, -17.302125120127574], [-66.17380276715151, -17.3021251498942], [-66.17372126047256, -17.302654583201157], [-66.17374151301357, -17.303199207397384], [-66.1738047442756, -17.303354984719352], [-66.17392331450226, -17.30364716125455], [-66.17397995380969, -17.303899903642492], [-66.17404565394368, -17.304193203700578], [-66.17419409749655, -17.304935918469734], [-66.17419365648017, -17.304963664670225], [-66.17421590477491, -17.305016740840824], [-66.17425354475901, -17.305106647821038], [-66.17429471196104, -17.305525775918106], [-66.17425815451212, -17.30580453185025], [-66.17430389173002, -17.306381685547226], [-66.17433935763155, -17.30682964060945], [-66.17457401489307, -17.30838451411874], [-66.17520054803677, -17.309665598662008], [-66.1754123640759, -17.310599518955655], [-66.17607382740935, -17.3112709863347], [-66.1763276427431, -17.311528668589013], [-66.17830597074484, -17.313619185114675], [-66.17941225083001, -17.315217314839046], [-66.18006540067394, -17.316871131538427], [-66.18276497763459, -17.32202913213748], [-66.18276498845945, -17.322029162089525], [-66.1830350485162, -17.32323340768208], [-66.1833744842452, -17.323962997235846], [-66.18337450333706, -17.323963039946523], [-66.1836519956488, -17.324280202788422], [-66.1840040273197, -17.32514094964251], [-66.18431414512912, -17.32555681973698], [-66.1847650525874, -17.325895745787616], [-66.18526774956068, -17.32655687996525], [-66.18547393717607, -17.326765574064332], [-66.18563906970716, -17.326860841717394], [-66.18583106250244, -17.326971638775778], [-66.1859417050771, -17.327090137837704], [-66.18604143607955, -17.32719697982129], [-66.18610260130757, -17.327363584307868], [-66.18627021034158, -17.327866298824162], [-66.18644583072864, -17.328163380213113], [-66.18682129226102, -17.328444546718288], [-66.18726567828152, -17.32867528404466], [-66.18738712239544, -17.328695681761435], [-66.18748007288069, -17.328760600771744], [-66.18755097122208, -17.328994005762787], [-66.18765909569, -17.329227953793705], [-66.18778344754504, -17.32934745211879], [-66.18847286832928, -17.32997833562176], [-66.18847289343402, -17.32997835403498], [-66.18871882056376, -17.33012663635539], [-66.18900851497241, -17.33025405843726], [-66.18916285942672, -17.330380674265342], [-66.18929827476697, -17.33047508321488], [-66.18942297746345, -17.330562033437776], [-66.18953343282976, -17.330661747313417], [-66.18953346790352, -17.33066179024823], [-66.18955335840542, -17.33069620487306], [-66.18965486981837, -17.330871874750674], [-66.1898110493235, -17.33108057929092], [-66.18990626007516, -17.331196336083053], [-66.19007805850146, -17.33132390267003], [-66.19013917608088, -17.331393578718206], [-66.19035855510617, -17.331643722635956], [-66.19052855098178, -17.331890377209817], [-66.19052857771963, -17.331890411900233], [-66.19096159336304, -17.3323851713106], [-66.1912422331335, -17.332698996336067], [-66.19124227209169, -17.33269903119797], [-66.1913073093322, -17.33274411753985], [-66.19136588864794, -17.332785042366854], [-66.19134103057644, -17.332801469827423], [-66.19108733334438, -17.333081368075746], [-66.19072257119235, -17.333369097864864], [-66.190414281579, -17.333591066927777], [-66.19019833929006, -17.33412054827966], [-66.18977932953872, -17.33432759624753], [-66.18905263231976, -17.33471679475647], [-66.18864732887856, -17.33493739733601], [-66.18772629710934, -17.33535040811094], [-66.18740191920199, -17.33558496833632], [-66.18635770108274, -17.336023420914813], [-66.18557756120697, -17.336278657407917], [-66.18486882347356, -17.336401790028155], [-66.18411731691751, -17.33660423533144], [-66.18353905452396, -17.33659356586432], [-66.18215327674852, -17.336506323037906], [-66.18206385309989, -17.33650072883664], [-66.18195677089304, -17.336493982808523], [-66.18100139773851, -17.336427243389494], [-66.1807233726288, -17.33647660326935], [-66.1803480259733, -17.3365511396952], [-66.17996120635021, -17.336465859954398], [-66.17958850367765, -17.336367413880396], [-66.1789669328343, -17.33622545395792], [-66.17848380961918, -17.336098900006778], [-66.17815163993777, -17.33606757552951], [-66.1776949336797, -17.33602121915039], [-66.17717540133057, -17.33584096083647], [-66.17653335976124, -17.335845083886547], [-66.17614512005977, -17.335852878080495], [-66.1756376997011, -17.33640486189067], [-66.1752864149639, -17.336719388590073], [-66.17487844610888, -17.337112940480118], [-66.17445676648094, -17.337493023297544], [-66.17406505722009, -17.337727149737237], [-66.17365891884064, -17.3380008943192], [-66.17327928440606, -17.3383550195262], [-66.1728581008885, -17.338708466222396], [-66.1726043352229, -17.33898445215016], [-66.17233654699734, -17.339273513698526], [-66.17195670396382, -17.339640907017785], [-66.17176705050686, -17.339800948176478], [-66.17166179470529, -17.339889670714108], [-66.17151933270215, -17.340062479304486], [-66.17125738647208, -17.340264661450302], [-66.17073152485393, -17.340901522283648], [-66.17043640836606, -17.34116355500592], [-66.17014088246698, -17.341452220232597], [-66.16969277081225, -17.341752089999822], [-66.16923074661833, -17.342051671322622], [-66.16886185012203, -17.342605593518872], [-66.16855188827547, -17.34293396442161], [-66.16841148744126, -17.34307627748213], [-66.16844484897072, -17.343083522465868], [-66.16852768947744, -17.343101581775343], [-66.16869091975164, -17.34313197662943], [-66.16889118663524, -17.343230350638116], [-66.16897565966198, -17.343442219048736], [-66.1689712793833, -17.343537695596417], [-66.16895514853218, -17.343633005779754], [-66.16894281917597, -17.343695048676473], [-66.16891027490585, -17.343750935794194], [-66.16886143299031, -17.343667979981777], [-66.16884743142056, -17.34360619639866], [-66.16881695623586, -17.34349054072771], [-66.16875181219936, -17.343354798856954], [-66.16860955002576, -17.34329372765361], [-66.16846976158824, -17.343255266655976], [-66.168317325662, -17.343281191726252], [-66.16820578156013, -17.343307695764334], [-66.16811125482995, -17.343371012657595], [-66.16801934135984, -17.34345396183241], [-66.16796502407992, -17.34356841667794], [-66.16796612774482, -17.343686365457646], [-66.16797271310628, -17.343826967131413], [-66.16801444950191, -17.343962377681297], [-66.1680743248611, -17.34406156350665], [-66.16817540257082, -17.34414724587816], [-66.16829148082026, -17.34420514731764], [-66.16841107902655, -17.34422363698321], [-66.16853702117099, -17.34420862441668], [-66.16865435114869, -17.344185001520586], [-66.1687190384567, -17.344160633167135], [-66.16855612702808, -17.344293145857318], [-66.16836579822947, -17.34431293560498], [-66.16815245037715, -17.34430711487025], [-66.16805090655063, -17.344257907494196], [-66.16798695251308, -17.344234516755126], [-66.16790006545943, -17.344179918234754], [-66.16788399632655, -17.344081352822787], [-66.16780123105772, -17.34394816046312], [-66.16778821310115, -17.34384683893601], [-66.16773086390725, -17.343772973118057], [-66.16774044362892, -17.34365734290168], [-66.1674676849379, -17.343975221824223], [-66.16718392870082, -17.344280573203367], [-66.16659582695816, -17.34482361809701], [-66.16628954761674, -17.34511374899847], [-66.16602541625694, -17.34537774763338], [-66.16572274892926, -17.345567333434314], [-66.16562104985346, -17.345601650920752], [-66.16513575590132, -17.346086639454626], [-66.16485488538851, -17.346289445723006], [-66.16457455285006, -17.34661010167629], [-66.16456350660059, -17.346619155699386], [-66.16454431399954, -17.346644348331754], [-66.16450328114435, -17.346677358287376], [-66.16431671254233, -17.34683156466409], [-66.16409532694219, -17.347005865533202], [-66.16400269157228, -17.34708049444587], [-66.1639804081736, -17.347098780305927], [-66.16396003446067, -17.347109056485756], [-66.163939861669, -17.347112382355686], [-66.16392098135339, -17.347117261670743], [-66.16390235944911, -17.347123679762312], [-66.16388112759715, -17.347128616015844], [-66.16386288587996, -17.347134768594408], [-66.16385106904991, -17.347151125997687], [-66.16384205573044, -17.34716860677957], [-66.16382932105493, -17.347183506348525], [-66.1638157125523, -17.347200199534925], [-66.16380653759843, -17.347215962307352], [-66.16379912237107, -17.347233465757164], [-66.16380041051757, -17.347278092596294], [-66.1637973098384, -17.347296289358265], [-66.1637948574795, -17.34731512742258], [-66.1637751181681, -17.3473269476912], [-66.16375512738678, -17.347336777773837], [-66.16373532044948, -17.347346881364516], [-66.1637197410006, -17.347357225528878], [-66.16370950974498, -17.347374418120722], [-66.16370827389784, -17.347393634643925], [-66.16369671266821, -17.3474117113738], [-66.16367912201638, -17.347418324671168], [-66.16365833099412, -17.347425163464948], [-66.16364035320647, -17.347432493672006], [-66.16362893596761, -17.34744732161336], [-66.1636188649354, -17.34746632248631], [-66.16361088564143, -17.34748381792249], [-66.16360147403576, -17.347502737848835], [-66.1635878145318, -17.347516630967423], [-66.16357542944759, -17.34753325118746], [-66.16355875896875, -17.347547282186262], [-66.16354295259576, -17.347560151533738], [-66.1635317164086, -17.347575433539628], [-66.16352103175674, -17.347591536076234], [-66.16351556977861, -17.34761042173281], [-66.16350281560064, -17.347626585206225], [-66.16348814006729, -17.347639289990852], [-66.16346966444638, -17.347648419129712], [-66.16345412618851, -17.347662195279298], [-66.1634360085335, -17.347672503402702], [-66.16342167846202, -17.34768719969851], [-66.1634155820374, -17.347704541236535], [-66.16340630051445, -17.347721115176434], [-66.16339982250693, -17.347738812502296], [-66.16339051042553, -17.347757372623022], [-66.16338357488387, -17.347774250749737], [-66.16337400300213, -17.34779136237162], [-66.16335330915102, -17.34779188145561], [-66.16333518445998, -17.34778430992782], [-66.16332461958888, -17.347768176797747], [-66.1633119976961, -17.347751292074427], [-66.16329847141657, -17.34773818714766], [-66.16327842589284, -17.347739347528766], [-66.16325991963069, -17.347732131783776], [-66.16324593443755, -17.347718297936808], [-66.16322807094345, -17.34771208461747], [-66.16320669683749, -17.347714038846046], [-66.16318936449011, -17.34770385982958], [-66.16317547053303, -17.347690207874617], [-66.16316270603977, -17.34767648164511], [-66.16314844995219, -17.34766192154327], [-66.1631361059343, -17.34764531165684], [-66.16312829087614, -17.347627682427284], [-66.1631223684407, -17.347609267347604], [-66.16310813652646, -17.34762369410905], [-66.16310734841773, -17.34764436178416], [-66.16311044650355, -17.347663007688645], [-66.16311502507394, -17.347683209713033], [-66.16312301008756, -17.347702015263845], [-66.16313667158134, -17.3477185535456], [-66.16315284390677, -17.347730793021825], [-66.16316425759264, -17.347746757601943], [-66.16316385106781, -17.3477670694897], [-66.16316052896373, -17.347787430306393], [-66.16315807513745, -17.34780635863259], [-66.16317718104985, -17.347799044484482], [-66.16319259755284, -17.347787072647154], [-66.16320883055927, -17.34780148019784], [-66.16322167101342, -17.34781638141278], [-66.16320913814275, -17.34783038078541], [-66.16319050920328, -17.347837250200968], [-66.1631793725315, -17.347852172389896], [-66.16318673284883, -17.347868801858713], [-66.1631986110196, -17.347885134231948], [-66.16321153715, -17.34790057846802], [-66.16322618178415, -17.34791433137524], [-66.16323293640177, -17.347933661269412], [-66.16324329659143, -17.34795087510837], [-66.16325163959483, -17.347970859645717], [-66.16325594677173, -17.347978144818534], [-66.16326190439278, -17.347988162431296], [-66.16326613473666, -17.34800655349981], [-66.16327596378811, -17.34802773303213], [-66.16328372931198, -17.34804247193418], [-66.1633005032129, -17.348052281820248], [-66.16331827690215, -17.348058222961225], [-66.16333734306914, -17.348065717551957], [-66.16335179415712, -17.348079828909288], [-66.1633584728414, -17.34809798381491], [-66.16337134622073, -17.34811685872241], [-66.16338523049942, -17.348131142637044], [-66.16340187013031, -17.348143569331647], [-66.16341835369516, -17.348153916894457], [-66.1634361214066, -17.34816635959292], [-66.1634517325301, -17.34817841048809], [-66.16346930945595, -17.3481910310786], [-66.16348309696392, -17.34820549421645], [-66.16349225455139, -17.348221426774007], [-66.16350006271861, -17.348239507402187], [-66.16348024308579, -17.348232092433978], [-66.1634630352367, -17.34821992858413], [-66.16344673273179, -17.34821003509652], [-66.16342665886351, -17.34820081050221], [-66.16340793259266, -17.348195668558944], [-66.16339036217727, -17.348188737000395], [-66.16337069350726, -17.348177621835667], [-66.16335479203767, -17.34816610861931], [-66.1633374624193, -17.3481557490467], [-66.16331999573993, -17.348148186849798], [-66.1633020659753, -17.348140166577124], [-66.16327981608907, -17.348131814100476], [-66.16326103332673, -17.348124233224393], [-66.16324066218188, -17.348115997703164], [-66.1632233061853, -17.348107353460982], [-66.16320428863497, -17.34809669902495], [-66.16318749251298, -17.348088333626727], [-66.1631683212339, -17.348081559936166], [-66.1631470665395, -17.34807574998756], [-66.16312452170342, -17.348074346463214], [-66.1631037185382, -17.34807585727335], [-66.16308326222821, -17.348079269317754], [-66.16306601557231, -17.348087964346593], [-66.16304654332372, -17.348094641175997], [-66.16302549380339, -17.348099941110334], [-66.16300366028314, -17.34810730683231], [-66.16298323546653, -17.34811478284326], [-66.16296957586991, -17.34812867590537], [-66.1629509811677, -17.348139428708237], [-66.16293249019363, -17.348149550876375], [-66.16291842678301, -17.348165244216965], [-66.1629029991169, -17.34817793827319], [-66.16288568993343, -17.348190695926966], [-66.16287017242418, -17.34820311780301], [-66.16285222047286, -17.348214873023917], [-66.16283362065681, -17.348219846498253], [-66.16281269985492, -17.348222890717395], [-66.16279294046913, -17.348223784201096], [-66.16277334177151, -17.34822034553135], [-66.16275345226057, -17.348223584981678], [-66.16273698078554, -17.348236896313498], [-66.16272170916268, -17.34825166948303], [-66.16270758784117, -17.348265014166124], [-66.16269603201118, -17.348282729690563], [-66.16268663276777, -17.34830083702429], [-66.16267581370215, -17.348319556310827], [-66.16266454544132, -17.34833691471127], [-66.16265009346506, -17.348353415218885], [-66.1626363620485, -17.348365862422416], [-66.16262463903104, -17.348382221058127], [-66.16261262426711, -17.34839920765666], [-66.16259871686916, -17.348416980097607], [-66.16258801541137, -17.348434165935267], [-66.16258163129989, -17.348451864552587], [-66.16257607657289, -17.348470658549054], [-66.1625710928297, -17.348489009146096], [-66.16256675184773, -17.348508362172964], [-66.16256372973352, -17.348527553317517], [-66.16255918962165, -17.34854762592282], [-66.16255624622912, -17.348567811491495], [-66.16255591556632, -17.34858929835287], [-66.16255813975044, -17.34860973786861], [-66.16256113404819, -17.348629014406526], [-66.16256475304763, -17.348650467026737], [-66.16256794647384, -17.348669023985796], [-66.1625720410642, -17.34869012215372], [-66.16257792455816, -17.3487110651111], [-66.16258820460028, -17.348727374836734], [-66.16259893105824, -17.3487452260093], [-66.162610115047, -17.348763896381282], [-66.16262030108786, -17.348780204771774], [-66.1626319940145, -17.348796353948273], [-66.16264642980637, -17.348811458446534], [-66.16266355057938, -17.348823169627416], [-66.16267964978563, -17.348834053602065], [-66.16269600878503, -17.348846386073404], [-66.16271112347191, -17.348860145693795], [-66.16272694205381, -17.34887093538185], [-66.16274472922015, -17.348882114211165], [-66.16276328094541, -17.348892491184348], [-66.16277727033993, -17.348906054228593], [-66.16279489867404, -17.348915334486083], [-66.16281374353989, -17.34892499321045], [-66.16282657846506, -17.3489402555799], [-66.16284408918173, -17.348951069275813], [-66.16282453532874, -17.348956932205862], [-66.16280711028419, -17.34894666152819], [-66.16279119351633, -17.348936141353565], [-66.16277425934815, -17.348924523130364], [-66.16275592897499, -17.348911982083468], [-66.16273854422812, -17.348899093253635], [-66.16272133777206, -17.348886839057666], [-66.16270305556658, -17.348877278612164], [-66.16268445661076, -17.34886997118597], [-66.16266482636232, -17.348862468519645], [-66.16264331181529, -17.348855210009255], [-66.162623092523, -17.34884932439054], [-66.16260552625761, -17.34884212191572], [-66.1625876131436, -17.34883301820287], [-66.16256888128972, -17.34882823729893], [-66.16254911675382, -17.34882335143515], [-66.16252963193105, -17.348812509697062], [-66.16251015127894, -17.348801397114627], [-66.16249336069605, -17.348792670530056], [-66.16247446909716, -17.34877994089408], [-66.1624586574872, -17.348768699784625], [-66.1624429056239, -17.348753576594657], [-66.16243160263805, -17.34873652993804], [-66.16241852186644, -17.34871891624283], [-66.1624078546996, -17.348703323420608], [-66.16240371010932, -17.34868547536507], [-66.16239988227468, -17.348665374289684], [-66.16239396128796, -17.3486468689149], [-66.16238557946035, -17.348629412217665], [-66.16237976491739, -17.34864675770692], [-66.16237948564148, -17.348664904170953], [-66.16237742024143, -17.348683025281918], [-66.1623687938362, -17.348699789053747], [-66.1623550498691, -17.34871304875922], [-66.16234331846552, -17.348729949056516], [-66.16232378686043, -17.34873436744415], [-66.16231253521163, -17.348750642444625], [-66.16230829792573, -17.34876936482861], [-66.16231056098634, -17.348787276477644], [-66.16232209365961, -17.348801617381376], [-66.16232187781351, -17.34882175135863], [-66.16230948696308, -17.348838732592373], [-66.16229760088046, -17.348853463474406], [-66.16228522530992, -17.348869451615982], [-66.16226972020866, -17.348881060902205], [-66.16225709874121, -17.348894697734565], [-66.16224472872227, -17.348910324749042], [-66.16223196183174, -17.348927300638117], [-66.16222202208544, -17.348943865155427], [-66.16221396385961, -17.348960366080423], [-66.16220412367444, -17.348976570807164], [-66.16219380094812, -17.34899358138883], [-66.16218262660149, -17.349010941082863], [-66.1621680860767, -17.349027079082518], [-66.16215361641767, -17.3490386127551], [-66.16213958344031, -17.349052319840347], [-66.16213909805582, -17.349071637282435], [-66.16213917810073, -17.349090872450674], [-66.16213961888673, -17.349111106046745], [-66.16213613362352, -17.349129839098833], [-66.16212542234732, -17.34914765686451], [-66.16210954952243, -17.34915871910968], [-66.1620889740668, -17.349163754753075], [-66.16207402463054, -17.34917591371096], [-66.16206091502792, -17.349190717504253], [-66.16204732844115, -17.349205966027963], [-66.16203123841079, -17.349218921494852], [-66.1620167863033, -17.349235421936953], [-66.16199803963774, -17.34922549363103], [-66.16198039743095, -17.349217116113742], [-66.16196536567166, -17.349204080023775], [-66.16195328735397, -17.34921907905079], [-66.1619389903938, -17.34923160846231], [-66.16192249989601, -17.349221712180746], [-66.16190251675962, -17.349218809759407], [-66.1618814055432, -17.34921589132045], [-66.16186219759302, -17.349217605231416], [-66.16184314569217, -17.349221398269783], [-66.16182727284682, -17.349232460489034], [-66.16183878048498, -17.349248426474322], [-66.16185467358498, -17.349260481495367], [-66.1618713298592, -17.349271824945703], [-66.16188857797077, -17.349281370785373], [-66.16189526208674, -17.34929916459986], [-66.16189206298235, -17.349317630804553], [-66.16189731059251, -17.34933711993599], [-66.16189200581431, -17.349357994361842], [-66.16188165107077, -17.349377081379473], [-66.16186670299348, -17.349389150036206], [-66.16184814423782, -17.349397555404625], [-66.16183700457518, -17.349412658048703], [-66.16184282872936, -17.349431342661248], [-66.16184092764458, -17.349451001200556], [-66.16183050667794, -17.349468281261856], [-66.16181543400755, -17.349482334757404], [-66.16181539776863, -17.349503013079282], [-66.16181359207569, -17.34952258267151], [-66.16180271357518, -17.349539043529024], [-66.16178768259029, -17.3495503885954], [-66.16176786192054, -17.349555254313834], [-66.16174763792675, -17.349555779875303], [-66.1617276959539, -17.349556309438935], [-66.16170485227575, -17.34955598509558], [-66.16168595827784, -17.349555626528755], [-66.16166499473862, -17.349555328876065], [-66.16164609240226, -17.34955551199058], [-66.16162787401736, -17.349560129543182], [-66.16161709506555, -17.349576230599183], [-66.16160137127233, -17.349589823326966], [-66.16158953044216, -17.349607715314892], [-66.16157501761496, -17.34962204763916], [-66.16156649343105, -17.349638271007613], [-66.16155748809139, -17.349655209948054], [-66.16154661928998, -17.349671038821057], [-66.1615347233597, -17.349686401605712], [-66.16151783027803, -17.3496965462997], [-66.16150047271961, -17.349706323194326], [-66.1614494153076, -17.34971246103765], [-66.16143027629462, -17.349715801288685], [-66.1614327092094, -17.349734889256016], [-66.16143326059469, -17.34975404080632], [-66.16142145726656, -17.349769495197673], [-66.16140550424176, -17.34977965322907], [-66.16138599006949, -17.34978903828542], [-66.16136943407864, -17.349801716166986], [-66.16136104784012, -17.349821192302123], [-66.16134907872797, -17.34983519952454], [-66.161330020682, -17.349845494057018], [-66.16131716519106, -17.349862107406178], [-66.16130822602184, -17.349880853281462], [-66.16130109105532, -17.349898450869784], [-66.16129648593727, -17.349916626186747], [-66.16129656171027, -17.349936132183554], [-66.16129562286615, -17.34995435956415], [-66.16128588071764, -17.34997029471718], [-66.1612720467382, -17.34998328214395], [-66.16125704435892, -17.349998871693167], [-66.16123678696039, -17.350001563935063], [-66.16121649758891, -17.350006332633495], [-66.16119730398177, -17.350001003229174], [-66.16118200133184, -17.349987240828312], [-66.16116305968873, -17.349977761174006], [-66.16114233278049, -17.34997430630138], [-66.16112357115706, -17.349977561577518], [-66.1611175642537, -17.349995175176698], [-66.1611002261113, -17.35000368809781], [-66.16109337731126, -17.350021018837715], [-66.16110877257282, -17.35003487286064], [-66.16112619342205, -17.350045414529216], [-66.16114245977509, -17.350057655511215], [-66.16114858534918, -17.35007508020953], [-66.16113983277434, -17.350093919023813], [-66.16112576071514, -17.350110153876276], [-66.16110718934704, -17.350119371686947], [-66.16108903293117, -17.350126066973512], [-66.16107302007971, -17.350140107045217], [-66.16106039009328, -17.350154285459656], [-66.16105015980433, -17.350171387571248], [-66.16104187446939, -17.350190413616073], [-66.16103380634152, -17.35020754643379], [-66.16102170285393, -17.35022417043674], [-66.16101345782984, -17.350240578336493], [-66.16100471635347, -17.350258694895068], [-66.1609988076038, -17.350276038979988], [-66.16099127153474, -17.350295256263767], [-66.16098093332022, -17.350313259842288], [-66.16097069328151, -17.35033099391274], [-66.16096113770654, -17.350347021993475], [-66.16095101669593, -17.350363132343283], [-66.16093512423491, -17.3503754583993], [-66.16091282087959, -17.35037667673508], [-66.16089047720543, -17.350380513211032], [-66.16087145298144, -17.35038250052014], [-66.1608495506809, -17.350382099135448], [-66.16082933912107, -17.350381812063187], [-66.16080866672137, -17.350387026775337], [-66.16079008333581, -17.35039091664891], [-66.16077105718307, -17.35039913465675], [-66.16075382636103, -17.350412886494876], [-66.16073957179027, -17.350428757517513], [-66.16072215209786, -17.35043645653475], [-66.16070190940512, -17.35044429605314], [-66.16068166253967, -17.35045240641151], [-66.16066333837983, -17.350463885197332], [-66.16065397217669, -17.350479825648126], [-66.1606611095433, -17.350498709536744], [-66.16067081986915, -17.35051537245954], [-66.16068310454519, -17.350529724135427], [-66.16069453203382, -17.35054478603925], [-66.16070962581026, -17.35055990001918], [-66.16072592553998, -17.350569974298732], [-66.16073052610832, -17.35058873185273], [-66.16072008967082, -17.350607004918164], [-66.16071107863615, -17.350624304923766], [-66.16070063663263, -17.35064293911061], [-66.16068448713649, -17.350653636080718], [-66.16066547400824, -17.350654901119594], [-66.1606445237239, -17.350659840961207], [-66.16062523220054, -17.35066697157484], [-66.16062672495332, -17.350686046186613], [-66.16064317794091, -17.35069838016348], [-66.16064440396808, -17.350716457681006], [-66.16063416248065, -17.350734282006314], [-66.16062707704134, -17.35074560437456], [-66.16061756578499, -17.350767908946473], [-66.16056192013535, -17.350815519576848], [-66.16044299637795, -17.350954518396108], [-66.16021886905985, -17.35109870475686], [-66.16014263554932, -17.35114602274879], [-66.1600898563975, -17.351154032032742], [-66.15998822573893, -17.351214172989017], [-66.15990755544216, -17.351250411181187], [-66.15980769764046, -17.351348051908147], [-66.1596967449668, -17.351421244094283], [-66.15964060126527, -17.351482843898616], [-66.15963151473807, -17.351492828426736], [-66.15956777298797, -17.351568497402535], [-66.15957327068986, -17.35158699681709], [-66.15957937387888, -17.351605866037662], [-66.15958227245787, -17.351625231521545], [-66.15957551049117, -17.35164301491647], [-66.1595582661392, -17.35165152900525], [-66.15954258653258, -17.35166223253898], [-66.15952501285724, -17.351673812159184], [-66.15950678866737, -17.351678790601596], [-66.15948597596983, -17.351674792514146], [-66.15946730458616, -17.35167217936165], [-66.1594468909825, -17.35167279226372], [-66.1594280037619, -17.351671982048856], [-66.15940699470565, -17.351668522965507], [-66.15939077330216, -17.3516777739794], [-66.15938252527543, -17.35169436234026], [-66.15937650839359, -17.35171260781644], [-66.15936985154073, -17.351729670291682], [-66.1593655240146, -17.351748120376644], [-66.1593619457677, -17.35176676171078], [-66.15934796881935, -17.351782907449316], [-66.15933265548377, -17.351794248271652], [-66.15931489933335, -17.3518054640748], [-66.15930169252651, -17.35182044684896], [-66.15928859085508, -17.351834708712826], [-66.15925800610292, -17.351866872483992], [-66.15923869632702, -17.351875176584855], [-66.15921651682525, -17.351880550284267], [-66.15919575996227, -17.35188513149687], [-66.15917724954893, -17.351890376738336], [-66.15915889375975, -17.35189779138537], [-66.15914229768468, -17.35190694674899], [-66.15912688614561, -17.351918557057825], [-66.1591103987784, -17.351932861086418], [-66.15909550676051, -17.351947368389173], [-66.15908306868536, -17.351961278466323], [-66.15906677350084, -17.351975314320665], [-66.15905228533464, -17.35198802135134], [-66.15903683482551, -17.352002159508757], [-66.1590222693436, -17.35201378183297], [-66.15900526104477, -17.352025279133926], [-66.15899096506058, -17.352037717989454], [-66.1589755723746, -17.35205420477304], [-66.1589611336794, -17.352069802111135], [-66.15894553766657, -17.352087279305877], [-66.1589274535263, -17.352101470318217], [-66.15890540496008, -17.352110548155213], [-66.15888236187433, -17.352110943015703], [-66.15886063072621, -17.352111627423245], [-66.15883964051041, -17.35211304476355], [-66.15881763847045, -17.35211300291265], [-66.1587978334012, -17.352110734779345], [-66.15877842384542, -17.352107208060993], [-66.15875543642213, -17.352103991682856], [-66.15873322688768, -17.352105211078527], [-66.15871411621754, -17.35211279554925], [-66.15869749088301, -17.352123846762144], [-66.15868161621883, -17.352134998944877], [-66.15866386695949, -17.352145763276205], [-66.15864329467573, -17.352156668075327], [-66.15862503640855, -17.352169953577125], [-66.15860926625777, -17.352186525260866], [-66.15859288118735, -17.352200288889886], [-66.15857877039733, -17.352212910943642], [-66.15855893207495, -17.35222500007111], [-66.15854075450908, -17.352233049289488], [-66.15852407132864, -17.35224175185318], [-66.15850605672658, -17.35225142879125], [-66.15848700107638, -17.35226154242916], [-66.15846632982088, -17.352266666576742], [-66.15844552823197, -17.352261946129996], [-66.15842940679573, -17.35225250629905], [-66.15841056608751, -17.352242576305695], [-66.15839341056707, -17.352233121770837], [-66.15837414525872, -17.352238536798282], [-66.15837277020442, -17.352260640835837], [-66.15837088537766, -17.35227921591202], [-66.15837049632849, -17.352298354055876], [-66.15837472619816, -17.35231674516421], [-66.15838325956315, -17.352336551961034], [-66.15838785850815, -17.35235539981828], [-66.15838631352841, -17.35237632753538], [-66.15837663716304, -17.352394069435398], [-66.15835619211228, -17.35239061825165], [-66.15833707785514, -17.352392333106273], [-66.1583174859687, -17.352400633093858], [-66.15829629037638, -17.352409271479893], [-66.1582758551976, -17.352417378872634], [-66.1582626747089, -17.352430646227855], [-66.15825022818994, -17.352445097921887], [-66.15823657765688, -17.35245835859185], [-66.15822131089071, -17.35247277018549], [-66.15820528649009, -17.352487532206887], [-66.15819103849849, -17.3525029515863], [-66.15817677797807, -17.352519183489278], [-66.1581607480025, -17.35253430662813], [-66.15814549375062, -17.352547905689143], [-66.15812834402332, -17.352562471101553], [-66.15811260024007, -17.352577327403683], [-66.15809478966669, -17.35259206401681], [-66.15807551114868, -17.35260443194688], [-66.15805925341652, -17.352616030124032], [-66.15804220528459, -17.352624005047677], [-66.15802339037322, -17.35261850009864], [-66.15800848193996, -17.352603569160355], [-66.1579912455761, -17.35258716031468], [-66.15797615748322, -17.35257168501804], [-66.15796500659883, -17.35255698810769], [-66.15794890808407, -17.352539963336543], [-66.15793317029338, -17.35252393699733], [-66.1579177020022, -17.352508727192276], [-66.15789883142952, -17.352506833454868], [-66.15789083880621, -17.352525141068117], [-66.15787790690199, -17.352540579135567], [-66.15786181212687, -17.35255380501871], [-66.15784528350048, -17.352564676922622], [-66.15782506275497, -17.352571071607326], [-66.15780539556924, -17.352572056142563], [-66.15778499023877, -17.352572127176103], [-66.15776706818944, -17.352581895654115], [-66.15774766706497, -17.352590017691547], [-66.15772899433931, -17.352599685190366], [-66.1577131773978, -17.35261318591121], [-66.15770173011458, -17.352629909280914], [-66.15769516290065, -17.3526472438498], [-66.15768287650027, -17.352663503783468], [-66.15766665985171, -17.352678533920418], [-66.15765118552125, -17.352694206714315], [-66.15763505869928, -17.352709509026287], [-66.15761863240787, -17.352719840561154], [-66.15760067201299, -17.352725996463658], [-66.15758287457523, -17.35273378008726], [-66.15756373522801, -17.352737119910504], [-66.1575431182002, -17.352738723011228], [-66.15752156526698, -17.352740041898745], [-66.15750217803935, -17.35274726110323], [-66.15748813051921, -17.352761870570042], [-66.15747862675043, -17.352780608169674], [-66.15747032837997, -17.352800446515232], [-66.15746117697249, -17.352820724229705], [-66.15744925543503, -17.352837711735916], [-66.15743523574744, -17.352850515587487], [-66.15741388547022, -17.352856984460136], [-66.15739337881324, -17.352860575719433], [-66.15737195507735, -17.352868759247887], [-66.15735329066044, -17.3528778850214], [-66.15733104696726, -17.352887411387236], [-66.1573125099697, -17.3528943717619], [-66.15729738305438, -17.352905805349746], [-66.15727901040162, -17.35291430316307], [-66.15725576947864, -17.352915327109677], [-66.15723281475752, -17.35291608422342], [-66.15721060514099, -17.35291730343378], [-66.15719071788408, -17.352920361679093], [-66.15716953400415, -17.35292213727593], [-66.15714982919377, -17.35292555931313], [-66.15713228868485, -17.352934971950592], [-66.15711635956525, -17.352949644922006], [-66.15709734137572, -17.352957320832434], [-66.15707937115613, -17.352951918108694], [-66.15705814406667, -17.35294430185094], [-66.1570384977348, -17.352943932097297], [-66.15702138966576, -17.352955788982204], [-66.1570078371993, -17.352968780044893], [-66.1569924101354, -17.352981383240138], [-66.15697305071717, -17.352986796777284], [-66.15695412092329, -17.352982644596402], [-66.15693496758927, -17.352974696623242], [-66.15691366531208, -17.352971955494784], [-66.15689348281101, -17.35298196262867], [-66.15687547781542, -17.352991007432703], [-66.15686033555176, -17.35300343406707], [-66.15684366269605, -17.35301755463165], [-66.15682740625407, -17.35302906241091], [-66.15681015331742, -17.353038117906287], [-66.15679238020637, -17.353050416809033], [-66.15678186454201, -17.35306769516496], [-66.15678297387605, -17.353087215798993], [-66.15678348295384, -17.353109075700367], [-66.15677575272021, -17.353128651186044], [-66.15676255119158, -17.35314327262463], [-66.1567454040959, -17.353157657332474], [-66.15672854249505, -17.353165725083], [-66.15670725344076, -17.35316822153201], [-66.15668706810807, -17.353166218668473], [-66.15666596846313, -17.353168627507323], [-66.15664540919339, -17.35317257913546], [-66.1566230937119, -17.353180659587423], [-66.1566054661119, -17.353189619431365], [-66.1565867062323, -17.353198834065616], [-66.15656884813266, -17.353204449518056], [-66.15654915721618, -17.353206968685647], [-66.15652994051922, -17.35320922369726], [-66.156509053955, -17.353210010145965], [-66.15648730878158, -17.353211597078882], [-66.15646821394692, -17.35321204781364], [-66.15644700636186, -17.353215358094744], [-66.15642606269586, -17.353219846031276], [-66.15640709250984, -17.35321831192864], [-66.15640061220805, -17.353199527583772], [-66.15639997156494, -17.35318010392162], [-66.15638725189766, -17.353163488310688], [-66.1563679920303, -17.353168541999562], [-66.15634773846105, -17.353170962841876], [-66.15632763808871, -17.353175643367138], [-66.15631111211577, -17.353186334561197], [-66.15629167745439, -17.353196623167467], [-66.15626954371587, -17.353199017249892], [-66.15624801441886, -17.353198801223922], [-66.15622838198703, -17.35320971911087], [-66.15620935609307, -17.353211796205407], [-66.15618736093263, -17.353211302643494], [-66.15616690680673, -17.353214533314652], [-66.15614491651134, -17.353219819030265], [-66.15612630076429, -17.353225784861237], [-66.15610402426339, -17.353231337400178], [-66.15608166628934, -17.353236076075337], [-66.15606197954911, -17.35323832435226], [-66.15604222108715, -17.353239126803462], [-66.15602105528646, -17.35323972862648], [-66.15600053361474, -17.35324124261491], [-66.15597835111866, -17.353246796476693], [-66.15595900140784, -17.353251577944313], [-66.15593624164438, -17.353251886175617], [-66.1559167693863, -17.35325242178622], [-66.15589727066147, -17.353254672721835], [-66.15587906783469, -17.35326434671172], [-66.15586248611218, -17.353278649078042], [-66.15584870652772, -17.35329416522076], [-66.15584074921024, -17.353304075304596], [-66.15583682243096, -17.353308715033997], [-66.15581949420658, -17.353322645571865], [-66.15580428777326, -17.353339225007733], [-66.15578783626613, -17.35335118141449], [-66.15576802975797, -17.353349003247107], [-66.155756351202, -17.353331950917145], [-66.15574022500181, -17.35331673159598], [-66.15572539541762, -17.353302794928563], [-66.15572324297777, -17.35330213219577], [-66.15572201111794, -17.353302746766268], [-66.15571166039993, -17.35331542208865], [-66.15569810643154, -17.353328503324953], [-66.15568987538619, -17.35335005822831], [-66.15567484792844, -17.35336113188898], [-66.15565398570953, -17.353366433600225], [-66.1556355635275, -17.353372040935252], [-66.15561556337424, -17.35338241172013], [-66.15559840576022, -17.353391378154456], [-66.15557960687487, -17.353390930011486], [-66.15556716791025, -17.353374408651383], [-66.15555384247071, -17.353360493379228], [-66.15554422515339, -17.353343921875663], [-66.15553648939725, -17.353327286850167], [-66.1555188756763, -17.353335343784902], [-66.15551731502288, -17.35335726451278], [-66.15551495287576, -17.35337628422838], [-66.15550937215266, -17.353396702938916], [-66.1555012406633, -17.35341789804732], [-66.15549206327063, -17.353433750560015], [-66.15548034625678, -17.353449657227284], [-66.15546371851308, -17.353466938804104], [-66.15544728508762, -17.35347772153351], [-66.15542692141996, -17.35348727442128], [-66.1554077206826, -17.35349458635462], [-66.15538900531193, -17.35350091189241], [-66.15536930461245, -17.35350406289878], [-66.15534733377818, -17.35350808459349], [-66.15532751399013, -17.353512859303194], [-66.15530741356945, -17.3535175397163], [-66.155286544361, -17.353523292786495], [-66.15526704765776, -17.35353150349384], [-66.15524800984832, -17.353540443131934], [-66.15523205480794, -17.35355069084929], [-66.15521310961027, -17.35355972210189], [-66.15519468322087, -17.35356560023225], [-66.15518033115131, -17.353581649970213], [-66.15516345831396, -17.353590439814926], [-66.15514365449316, -17.353600271539396], [-66.15512446209681, -17.35360704176024], [-66.15510462353139, -17.353606939971062], [-66.15508643541052, -17.353597380159304], [-66.15506775411339, -17.353607589054672], [-66.15505640751334, -17.353623862163694], [-66.1550488059209, -17.353641181882384], [-66.15503728384098, -17.35365663979072], [-66.15502312394842, -17.353672421349707], [-66.15501081077943, -17.35369039639841], [-66.15499785627026, -17.353707278715017], [-66.15498313789325, -17.353722691119597], [-66.15496716470867, -17.353734112454873], [-66.15494995129632, -17.35374669003519], [-66.15493399761691, -17.35375684744321], [-66.1549139145297, -17.35376649456501], [-66.15489416920738, -17.353772534488048], [-66.15487582565028, -17.353779136164746], [-66.15485576003394, -17.35378155951938], [-66.15483679122109, -17.353779934980714], [-66.15483543242775, -17.353800955563806], [-66.15482857172546, -17.35381900821831], [-66.15481471751902, -17.353833259008095], [-66.15479927073979, -17.353847125924112], [-66.15477935056943, -17.35385840075134], [-66.1547595885112, -17.353865524022147], [-66.15473841632371, -17.35387262721558], [-66.15471912430561, -17.353879757173665], [-66.1546988587536, -17.353889040472335], [-66.15467826454966, -17.353895248886204], [-66.15464167698251, -17.353908092409405], [-66.15462415021545, -17.35391660199058], [-66.15460597235554, -17.353924650799797], [-66.15458391366336, -17.35393436005661], [-66.15456482080155, -17.353940770432736], [-66.15454111455085, -17.353947566624324], [-66.15452033371393, -17.353953682062983], [-66.15449936207132, -17.353959975382832], [-66.15447774212394, -17.353965627369213], [-66.15445864507537, -17.353972308574885], [-66.1544399198786, -17.35397926597323], [-66.15441939039873, -17.35398737158115], [-66.15440124597633, -17.35399325364357], [-66.15438763439282, -17.35397960512583], [-66.15436993723566, -17.353968697738168], [-66.15434757435087, -17.35396765692548], [-66.15432655608512, -17.353970879359565], [-66.15430683860649, -17.353975113613693], [-66.15429343998679, -17.353972033232075], [-66.15427739658372, -17.353969727891734], [-66.15424739670716, -17.35397002312714], [-66.15420232790214, -17.353947528770952], [-66.15414523127316, -17.353948882955045], [-66.15410647126818, -17.353944086926198], [-66.15406916103856, -17.35394283323715], [-66.1540540947522, -17.353932053587577], [-66.15401056207986, -17.353864882536666], [-66.15397875899457, -17.353890616672462], [-66.15395346505329, -17.353945429813077], [-66.15395044763297, -17.353952069047857], [-66.15395098423949, -17.353972123301848], [-66.15395956872521, -17.353988589858954], [-66.15395375178389, -17.35400602523401], [-66.15393354970664, -17.354005105445502], [-66.15391403078222, -17.35400256998256], [-66.1538950000238, -17.353998867568944], [-66.15387578821961, -17.353994711075106], [-66.15385682777286, -17.3539925447602], [-66.15383874667911, -17.35400041427185], [-66.15383008019478, -17.354019705362198], [-66.15382835221764, -17.35404026916479], [-66.15383673334185, -17.354057726130506], [-66.1538512779987, -17.354071839469373], [-66.1538631597484, -17.35408790148615], [-66.15387418148222, -17.354104854255542], [-66.15388749009333, -17.354119852990625], [-66.15388530880549, -17.354139326738117], [-66.15387603862506, -17.354155087530906], [-66.15386826282224, -17.354171501704847], [-66.1538540972197, -17.354187644280504], [-66.15384131246827, -17.354205702820746], [-66.15383454426708, -17.354223847042956], [-66.15382507490722, -17.354240327395946], [-66.1538105318664, -17.354256554892054], [-66.15379463445754, -17.354269151096805], [-66.15377529636733, -17.354279260198172], [-66.15375278786742, -17.354281558341903], [-66.15373232962607, -17.354272869077494], [-66.15371615196554, -17.35426098997326], [-66.15369773343555, -17.354248085653257], [-66.1536790167519, -17.354242310788486], [-66.1536597449818, -17.354242036318656], [-66.15364024336921, -17.354244467574528], [-66.15361978075714, -17.354248239642057], [-66.15360332346924, -17.354260556955833], [-66.15359394949087, -17.354276948353235], [-66.15358884274592, -17.35429710282735], [-66.15358132523552, -17.354315055764978], [-66.15357322136377, -17.354334445151252], [-66.1535625103431, -17.35435217200365], [-66.15354881334996, -17.35436841152628], [-66.15353068340923, -17.35437944080831], [-66.1535091908684, -17.35438292729295], [-66.15348896505685, -17.354383542216528], [-66.15346867869954, -17.354381989075144], [-66.15344897591508, -17.354379180043434], [-66.15342693267456, -17.354375705573734], [-66.15340722849774, -17.354372986818248], [-66.15338625619643, -17.354373229898826], [-66.15336397672837, -17.35437896265924], [-66.15334285464465, -17.354382815602246], [-66.1533196484446, -17.354381582056213], [-66.15329911910783, -17.35437749703648], [-66.15327834818312, -17.35437078987326], [-66.15326089823982, -17.35436214341263], [-66.15324140939009, -17.354351571607758], [-66.15322314544403, -17.354340836649243], [-66.15320525474603, -17.354330287606047], [-66.15318885424426, -17.354320662788712], [-66.15317049687857, -17.354315976595643], [-66.15314912844914, -17.354311428109263], [-66.15312859215432, -17.35430779447436], [-66.15310960659586, -17.354307253127516], [-66.15308857515953, -17.35430523783535], [-66.1530689928984, -17.3543007147848], [-66.15304812495893, -17.35430637731715], [-66.1530286796982, -17.354311247413737], [-66.153007504053, -17.3543124808585], [-66.15298891487187, -17.354304540547403], [-66.15297690990236, -17.35429037303142], [-66.15296626289049, -17.354273515860186], [-66.15296024461334, -17.35425527982807], [-66.15295563925474, -17.35423688332387], [-66.15294584948059, -17.35421931596411], [-66.15293339121088, -17.354204058389158], [-66.1529187177543, -17.35419220065614], [-66.15290265369514, -17.35417905891214], [-66.1529061817229, -17.354200239368847], [-66.15291673332248, -17.35421718548287], [-66.15292367912934, -17.354236247428904], [-66.1529195938591, -17.354257229127985], [-66.15291374613157, -17.354276650619305], [-66.15291092480682, -17.354294941324312], [-66.15290790570214, -17.35431386131152], [-66.1528977544926, -17.354331866994876], [-66.1528804287668, -17.354345616669438], [-66.1528597599932, -17.354350559618055], [-66.15283788387592, -17.354348441965655], [-66.15281876190136, -17.354344557547954], [-66.15280188580222, -17.354335287125615], [-66.15278510510815, -17.354325927761288], [-66.1527678616587, -17.354334350898526], [-66.15275491946387, -17.35435042051087], [-66.15274042514311, -17.354363488110035], [-66.15272683325117, -17.35437900666397], [-66.1527111502856, -17.354389890126573], [-66.15269096048242, -17.354400348178544], [-66.1526722114896, -17.354408840156314], [-66.15265540459899, -17.354419436701047], [-66.15265151009834, -17.35444024050778], [-66.15264354755519, -17.354456561656995], [-66.15263088457708, -17.3544728158366], [-66.15261647169423, -17.354486697284166], [-66.15260229899376, -17.354503291151364], [-66.15258541342388, -17.354512893267845], [-66.15257427268779, -17.35449756414392], [-66.15255419026118, -17.35450107061216], [-66.15253735127689, -17.35451374358667], [-66.1525171064965, -17.35452167243565], [-66.15249824562069, -17.354519146205252], [-66.15247730177076, -17.35452363369108], [-66.15245833796055, -17.354515597693016], [-66.1524494841294, -17.35449831454902], [-66.15244072430839, -17.35448103274431], [-66.15242325069484, -17.354473920976112], [-66.15240829885322, -17.35448616932803], [-66.1523887344503, -17.354492663058817], [-66.15236911174803, -17.35449075806146], [-66.15234876821819, -17.354492906288925], [-66.15232878482567, -17.354490002848788], [-66.15230845748124, -17.35448501760698], [-66.15228820182898, -17.3544814781839], [-66.15226709088772, -17.35448460876745], [-66.1522483125798, -17.3544949965826], [-66.15222861231712, -17.35450419735909], [-66.15221250446008, -17.354518235220414], [-66.15219848292509, -17.354531128910242], [-66.15218308473632, -17.354541835783373], [-66.15216590177607, -17.35455242692246], [-66.15214912972223, -17.354560766416796], [-66.15212759670351, -17.35456687086727], [-66.15210492247887, -17.3545677216568], [-66.15208102195679, -17.354568825868455], [-66.15206059611525, -17.35457630058777], [-66.15204028939095, -17.35458215160353], [-66.15202051742256, -17.354589906536084], [-66.15200108940206, -17.35459974326624], [-66.15198113499338, -17.354607134394826], [-66.15196098419575, -17.354615064521997], [-66.15194316966335, -17.35462393094023], [-66.15192150077313, -17.354632742427807], [-66.1519004182544, -17.35464011747055], [-66.15188171106313, -17.35464590096388], [-66.15186475655398, -17.354653876631478], [-66.15184404448577, -17.354661618146736], [-66.15182464156238, -17.354669829816594], [-66.15180387594107, -17.354674951866524], [-66.15178520083249, -17.354678658909183], [-66.15176287333541, -17.35468141089732], [-66.15174257582687, -17.354680579818037], [-66.15172224011663, -17.354676136195977], [-66.15170281798632, -17.35467342129072], [-66.15168465670304, -17.35468038644343], [-66.15166831420426, -17.354691350712105], [-66.1516494823006, -17.35469911900234], [-66.15162957949471, -17.35470316973148], [-66.15160827911467, -17.35470638784019], [-66.15158937412747, -17.354712800584068], [-66.15156914743638, -17.354719555687414], [-66.15154710335624, -17.354722221389896], [-66.15152904339186, -17.354716545985912], [-66.15151125655753, -17.354705366179942], [-66.15149689171058, -17.354691797050144], [-66.1514971102428, -17.35467157298909], [-66.15149533505888, -17.35465258470956], [-66.151478648431, -17.35464322658105], [-66.15147131174878, -17.354661633486334], [-66.15147083351243, -17.35468040904708], [-66.1514709193278, -17.35469919264746], [-66.15146977326283, -17.35471859078851], [-66.15147022395001, -17.35473810198862], [-66.15145672175484, -17.35475389261576], [-66.15143777333084, -17.354744863443926], [-66.15141686101596, -17.35474122427101], [-66.15140187281635, -17.354755819814176], [-66.15138509234609, -17.35476470091633], [-66.15136652275119, -17.354755496538065], [-66.15135146078259, -17.354744445858678], [-66.15133380895298, -17.354736699357808], [-66.15131283612287, -17.35473089211465], [-66.15129390166403, -17.35472096013063], [-66.15127689482398, -17.354707985426288], [-66.15126110312217, -17.354695479541324], [-66.1512415175866, -17.354685086773035], [-66.15122196797148, -17.35468453720144], [-66.15120600288083, -17.35469541650843], [-66.15118968268506, -17.354704936253835], [-66.15116914605193, -17.354713492893964], [-66.15114598363783, -17.3547155105105], [-66.15112772869763, -17.354710283791782], [-66.15110844384981, -17.354704771490347], [-66.15108774659456, -17.354705469743593], [-66.15106681806215, -17.354708963993485], [-66.15105576285553, -17.354724608872367], [-66.15105066698672, -17.354744040998465], [-66.15104387477369, -17.354763719841447], [-66.15103071648237, -17.354781592233945], [-66.15101415941095, -17.354794269080983], [-66.15099709676744, -17.354784905553352], [-66.15098387820511, -17.354770178833913], [-66.150974380409, -17.35475198346246], [-66.15096696196942, -17.35473309533516], [-66.15095376992817, -17.35471665329527], [-66.15093664957072, -17.354704941144757], [-66.15091592390021, -17.354701394881808], [-66.15089504002606, -17.354702000154628], [-66.15087299176338, -17.3547049366214], [-66.15085354922613, -17.354709625931356], [-66.15083451063471, -17.3547125150012], [-66.15081471807537, -17.354709433530104], [-66.15080166522145, -17.35469615396113], [-66.15078968554157, -17.354680361295877], [-66.15077622545144, -17.354663012426787], [-66.15076761562744, -17.354642120713105], [-66.1507593692788, -17.35462204687992], [-66.15075253026909, -17.354602173710646], [-66.15074499272724, -17.35458490927783], [-66.15073721084303, -17.354565203265523], [-66.1507292325693, -17.35454603625225], [-66.15072057111571, -17.354528484895873], [-66.15071245836269, -17.35451193466047], [-66.1507034055257, -17.35449537102201], [-66.15069299001458, -17.35447571776088], [-66.15068822897183, -17.354455242117808], [-66.15068597126776, -17.354437059661272], [-66.15067731121772, -17.354419418024268], [-66.15067009060486, -17.354399900612812], [-66.15066286720196, -17.35438056376116], [-66.15064251481927, -17.354377203396915], [-66.15062204330705, -17.35437546672928], [-66.15060319785287, -17.354371947246445], [-66.15058740343912, -17.354359621878604], [-66.15057350594456, -17.3543462399574], [-66.15056228116323, -17.354330277447065], [-66.15054545185595, -17.35434231827636], [-66.15054375560892, -17.354360805557285], [-66.15054758631976, -17.354380635838186], [-66.15055671221042, -17.35439855502035], [-66.15057017784494, -17.354415542779048], [-66.15058331211026, -17.354429636217887], [-66.15059198610791, -17.354446375058345], [-66.15059300075661, -17.354465894289206], [-66.15059694781294, -17.354484281431446], [-66.15060265870045, -17.35450413851909], [-66.15060639122274, -17.354524238299447], [-66.15059907121342, -17.35454156180155], [-66.15058172798818, -17.354532103943768], [-66.15056168512713, -17.3545391324631], [-66.15054281363477, -17.354543378386765], [-66.15052378253367, -17.35455186612482], [-66.15052093724059, -17.354571691518988], [-66.15052062459458, -17.354591914223068], [-66.15050900669935, -17.354607460743804], [-66.15049000391552, -17.354601952408025], [-66.15047170525327, -17.354593474215925], [-66.15045370125961, -17.35460242809011], [-66.1504405270865, -17.354615243421176], [-66.15043095783086, -17.35463208334435], [-66.15042210993441, -17.354650920148508], [-66.1504060270726, -17.354663332803224], [-66.15039054036392, -17.354673677060905], [-66.15038497299103, -17.354693192737663], [-66.15038015628969, -17.354712809417638], [-66.15037480624346, -17.354730431896392], [-66.15036542220022, -17.35474745505526], [-66.15035661197771, -17.354763854296845], [-66.15034424059206, -17.35477948036026], [-66.15032747847187, -17.35479021277411], [-66.15030908282053, -17.354797129301062], [-66.15028959323337, -17.35479269760071], [-66.15027138863223, -17.354802461292298], [-66.15025883340742, -17.354817813828166], [-66.1502377359019, -17.35481399129305], [-66.1502205918613, -17.354803813844914], [-66.15020497010772, -17.354792484205603], [-66.15019059699073, -17.354779456674393], [-66.15017024039356, -17.354776367096598], [-66.15015296605782, -17.354768535580476], [-66.15013924402726, -17.35475596882982], [-66.15013905605525, -17.35477420670962], [-66.1501501616815, -17.354791792939324], [-66.15016259459809, -17.354808675697445], [-66.15015556493557, -17.35482546151738], [-66.15013764374764, -17.354835138937037], [-66.15011878618003, -17.354838482015666], [-66.15009819828651, -17.35483818842527], [-66.15008022915369, -17.35484488526211], [-66.15005941973911, -17.35484675570376], [-66.15004016053076, -17.354845668356926], [-66.15002121964507, -17.35484223775311], [-66.15000961704928, -17.354856791157196], [-66.15001675475794, -17.354875585004407], [-66.15002751178542, -17.354885310186553], [-66.15002848724839, -17.354889116688827], [-66.15002396743976, -17.354919934762705], [-66.15001594132596, -17.354916027712182], [-66.14999187510462, -17.35491568450569], [-66.14997579962115, -17.354915455252872], [-66.1499437426636, -17.354914998084045], [-66.14993970029072, -17.354914940434824], [-66.14989450266303, -17.35497985350032], [-66.14986615532946, -17.35499489048548], [-66.14983774795887, -17.355013809500385], [-66.14981302554926, -17.355055897809034], [-66.14979258424377, -17.355082605908432], [-66.14972367769477, -17.355124064038353], [-66.14969945740752, -17.355127601485854], [-66.14967521245137, -17.355138814058968], [-66.14960202472433, -17.355195652338825], [-66.14957409621458, -17.355183605319173], [-66.14946582278507, -17.355174385477586], [-66.14945499177303, -17.35516944509877], [-66.14943744938026, -17.355160706698864], [-66.1494289787865, -17.355179458523395], [-66.14941710247552, -17.355193466180783], [-66.14939867769921, -17.355187062984616], [-66.14938309786814, -17.355173024888966], [-66.149379407752, -17.355192747897863], [-66.14936482473132, -17.35520545274577], [-66.14934650185116, -17.35521069966597], [-66.14934198659635, -17.355229056407126], [-66.14935482900198, -17.355243777856394], [-66.14936253768343, -17.355262128365506], [-66.14934877769461, -17.355276334897187], [-66.14932937812023, -17.355284320598614], [-66.14931360928006, -17.35529466073264], [-66.14932434718666, -17.355311699957557], [-66.14933519586056, -17.355327657165205], [-66.14934906538656, -17.35534284476576], [-66.14934060315136, -17.35536105490472], [-66.14932207313778, -17.355373613145264], [-66.14930171042246, -17.355383075049314], [-66.14928268337916, -17.355391291807805], [-66.14926502178173, -17.355402417634053], [-66.14925072914079, -17.35541458481397], [-66.14924078230023, -17.355431509572508], [-66.14923129712339, -17.355448982714424], [-66.1492277093688, -17.355468165378987], [-66.14922842367953, -17.35548885420914], [-66.14922899046935, -17.35550692224241], [-66.1492295391051, -17.35552616391332], [-66.14923159886585, -17.35554497564208], [-66.14923376520377, -17.355562976193546], [-66.14923715645116, -17.355580813619177], [-66.14924593553528, -17.355596831608977], [-66.14925282047685, -17.35561372557568], [-66.14925169370942, -17.355631859749895], [-66.14925063581428, -17.35565162030183], [-66.14923189171733, -17.355653700705396], [-66.14921804313, -17.35563715889785], [-66.14920614638989, -17.355622089729373], [-66.14919472947179, -17.35560639530717], [-66.14917967692898, -17.35558866242626], [-66.14916861929292, -17.35557405672525], [-66.14915720936317, -17.35555791090268], [-66.14914618245346, -17.35554131904506], [-66.14913543198635, -17.355525092329653], [-66.14912328674895, -17.355507852419393], [-66.14911173489374, -17.35548872467937], [-66.14909988984196, -17.355470315154125], [-66.14908685663563, -17.35545577156678], [-66.14907448987252, -17.35544069568791], [-66.149061372437, -17.355425518799695], [-66.14904755364911, -17.355413131196922], [-66.14903091459777, -17.355400703359155], [-66.14901582717273, -17.35538522746542], [-66.14899953204076, -17.35537488142572], [-66.14899164918654, -17.35539210651369], [-66.14897872756032, -17.355406821623443], [-66.14895812984784, -17.355407159864985], [-66.14894402205981, -17.355395219631692], [-66.14892555539008, -17.35539152478528], [-66.14891889464334, -17.35540876730474], [-66.14891782694167, -17.35542915980883], [-66.148917934231, -17.355439365207822], [-66.14891799811377, -17.3554484863909], [-66.14891402870552, -17.355468024799407], [-66.14890923416534, -17.3554861969399], [-66.14890658786223, -17.35550530272589], [-66.1489180215075, -17.35551991380268], [-66.1489220400603, -17.355539746773047], [-66.14893774880098, -17.355551529249954], [-66.14894461695238, -17.35556950658052], [-66.14894161416697, -17.35558734308527], [-66.1489389552946, -17.355607261389952], [-66.14893186124128, -17.355628200015317], [-66.14893344533937, -17.35564736615583], [-66.14893513042949, -17.355666082238585], [-66.14894190597074, -17.355683967948643], [-66.14894341142316, -17.35570213967026], [-66.14894962849846, -17.355719656213875], [-66.1489622507568, -17.355736451441093], [-66.14897594063488, -17.355751094705855], [-66.14899074605411, -17.35576656658245], [-66.14899591786322, -17.355784790610777], [-66.14900270318935, -17.3558020443615], [-66.1490080686046, -17.355819909952974], [-66.14901154406323, -17.355838380679298], [-66.14901328087554, -17.355844636138514], [-66.14901797334582, -17.355860415235707], [-66.14902359844531, -17.355879729327466], [-66.14902488516134, -17.35589988452279], [-66.14902150075025, -17.35591807678303], [-66.1490207444037, -17.35593657743578], [-66.14902402905253, -17.355955226039434], [-66.14902618140232, -17.355974129388226], [-66.149020146577, -17.355993457732165], [-66.1490101294104, -17.35600884637291], [-66.14900645179384, -17.356027756846977], [-66.14900692035602, -17.35604609437527], [-66.14900811724911, -17.356065977389715], [-66.14900930855568, -17.356086221523334], [-66.14897017854562, -17.35614787976759], [-66.14896418883298, -17.3561703692418], [-66.14895860169165, -17.356191148764477], [-66.14890445646039, -17.35620834590602], [-66.14888499934011, -17.3562078877039], [-66.14886458160838, -17.356214820370628], [-66.14884657040491, -17.356224225462746], [-66.14882944202719, -17.356237345436988], [-66.1488155071685, -17.35625069157346], [-66.14880129447015, -17.356263762845366], [-66.14878435969118, -17.356276524378206], [-66.14876626886371, -17.35629107540873], [-66.14875076237699, -17.356302683420935], [-66.14873291683037, -17.356313535659655], [-66.14871666245583, -17.356324862098464], [-66.14869932089944, -17.35633960441181], [-66.1486838046272, -17.35635184437592], [-66.14867115375348, -17.3563672857133], [-66.14865969985613, -17.356384369523436], [-66.14864880023474, -17.356402093339327], [-66.14863436597068, -17.35641732862725], [-66.14861933509935, -17.35642858221431], [-66.14860132526105, -17.356437896999463], [-66.14858178291425, -17.356442945829667], [-66.14856987906974, -17.356446568558603], [-66.14841468747211, -17.35654043289652], [-66.14825497785881, -17.35661635328127], [-66.14823271666982, -17.35666949299551], [-66.14807809554345, -17.356696091919094], [-66.14799207013769, -17.356719606263038], [-66.14793186757201, -17.356739335344354], [-66.14776036123155, -17.356745104693392], [-66.14766129618687, -17.356784867296728], [-66.14757843855605, -17.356779891985084], [-66.14756177513205, -17.356781189217305], [-66.1475424878284, -17.356781907195558], [-66.14753993954785, -17.356800743440655], [-66.14754425395599, -17.356819677647984], [-66.14753200554806, -17.3568334089478], [-66.14751139931214, -17.35683428869418], [-66.14749059667295, -17.35683570743248], [-66.1474708155609, -17.356837953447403], [-66.14744876285008, -17.356841160328745], [-66.14742813285763, -17.35684357482064], [-66.1474075084548, -17.35684562819168], [-66.14738631720024, -17.35684785406768], [-66.14736382099312, -17.356849338915588], [-66.1473431221454, -17.356850127022522], [-66.14732289194757, -17.35685101211721], [-66.1473035766891, -17.35685353566425], [-66.14728080124881, -17.356854835917098], [-66.14725926330419, -17.356855160538245], [-66.14723689045525, -17.35685475084101], [-66.14721471680612, -17.356853621588307], [-66.14719375969003, -17.356852870899278], [-66.14717421271592, -17.35685214033996], [-66.14715523399161, -17.356851146992618], [-66.14714297577285, -17.356865510221432], [-66.14714032784991, -17.356884706231554], [-66.14714314225762, -17.356903348128423], [-66.14712881862098, -17.356917501269184], [-66.14710840216628, -17.35692434345489], [-66.14708760371326, -17.356925491310303], [-66.14706872075847, -17.356930459093988], [-66.1470491192706, -17.356933249427], [-66.14702912497278, -17.35693711774479], [-66.1470089975304, -17.3569435125479], [-66.14698971477446, -17.35695000970837], [-66.14696997035615, -17.35695595847786], [-66.14695214842112, -17.356965275778382], [-66.14693349856933, -17.35697340736169], [-66.14691517547128, -17.356978654021848], [-66.14689538456156, -17.35698153193376], [-66.14687679061556, -17.356986052326352], [-66.14687931877425, -17.35700496103513], [-66.14686142238965, -17.357013013069192], [-66.14684279629176, -17.3570196098892], [-66.14682419990531, -17.357030360911885], [-66.1468085178113, -17.357041153544163], [-66.1467876424702, -17.357047266744758], [-66.14676522068477, -17.357050016777734], [-66.14674695943651, -17.357057341193922], [-66.14672756971675, -17.357058599423976], [-66.14670958769948, -17.357066108422668], [-66.1466931814773, -17.35707508471344], [-66.14667543256165, -17.35708575752181], [-66.146656412242, -17.35709352258763], [-66.14663489979345, -17.357098272179893], [-66.1466161251553, -17.357108388538176], [-66.14659882251641, -17.357120602803747], [-66.14658146500666, -17.357130287896382], [-66.14656340294752, -17.357136892741586], [-66.14654374691904, -17.357143203924647], [-66.14652080195386, -17.35714937784009], [-66.14650049344819, -17.357155318502944], [-66.14647899916402, -17.357158894442094], [-66.14645944692667, -17.35716457500145], [-66.14644001840131, -17.35717441110454], [-66.14641994998091, -17.357183064173334], [-66.14639885549708, -17.35718511072029], [-66.14638000012197, -17.35718222276618], [-66.14635814377618, -17.357184890525637], [-66.14633890745775, -17.357194458464097], [-66.14631841232287, -17.35720030614214], [-66.14629630224843, -17.35720721434915], [-66.14627736578778, -17.357209562600335], [-66.14625744309578, -17.357214876649596], [-66.14623836648877, -17.357220202780027], [-66.1462190948715, -17.35722597762111], [-66.14619880872145, -17.35723047377751], [-66.14617853515358, -17.357234157415643], [-66.14615766816773, -17.35723972886657], [-66.14613717442292, -17.357245486244825], [-66.14611529430204, -17.35724968872852], [-66.14609398243222, -17.357253628426992], [-66.14607129677047, -17.35725520071454], [-66.14605012504857, -17.357256162525537], [-66.1460313133526, -17.357256525944734], [-66.14601070848462, -17.357257315248553], [-66.14599063551576, -17.357260189036076], [-66.1459699970911, -17.357263145044712], [-66.1459460990928, -17.357264067905493], [-66.14592541839234, -17.35726368222355], [-66.14590642287281, -17.357263772106716], [-66.14588415519694, -17.35726264135741], [-66.1458624977212, -17.357258539437566], [-66.14581857289892, -17.357259356830653], [-66.14579606234902, -17.357255694216402], [-66.14577432764756, -17.357250507590223], [-66.14575418551621, -17.357245704907957], [-66.14573454139999, -17.357239103347418], [-66.1457161826555, -17.357234506734468], [-66.14569792910831, -17.35722918922662], [-66.14567997576928, -17.35722270211201], [-66.14566015514733, -17.35722142569382], [-66.14564721615604, -17.357206883248573], [-66.14562838629166, -17.357208420264158], [-66.145609105957, -17.357208686650242], [-66.14559057382138, -17.357215284686642], [-66.14557312505008, -17.357224787780456], [-66.14555544179422, -17.357231217340292], [-66.14553308463243, -17.357235864441428], [-66.14551201112381, -17.357236556699633], [-66.1454920825104, -17.357236181716843], [-66.14546833446947, -17.357233494683264], [-66.1454479833571, -17.357230043478186], [-66.14542622490055, -17.35722639156752], [-66.1454050979406, -17.35722446436602], [-66.14538327375764, -17.35722505558738], [-66.14536373408262, -17.35722992351785], [-66.14534279296552, -17.357240279693332], [-66.14532163554804, -17.35724638870094], [-66.14530149405296, -17.35725368611289], [-66.14528415326161, -17.357262287726808], [-66.14526570952876, -17.357269248191503], [-66.14524578821542, -17.357274471855], [-66.14522639319698, -17.357282141120915], [-66.14520841531241, -17.35728937913352], [-66.14519231232671, -17.35730305519254], [-66.14517755064637, -17.3573151250226], [-66.14516249434821, -17.357328003337283], [-66.14516042704884, -17.357346123993924], [-66.14516267999119, -17.35736457727197], [-66.14516098453319, -17.35738297413939], [-66.14515311381534, -17.357399386492048], [-66.14514167772603, -17.357415296408142], [-66.14512499248427, -17.357430138033703], [-66.14510784418519, -17.357444521544362], [-66.14508911450456, -17.357457798865894], [-66.14507131372785, -17.357471811852633], [-66.14505674144351, -17.35748379407728], [-66.14504065661194, -17.357496296486563], [-66.14502627374162, -17.357508191115258], [-66.14500973704097, -17.35751951317241], [-66.1449938374251, -17.357532198822277], [-66.14497717733802, -17.35754541540165], [-66.14496004859929, -17.357558534983706], [-66.14494206258185, -17.357572364710567], [-66.14492370192204, -17.35758609878297], [-66.14490798332035, -17.357599238507976], [-66.14489002946667, -17.357610991801415], [-66.14487358675885, -17.35762231518785], [-66.14485815157839, -17.35763536865825], [-66.14483917480254, -17.35764638493446], [-66.14482310393095, -17.357657984527265], [-66.14480890066126, -17.357670423499485], [-66.14479570771618, -17.3576844119974], [-66.14477855068728, -17.357693287082572], [-66.1447607389209, -17.35768373172577], [-66.14474788559994, -17.357669732248457], [-66.14472743514811, -17.357672690805433], [-66.14470913461483, -17.357682542838134], [-66.1446916085388, -17.357690961144655], [-66.14467256851474, -17.35769998991164], [-66.14465667305895, -17.357712404690428], [-66.14463985149331, -17.357723903239435], [-66.14462498594312, -17.357736603630556], [-66.14460740809933, -17.357748362267365], [-66.14459232500727, -17.357759930803997], [-66.14456742042181, -17.357780298630836], [-66.14454625733096, -17.35778676866076], [-66.14452482200254, -17.357792602701902], [-66.14450783618521, -17.3578025638003], [-66.1444894063667, -17.357808621386415], [-66.1444708083916, -17.357819462436552], [-66.14445348989922, -17.357826619493586], [-66.144434814422, -17.3578303257787], [-66.14441436787286, -17.357826963397454], [-66.14439635131114, -17.357818488675125], [-66.14437781153991, -17.357813437851604], [-66.14436049164676, -17.357820685179536], [-66.14434350779639, -17.357812315511005], [-66.1443334565757, -17.357829870548485], [-66.14432853251604, -17.35785029814151], [-66.14432157241951, -17.357868619749866], [-66.14431345062714, -17.357889091940983], [-66.14430705318644, -17.357907511889042], [-66.14429973663286, -17.35792456420998], [-66.14428765496116, -17.357939652141205], [-66.14427190410878, -17.35795486823092], [-66.14426286459374, -17.35797388251226], [-66.14425027788909, -17.35799122070742], [-66.14423819760766, -17.358006218354916], [-66.14422703923354, -17.358022403069576], [-66.14420670400672, -17.358030058782084], [-66.14418706295696, -17.35802932656998], [-66.1441665282486, -17.35803165176279], [-66.14416528173732, -17.358051409514236], [-66.14417724416914, -17.3580682858741], [-66.1441890563602, -17.358082722002564], [-66.14419206407752, -17.35810100546758], [-66.14419071096519, -17.358121574390353], [-66.14418608009997, -17.358141283771563], [-66.14418615392354, -17.358160789495745], [-66.14419121866439, -17.35817982475581], [-66.14419136970794, -17.358200415176388], [-66.14418760731486, -17.358218692179552], [-66.14416739545635, -17.358224453360837], [-66.1441480755932, -17.3582211973498], [-66.14413081468358, -17.358230702979018], [-66.14411912020863, -17.358245074034166], [-66.14411390148511, -17.35826631009953], [-66.14411068215371, -17.358285949352673], [-66.14410633889985, -17.358305301643348], [-66.14410172340939, -17.35832401794701], [-66.14409685833272, -17.358346703856096], [-66.14409267511066, -17.35836786442106], [-66.14408524211593, -17.358386359854354], [-66.14407605930985, -17.35840248249283], [-66.14407453634708, -17.358421875092635], [-66.14406886435117, -17.358442021083878], [-66.1440605122386, -17.358459148887523], [-66.14405103620194, -17.358475989727832], [-66.14404831069396, -17.35849410094716], [-66.14405184047999, -17.35851510085637], [-66.14404917959673, -17.358535109286322], [-66.14404474091727, -17.358554550509083], [-66.14404017884213, -17.35857588625486], [-66.14403526731127, -17.358595501317172], [-66.14402757605555, -17.358612457965094], [-66.14402011645474, -17.35863266870135], [-66.1440139534034, -17.358654162160796], [-66.14400668741608, -17.358674014465997], [-66.14399771805064, -17.358694564818073], [-66.14398932953512, -17.358714039879484], [-66.14398294881335, -17.358731376454333], [-66.14397267169552, -17.358751366315385], [-66.14396357727, -17.35876785140532], [-66.14395210320328, -17.358786198766797], [-66.14394271414946, -17.358803492338208], [-66.1439328718348, -17.358819695837436], [-66.1439235851833, -17.358836449074953], [-66.14391418912703, -17.358854194041008], [-66.14390360032252, -17.358870025670022], [-66.14388968337654, -17.358888247807364], [-66.14387655209404, -17.358904313989157], [-66.14386312198607, -17.358921459490595], [-66.14384742163637, -17.358939475532093], [-66.14383231893022, -17.358955332930314], [-66.14381941763999, -17.35896869341372], [-66.14380465853355, -17.358980582548895], [-66.14378753797384, -17.35899316032062], [-66.14376861162518, -17.359006976467644], [-66.1437508022014, -17.35902153097405], [-66.1437310437494, -17.359034432228032], [-66.14371238682831, -17.359049064914313], [-66.14369365688609, -17.359062342064227], [-66.14367466870156, -17.359074080431245], [-66.14365390411587, -17.359085161305675], [-66.14363401500992, -17.35909435840696], [-66.1436001286517, -17.35911482341867], [-66.14358048798272, -17.359126191249807], [-66.14355891508139, -17.359134822474594], [-66.14353945379096, -17.359140684605446], [-66.14351668814346, -17.359147402487018], [-66.14349636536295, -17.359154245589774], [-66.14347794937935, -17.359159400263657], [-66.14345661627632, -17.359164693828944], [-66.14343305211796, -17.359168330106503], [-66.14341336057653, -17.35917084785667], [-66.14339176083632, -17.359175144309773], [-66.14337203150414, -17.3591800995974], [-66.14335045135759, -17.35918313213523], [-66.14333103764667, -17.359185924747127], [-66.14330879802765, -17.359189038150824], [-66.14323308474258, -17.359190213104903], [-66.14320441931214, -17.359171111286567], [-66.14318978404356, -17.359156815335773], [-66.14318339345773, -17.359138393199935], [-66.1431839946251, -17.359117813550085], [-66.14318083538208, -17.359097180133396], [-66.14317766914081, -17.359076998113263], [-66.14317584283828, -17.35905530016328], [-66.1431749244444, -17.3590356920791], [-66.14317102011931, -17.359014596512576], [-66.14316641713155, -17.358996109636827], [-66.14316081082625, -17.358975621830425], [-66.14315282767281, -17.358956815726543], [-66.14314613686773, -17.35893956318923], [-66.14313928463817, -17.35892059265666], [-66.14312807155017, -17.358903907553735], [-66.14311560973735, -17.358888920282833], [-66.14310274949015, -17.358875372103558], [-66.14308868810944, -17.35886045225961], [-66.14307479515469, -17.358846799013623], [-66.14306102840649, -17.358831070687224], [-66.14305813581032, -17.35881143437575], [-66.14306920592468, -17.358794887288298], [-66.14308178439734, -17.35877809086909], [-66.14309827349773, -17.358763788445753], [-66.14311633417196, -17.35875122417846], [-66.14312806374724, -17.35873459621626], [-66.1431409102432, -17.358718706617438], [-66.1431523675817, -17.35870144266548], [-66.14316175669715, -17.358684149141258], [-66.14316115672243, -17.35866219782723], [-66.14315720061143, -17.358644442595647], [-66.14315268883905, -17.358626137623315], [-66.14314546477442, -17.358606890877535], [-66.14313598867048, -17.358587341034088], [-66.14312637096847, -17.358570859342798], [-66.14311356252803, -17.358553970832578], [-66.14310225125055, -17.35853755522505], [-66.14309173264627, -17.358518532270608], [-66.14308437398907, -17.358501902279713], [-66.14307415561437, -17.358481709726387], [-66.1430646193348, -17.358466041891518], [-66.14305565971368, -17.35844956960776], [-66.14304713072302, -17.358429581807677], [-66.14304065315464, -17.3584107069312], [-66.14303606558293, -17.35839122698327], [-66.14303293855018, -17.358368517143216], [-66.14303248741321, -17.35834909633947], [-66.14303842894543, -17.35832976694004], [-66.14305203589137, -17.358313346420967], [-66.14306684536669, -17.35829820728501], [-66.14308106978511, -17.358284414272262], [-66.14309577684772, -17.35826981546513], [-66.14310925898104, -17.35825537974135], [-66.14312443188904, -17.358241058490034], [-66.14313214419651, -17.358222747696633], [-66.14313602029652, -17.358203208162536], [-66.1431409724928, -17.358180975034124], [-66.14314729844288, -17.3581611093293], [-66.14315054446375, -17.35813975479928], [-66.14313753682782, -17.358123585840325], [-66.14312754450398, -17.358107008496194], [-66.1431261840485, -17.35808558810474], [-66.14311933743754, -17.35806625645779], [-66.1431082295983, -17.35804885047003], [-66.1430905399141, -17.35803749073001], [-66.14306997815318, -17.35802943099893], [-66.14305780822043, -17.35801381580994], [-66.14306159171018, -17.35799418465398], [-66.14306601786997, -17.357975555979195], [-66.14307250664233, -17.357957317992394], [-66.1430828470094, -17.35793931567315], [-66.14309673594639, -17.357922899178018], [-66.14311189202785, -17.35790966127513], [-66.14312730354281, -17.35789814271005], [-66.14314629162067, -17.357886404381233], [-66.14316835425632, -17.357882566049856], [-66.14318854229734, -17.357878339717125], [-66.14320905295506, -17.35787149931408], [-66.14322619885944, -17.357863346612145], [-66.14324427062526, -17.357850060083422], [-66.1432626022625, -17.35784427211291], [-66.143286228067, -17.357842713599236], [-66.14330554902287, -17.357839829347316], [-66.14329775250417, -17.357821116219792], [-66.14329033762341, -17.35780204735094], [-66.14329470193324, -17.35778134089809], [-66.14330603858542, -17.357765790888465], [-66.14332007772104, -17.357751814602672], [-66.14333460229716, -17.357736851962883], [-66.14333445554028, -17.357715990716947], [-66.14332467642407, -17.35769779104273], [-66.14333731520603, -17.357683162639383], [-66.14335859774945, -17.357681119117526], [-66.14337383800559, -17.3576685144881], [-66.14338752908, -17.357652727232953], [-66.14340121735303, -17.357637120535177], [-66.14341636499259, -17.357624424278193], [-66.14342734937681, -17.35760733413393], [-66.14343283198129, -17.357587275757457], [-66.14344203577889, -17.357569798959585], [-66.1434545145124, -17.35755336227124], [-66.143449688257, -17.35753107963663], [-66.14344377052058, -17.357512483671915], [-66.1434420255868, -17.357491599577102], [-66.14344375480393, -17.35747103604558], [-66.14344500557647, -17.357451007470413], [-66.14344557029348, -17.357432775074596], [-66.1434450404839, -17.357412359847423], [-66.1434458589929, -17.357389887010147], [-66.14344862091069, -17.357369428540633], [-66.14345515579757, -17.357348211313294], [-66.14346119264711, -17.357328792952888], [-66.14346480064546, -17.35730834657779], [-66.14346622543626, -17.357289223482976], [-66.1434719858514, -17.357269439972594], [-66.14348156426277, -17.357252058824464], [-66.14349169553282, -17.357235407973693], [-66.14349659306608, -17.35721669571911], [-66.14350234927642, -17.35719718304497], [-66.14350547882253, -17.357177271624582], [-66.14349681802383, -17.3571597200416], [-66.14348169182672, -17.35714677160074], [-66.14346873179451, -17.357127533170136], [-66.14346340610635, -17.35710713968332], [-66.14347282307777, -17.357088040538823], [-66.14349222511741, -17.357079920054197], [-66.14351149676233, -17.357074145486738], [-66.14353135205299, -17.357067115069395], [-66.1435510291195, -17.35705945000667], [-66.14357203655997, -17.357056951022674], [-66.14359482203301, -17.357061069306106], [-66.1436118696371, -17.35705318605111], [-66.14362477778045, -17.35703937416457], [-66.14363307781561, -17.357019536648846], [-66.14363777471351, -17.357001634214157], [-66.14364584614655, -17.356984412111355], [-66.1436482012077, -17.35696593440505], [-66.14364766857003, -17.356945699733203], [-66.1436442286441, -17.356924972007043], [-66.14362588591496, -17.356931482263203], [-66.14361538003968, -17.35694803747089], [-66.1436036842274, -17.356962498782853], [-66.14358498250213, -17.35697397036783], [-66.14356597445271, -17.356974872546626], [-66.14354815023592, -17.356966129614644], [-66.14353861117165, -17.35695064236468], [-66.14352191506882, -17.356941915556956], [-66.14350031115033, -17.356940432838982], [-66.14347959694626, -17.356942213614047], [-66.14346079676059, -17.356947904620416], [-66.14344214960714, -17.35695585529633], [-66.1434212406343, -17.356964134834108], [-66.14340461969712, -17.356974823452127], [-66.1433900459687, -17.356986895824754], [-66.14337209770358, -17.356998287859398], [-66.14335999224696, -17.357014910482242], [-66.14335146473574, -17.357031223056232], [-66.14333861000001, -17.35704765436696], [-66.14332987767298, -17.35706504760366], [-66.14332639586631, -17.357083418894412], [-66.14332769313575, -17.35710285179931], [-66.14332793671063, -17.357123533831466], [-66.14333066231205, -17.357141813264274], [-66.14333611838104, -17.35715986083371], [-66.14334782244718, -17.357175198444317], [-66.14336223039311, -17.35719201949829], [-66.14336687561399, -17.357213848048225], [-66.14336678093989, -17.35723208716283], [-66.14336729814819, -17.357253314903243], [-66.14336645419777, -17.357271362707543], [-66.14336347906497, -17.357293443515186], [-66.1433585465284, -17.35731441274756], [-66.1433483718578, -17.357333862248517], [-66.14333381093277, -17.357351172157426], [-66.14331836729085, -17.35736476717233], [-66.14330040194564, -17.357371192486756], [-66.14328124806605, -17.35737543362348], [-66.14325948151672, -17.357378373215496], [-66.14323734732687, -17.357380765752993], [-66.14321818201014, -17.357379679058983], [-66.14319819020348, -17.357377316356303], [-66.1431773593112, -17.3573744901587], [-66.14315809298908, -17.357373853511636], [-66.14313788937297, -17.35737302286347], [-66.1431150828869, -17.357370258713587], [-66.14309591897346, -17.357369081728777], [-66.14308325080823, -17.357385605983236], [-66.14306938571211, -17.357400487735614], [-66.14305610006598, -17.357414384478847], [-66.14304341509808, -17.357431992081484], [-66.14303513877164, -17.357450294811592], [-66.14302424417656, -17.357467657112576], [-66.14300894373392, -17.35748414372477], [-66.14299455678885, -17.357502359083597], [-66.14298360456874, -17.357517372775124], [-66.14297034153246, -17.357535875099085], [-66.14295741371019, -17.357550950840626], [-66.14294001822293, -17.357563073123224], [-66.14292202905429, -17.357571033146822], [-66.14290166165348, -17.35758076514988], [-66.14288179486525, -17.357582467669754], [-66.14285965902609, -17.35757890038318], [-66.14284082191722, -17.35757483846611], [-66.14282005120444, -17.357568130219125], [-66.14280174433559, -17.357560193010194], [-66.142784646769, -17.35754703573181], [-66.14276433631073, -17.357540966155998], [-66.14274522160309, -17.35754267941672], [-66.14272439630624, -17.357539492052993], [-66.14270348400011, -17.357535851946487], [-66.14270231831338, -17.357544323412196], [-66.14272507367998, -17.35756857811447], [-66.1427338410205, -17.357585318553024], [-66.14274285959502, -17.357604049168515], [-66.14274420019119, -17.357620683409916], [-66.14274516777137, -17.35764318177218], [-66.14275675540071, -17.357659962538424], [-66.14276378718266, -17.35767947743778], [-66.14276447273592, -17.35770197176746], [-66.14275787454024, -17.35772120146938], [-66.14274471107449, -17.357739343999636], [-66.14273048248384, -17.3577534078294], [-66.14271571643069, -17.357765748285683], [-66.14270503220135, -17.35778166878164], [-66.14271039280585, -17.35779980529595], [-66.1427092219568, -17.357820737990945], [-66.14271176507494, -17.357838653617854], [-66.14271171814049, -17.357859873282205], [-66.14270070008084, -17.357879130077468], [-66.14268528994604, -17.35789055832664], [-66.1426657249706, -17.357897050998783], [-66.14264174994238, -17.357902938809467], [-66.14262040018227, -17.35790931565508], [-66.14260087860045, -17.357913009662745], [-66.14257920879655, -17.357915769955277], [-66.14256053050035, -17.357919656616588], [-66.1425403200514, -17.35792532735128], [-66.14252093727525, -17.35792613375846], [-66.14250006714515, -17.35792583530211], [-66.14247789768075, -17.357924434670643], [-66.14245789463754, -17.357922794120704], [-66.14244171896672, -17.357910823886623], [-66.1424458771548, -17.35789128840848], [-66.14245853981298, -17.357875125325798], [-66.14244656636514, -17.357858971121694], [-66.14242714999745, -17.357861944222993], [-66.14241249192712, -17.357873383204293], [-66.142397715207, -17.35786215536831], [-66.14238349813671, -17.357845156381305], [-66.14235899622948, -17.357830448387467], [-66.14235879042728, -17.35784371943795], [-66.14239867056024, -17.35789756634849], [-66.14237053831567, -17.35791079921292], [-66.14235729136571, -17.357910067967723], [-66.14234454023334, -17.35788342792044], [-66.14231729664802, -17.35786967400331], [-66.14228909238322, -17.3578693609352], [-66.14228826635114, -17.35792262569205], [-66.14232981858412, -17.35792321995771], [-66.14234331899273, -17.35795005132027], [-66.14234290598286, -17.35797668369979], [-66.142327450813, -17.35798495079849], [-66.14224506342302, -17.358028470647408], [-66.14210504828013, -17.35811965692995], [-66.14204813758089, -17.35821203176925], [-66.141990607915, -17.358344309999072], [-66.14198895562744, -17.35845083947956], [-66.14199874113116, -17.35871718163247], [-66.14194079812555, -17.35887609218155], [-66.14179706690265, -17.359206788843025], [-66.1418006481204, -17.359266889061633], [-66.14180799595555, -17.359393322797878], [-66.1417649981534, -17.359485896502925], [-66.14169509352995, -17.35952480872606], [-66.1416535409592, -17.359524214275453], [-66.1416086206493, -17.359516437998156], [-66.14158859924994, -17.35951597096634], [-66.14156716786981, -17.359521533807946], [-66.14154756470172, -17.35952441382625], [-66.14152676460924, -17.359525651332657], [-66.14150542566523, -17.35952525574182], [-66.14149020753918, -17.359536415718345], [-66.14149991492735, -17.35955316965551], [-66.14150424692016, -17.359570930277897], [-66.14151310961837, -17.35958758183069], [-66.14152691267846, -17.35960096299323], [-66.14153634504444, -17.359617261498684], [-66.14154577040911, -17.359634011399795], [-66.14155510036436, -17.359650850234882], [-66.14156205625147, -17.359669190191394], [-66.14156608381121, -17.359688391245427], [-66.14157671030856, -17.359706512818217], [-66.14158507775626, -17.359724782669865], [-66.14158983079179, -17.359745709787962], [-66.14159169891552, -17.35976469934938], [-66.14159884983268, -17.359782590599647], [-66.14160654100446, -17.359802024665633], [-66.14161592716746, -17.35982130238248], [-66.14162608222271, -17.35983950750865], [-66.1416298025489, -17.359860329552994], [-66.14162592483011, -17.359879959305555], [-66.14161234844649, -17.359894393547506], [-66.14159909908308, -17.359911992939267], [-66.14158263357852, -17.359924760459066], [-66.14156240187637, -17.35993178524451], [-66.14154389754826, -17.359942627307948], [-66.14152643993961, -17.35995267165195], [-66.1415105384902, -17.359965447234547], [-66.1414941571815, -17.359978848044573], [-66.14147756543923, -17.359993690629462], [-66.1414598397973, -17.360002828139585], [-66.14144062959377, -17.360010680218668], [-66.14141803484209, -17.36001243382438], [-66.14139937996458, -17.360008735546923], [-66.14137711050141, -17.36000164448065], [-66.14136004012765, -17.36001097195497], [-66.14136050086843, -17.360029760780257], [-66.14135935222357, -17.360049248972107], [-66.14135069393636, -17.360067907322478], [-66.14133347491668, -17.360080754335268], [-66.14131668376368, -17.360090266398057], [-66.14129656721974, -17.36010198835835], [-66.14127939721932, -17.360111675595196], [-66.14126140633519, -17.360119725699278], [-66.14124123919801, -17.360128647654292], [-66.14122303787747, -17.360138139530406], [-66.14120325938637, -17.360146254349402], [-66.14118525869087, -17.36015493639959], [-66.14116567662282, -17.36016251222987], [-66.1411469672644, -17.360168384861236], [-66.14112466168729, -17.360175741117725], [-66.14110614875301, -17.360181074760487], [-66.14108604183971, -17.360186114694944], [-66.14106842838548, -17.36019407988108], [-66.14104763677952, -17.360200825698055], [-66.14102668516847, -17.36020576323953], [-66.14100433600503, -17.360209868087342], [-66.14098450971831, -17.360215002325646], [-66.14096252258703, -17.360220015340847], [-66.14094222624549, -17.360225142848115], [-66.1409190141724, -17.36023031892741], [-66.14089957793428, -17.360234555746683], [-66.14087901917165, -17.360238415303407], [-66.14085741648475, -17.360242892012856], [-66.1408386453241, -17.36024668684765], [-66.1408193057509, -17.360244694399874], [-66.1408037291161, -17.360230475115518], [-66.14078334436486, -17.36023524014399], [-66.1407691786118, -17.360251291266174], [-66.14075096325053, -17.360261685884822], [-66.14072744111844, -17.360268663486217], [-66.14070874589308, -17.36027968332704], [-66.14068958047159, -17.360284646393435], [-66.14066923494248, -17.360286883594124], [-66.1406476518631, -17.360290096371877], [-66.14063069099446, -17.360304482094485], [-66.14061413698964, -17.360316887057035], [-66.14059689968839, -17.3603309076232], [-66.14057948977535, -17.360343932426492], [-66.14055957519844, -17.360354754201307], [-66.1405414370144, -17.360366233492048], [-66.14052174968631, -17.360374530138962], [-66.14049974278069, -17.360374756961413], [-66.14048070905476, -17.360371233771545], [-66.14046824526673, -17.360386677132833], [-66.14046306526951, -17.36040538521361], [-66.14044559075492, -17.360416512796466], [-66.14042619665982, -17.36042409123653], [-66.14040396963165, -17.3604324418189], [-66.14038610072298, -17.360438687597647], [-66.14036635720412, -17.360444545346425], [-66.14034764780203, -17.36045041789472], [-66.14032893559653, -17.360456470999207], [-66.14031095725954, -17.36046370849465], [-66.14029233766142, -17.360469853220014], [-66.14027171721337, -17.36047768498726], [-66.14025046811561, -17.360483611472187], [-66.14022967505753, -17.360490447473584], [-66.14020737502416, -17.36049744249993], [-66.14018669559258, -17.360503015935226], [-66.14016951289629, -17.360513515573626], [-66.14015172817615, -17.3605203946281], [-66.14013321799445, -17.360525547613058], [-66.14011035108761, -17.360532715111216], [-66.14008957904117, -17.360538196910642], [-66.14006638233407, -17.36054237981171], [-66.1400441173253, -17.36054711784175], [-66.14002534472665, -17.360551002871944], [-66.14000165834433, -17.36055644294284], [-66.13998014541913, -17.36056119173144], [-66.13995572376625, -17.360565537681712], [-66.13993512712246, -17.360571834666743], [-66.13991688635168, -17.36057780417872], [-66.13989495253362, -17.360585436503307], [-66.1398769937929, -17.36059141004871], [-66.139856377524, -17.36059897093124], [-66.1398379375156, -17.36060565997576], [-66.13981648355634, -17.360612667066803], [-66.13979741350056, -17.360617541105544], [-66.13977901833748, -17.36062134121519], [-66.13976013349878, -17.3606263984999], [-66.13973868794457, -17.36063286390764], [-66.1397147377362, -17.36063712627664], [-66.13969249233462, -17.360640600358117], [-66.1396723319879, -17.360643020699385], [-66.13965366179708, -17.360646365363827], [-66.13963170263133, -17.360649572638984], [-66.13961294263375, -17.36065264511641], [-66.13959315412406, -17.36065534167022], [-66.13957433515557, -17.36065615582262], [-66.13954954295022, -17.36065408518042], [-66.13952878900275, -17.360652343250457], [-66.13950499307278, -17.360652724942017], [-66.13948471348456, -17.360656768939798], [-66.13946109856784, -17.36065760471308], [-66.13944004576986, -17.36065694208383], [-66.13941825069838, -17.360655636730947], [-66.13939792606193, -17.36065046956992], [-66.13937725902518, -17.36064313032685], [-66.13935656264928, -17.36064373697926], [-66.13933842147833, -17.360649346664623], [-66.13931640895214, -17.36064993446743], [-66.1392974271973, -17.360649120879636], [-66.13927636178775, -17.360649270744208], [-66.13925610042168, -17.36065214109126], [-66.13923338916953, -17.3606553375524], [-66.13921382652993, -17.360655599227524], [-66.1391918770861, -17.36065212446237], [-66.13917157488912, -17.36064551281563], [-66.13915371557027, -17.360639026446698], [-66.13913557422083, -17.36063253603779], [-66.13911676077961, -17.36062693899378], [-66.13909416448267, -17.360622732563478], [-66.13907457793091, -17.360618478930725], [-66.13905163783706, -17.360612190694773], [-66.13903128938945, -17.360608558241033], [-66.13901134510745, -17.360609175627914], [-66.13899260473966, -17.36061098414061], [-66.13897011656205, -17.360611926290307], [-66.13894762558078, -17.360613048995354], [-66.13892672296751, -17.360614826537386], [-66.13890395275827, -17.36061576464065], [-66.1388843831178, -17.3606164776788], [-66.13886418204012, -17.360615465990698], [-66.13884417319024, -17.360614186156365], [-66.1388231218118, -17.36061343318411], [-66.13880357320242, -17.360612792030093], [-66.13878063880782, -17.360612192684442], [-66.13876041810467, -17.360612444891224], [-66.13873905945974, -17.36061331289208], [-66.13871898752139, -17.360616095597752], [-66.13869620329426, -17.36061793646653], [-66.13867625621133, -17.36061873437748], [-66.13865403745018, -17.3606204930408], [-66.13863252170147, -17.36062542223571], [-66.13861088670367, -17.360631975102482], [-66.13858917592135, -17.36063735299412], [-66.13856758438676, -17.360641107208945], [-66.13855213579296, -17.360642872526114], [-66.1385367559714, -17.36064626420921], [-66.1384977051616, -17.360654102706725], [-66.13845647240879, -17.36065712409711], [-66.13842793816936, -17.360665925899145], [-66.13840640138007, -17.360672209251728], [-66.13838094290956, -17.360688820815135], [-66.13835796370564, -17.360697160378624], [-66.13833670613889, -17.360703628320266], [-66.13831683483234, -17.360705601166064], [-66.13829617217732, -17.36071009104653], [-66.1382706293805, -17.360713969228108], [-66.13824039586574, -17.360717148123253], [-66.13821524868541, -17.36071371774627], [-66.1381979675513, -17.360712386619472], [-66.13817417864763, -17.36071231675625], [-66.13815171296035, -17.3607178643816], [-66.1381316087028, -17.36071667340715], [-66.13810868693092, -17.36071526147264], [-66.13808946803637, -17.360711554805153], [-66.13806281523769, -17.36070214310913], [-66.13803603898171, -17.36069462591986], [-66.13800821183332, -17.360694227292004], [-66.13797804709098, -17.360699032513814], [-66.13797524379815, -17.36072210889247], [-66.13797086045624, -17.36073188868723], [-66.13796719554111, -17.360743845948935], [-66.13796141606235, -17.36075270275333], [-66.13795507527543, -17.360755320887474], [-66.13794555355253, -17.36075690016403], [-66.13793680635371, -17.360757045752123], [-66.13792734778778, -17.360760612509846], [-66.13791703746865, -17.36075847823011], [-66.13789886391335, -17.360754064127633], [-66.13789158297287, -17.360750618760417], [-66.1378827782279, -17.360748415748667], [-66.13787212837745, -17.360749978860248], [-66.13787336458631, -17.360755143611115], [-66.13787683045005, -17.360768106014863], [-66.13788394865972, -17.36077597370073], [-66.13789174887874, -17.360794416135818], [-66.13789896390553, -17.360802104610414], [-66.13791038561882, -17.36081743846219], [-66.13791913571903, -17.360829212380946], [-66.13793108784117, -17.360846721005704], [-66.13793846148909, -17.36086235806093], [-66.13794281983013, -17.36088445344552], [-66.13793891925128, -17.3609055275257], [-66.13793134514621, -17.360914900412745], [-66.13792246054618, -17.360929943360436], [-66.13791396175868, -17.3609383097111], [-66.13791425084933, -17.360943912388503], [-66.13791184733302, -17.36095335934752], [-66.13790938486714, -17.360960547987805], [-66.13790280140006, -17.360972734332954], [-66.13789622494433, -17.36098446928337], [-66.13789465910844, -17.36099447003635], [-66.13789961928556, -17.36100203590989], [-66.13790472826095, -17.361018182316766], [-66.13790749248601, -17.361021833875558], [-66.1379084382493, -17.361027536259353], [-66.13790938401263, -17.36103323864315], [-66.13790290016286, -17.361045065219137], [-66.13789730167876, -17.36105437610756], [-66.1378848838816, -17.361060790033847], [-66.13787673307918, -17.36107096734634], [-66.13786472077594, -17.361075490802058], [-66.13785626265086, -17.36108123906157], [-66.13784972405499, -17.361090536479875], [-66.13784268318953, -17.361107953608677], [-66.1378189447744, -17.361110683687286], [-66.13781837114361, -17.361147607743465], [-66.13781961028236, -17.361170742029472], [-66.13780133599685, -17.361215178206074], [-66.13776245632437, -17.36123620263804], [-66.13771670922101, -17.361190849240426], [-66.13767232048079, -17.361160956417066], [-66.13763997524771, -17.361179004280963], [-66.13763961617875, -17.361202115666888], [-66.13766928603428, -17.361253379065474], [-66.13766706786079, -17.36128720939061], [-66.13762076263168, -17.361295937044343], [-66.13761809248959, -17.361304386888445], [-66.13759135695508, -17.361312401632134], [-66.13754985459487, -17.361302506201636], [-66.13749169273434, -17.3613057363052], [-66.13744844345325, -17.36129328745401], [-66.1374404453121, -17.361251274147733], [-66.13741258016452, -17.361241212895433], [-66.1374042160308, -17.361246962479537], [-66.13739034593478, -17.361250014500953], [-66.13736587788637, -17.36125733931284], [-66.13734268528285, -17.361261251038012], [-66.13732332608281, -17.361266572173335], [-66.13730461791974, -17.361266304102102], [-66.1372836759409, -17.36126455923744], [-66.13726205624752, -17.361264068844324], [-66.13724732038973, -17.361262322606663], [-66.13722451502953, -17.361259467447663], [-66.13720508564425, -17.361257202456198], [-66.13718742701415, -17.361249906097996], [-66.13717524069494, -17.36125352402548], [-66.13715966717898, -17.36125727401191], [-66.13714450197179, -17.361258952973063], [-66.13712514978369, -17.361263822694294], [-66.13710437478831, -17.361263434687586], [-66.13707856108569, -17.361260536402114], [-66.13706065411561, -17.361257119327597], [-66.13703562054485, -17.3612463762114], [-66.13701100372042, -17.361239070423085], [-66.13699687682873, -17.361234443329355], [-66.13698344871285, -17.36123325760704], [-66.13695480627642, -17.361230860561882], [-66.13691694797531, -17.36122851203753], [-66.1368926735429, -17.36122942834209], [-66.13685334334079, -17.361224981837083], [-66.13683576331937, -17.361224729890264], [-66.13682191146117, -17.361226608246813], [-66.13680394697869, -17.361226892580596], [-66.1367930880251, -17.361223757090336], [-66.13677588544378, -17.36121737022305], [-66.13675833488826, -17.361215222415122], [-66.13675318814624, -17.361213613571586], [-66.13674513689105, -17.361211331008487], [-66.13673758655732, -17.36120706904873], [-66.13670261875255, -17.36120629699211], [-66.13667150117814, -17.361199800983453], [-66.1366596754629, -17.361198367309296], [-66.1366454026615, -17.361197079159613], [-66.13662961586373, -17.361190351376734], [-66.13661937991202, -17.361183432253842], [-66.13660300940658, -17.361171910262502], [-66.1365904021412, -17.36116631163446], [-66.13649461220321, -17.361146337119074], [-66.13638587264218, -17.361154891984555], [-66.13630487608535, -17.361151112322634], [-66.13623088690025, -17.361113932199704], [-66.13618568606566, -17.361075810242635], [-66.13615520001684, -17.36104078877424], [-66.1360967647809, -17.360995072583798], [-66.13602219622322, -17.360952827356265], [-66.13591053145794, -17.360895512189057], [-66.13577371088708, -17.360926058277563], [-66.13568174221166, -17.360853855165097], [-66.13553848144242, -17.360845028774435], [-66.13551786979082, -17.360749468003622], [-66.13552149047385, -17.360637549388727], [-66.13540882572735, -17.36056595243621], [-66.13524846127314, -17.360508119282684], [-66.13519668602645, -17.36042114152815], [-66.13512209548034, -17.360380340485275], [-66.13504410887404, -17.36040676331346], [-66.13507843508039, -17.36061810320582], [-66.13505782742958, -17.36094559227096], [-66.13499186463235, -17.361075579565977], [-66.13483475268059, -17.361292300926173], [-66.13457742157237, -17.361423155364378], [-66.13443145220404, -17.361437315453855], [-66.13431957833055, -17.361526460961613], [-66.13407570346203, -17.361608294879943], [-66.13371900892221, -17.36165871126203], [-66.13352732426942, -17.361710140196536], [-66.13344963737686, -17.361807902541525], [-66.13337373174024, -17.36194226136319], [-66.13328810345573, -17.362006499161716], [-66.13319149296134, -17.362202415346605], [-66.13291513279579, -17.362474311580787], [-66.1327216323089, -17.362551719534018], [-66.13256793761688, -17.36263322029445], [-66.13245820562682, -17.36268735941928], [-66.13241056937356, -17.362654709917113], [-66.13230748009003, -17.362584151654513], [-66.13219760691011, -17.36284064772404], [-66.1319770629323, -17.362861230019146], [-66.13183059342741, -17.3628591271005], [-66.13173194164857, -17.362920287553962], [-66.13160544663495, -17.362945831720275], [-66.13151101998294, -17.362995313906623], [-66.1314009716156, -17.363009355287666], [-66.13131882680851, -17.363055130901966], [-66.13122014788638, -17.363124056346724], [-66.1311056578484, -17.363157628540325], [-66.13097934542871, -17.363171436092404], [-66.13073942008, -17.36342209001226], [-66.13050615371347, -17.363504793763376], [-66.13036055639189, -17.36362776558728], [-66.13012332282266, -17.363675376044604], [-66.12991378740381, -17.36372564163176], [-66.12974512115477, -17.363717800261323], [-66.12966918405453, -17.363672914391053], [-66.12954686243012, -17.363708179037616], [-66.12938382742414, -17.363761369698928], [-66.12924364733495, -17.363705627630765], [-66.12909519942323, -17.363727874741855], [-66.12883322581784, -17.363824340634924], [-66.12851519266187, -17.363837377314848], [-66.12827910013071, -17.36378161030158], [-66.12799491976365, -17.363764431405333], [-66.12778873272758, -17.363630082809024], [-66.12769414333142, -17.36354519681559], [-66.12756375938652, -17.363464310994658], [-66.12755965007939, -17.363426326629536], [-66.12751189356952, -17.363292901446883], [-66.12744836879776, -17.363236003042523], [-66.12733345709808, -17.363248346810103], [-66.12731001425877, -17.363201957575065], [-66.12727042141694, -17.363123912295507], [-66.12700122875442, -17.36293565190044], [-66.12687198607682, -17.362781640565718], [-66.12676346655452, -17.36265546819539], [-66.12662002243081, -17.36253782326662], [-66.12640010627725, -17.36256039493804], [-66.12620805866804, -17.36242399096259], [-66.12597890362804, -17.362315496915286], [-66.12592124744995, -17.36221398496037], [-66.12594821824047, -17.362172835823696], [-66.12599135211184, -17.362150430339366], [-66.126012099532, -17.362116415512478], [-66.12600992532111, -17.362105096960757], [-66.12600384985728, -17.362102752102146], [-66.12590242957201, -17.362124319036134], [-66.1258448156426, -17.362140646791868], [-66.12575992641275, -17.362127235199534], [-66.12567120294256, -17.362058235037253], [-66.12556940261912, -17.361983628798665], [-66.12550487360804, -17.36196102875603], [-66.12548706248387, -17.362047910186867], [-66.12551695009715, -17.362151280126653], [-66.12548321167803, -17.362264570329437], [-66.12545994299293, -17.362339634461843], [-66.12544645342227, -17.362541256703572], [-66.12535873436384, -17.362679053576624], [-66.12526557365537, -17.362773880472524], [-66.12524356188015, -17.362828645565695], [-66.12512063460697, -17.362902726930557], [-66.12503894005225, -17.362955730080017], [-66.12491772063554, -17.362980623409285], [-66.12480096021285, -17.3630511813776], [-66.12468884388095, -17.363125418034553], [-66.12447533672565, -17.363189165325828], [-66.12435458718258, -17.363214065044733], [-66.12421550551339, -17.363238700773692], [-66.12402826478532, -17.36330643760351], [-66.12367733451521, -17.36334879134395], [-66.1233847212945, -17.36335992845587], [-66.12317425699729, -17.36334922223287], [-66.12297236405239, -17.36327136724882], [-66.1229084955039, -17.36325464522915], [-66.12284580821792, -17.363240558845366], [-66.1227522637096, -17.36310701527984], [-66.1227178299213, -17.3630419562706], [-66.12258027128465, -17.362878793044285], [-66.12251698578775, -17.362854855483974], [-66.12246482409394, -17.36283514154846], [-66.12238715977956, -17.36275049720852], [-66.12233952013518, -17.36260984915004], [-66.12229769021499, -17.36263904489744], [-66.12225798716729, -17.362742767066724], [-66.12225131690252, -17.362898886396653], [-66.12214228332222, -17.36301650890716], [-66.1220484157903, -17.363156472825278], [-66.12197269281484, -17.363098042695874], [-66.12183370286681, -17.363116808687465], [-66.12169790246665, -17.36308189328975], [-66.12135291219147, -17.363075116166314], [-66.12131049911589, -17.363111527095967], [-66.12117593835602, -17.363268060677942], [-66.1210031839169, -17.363341421147584], [-66.12092535267752, -17.36332765770051], [-66.1208748083132, -17.363282683269606], [-66.12075587618314, -17.36322137249878], [-66.1206625729642, -17.363234926787754], [-66.1206360444518, -17.36333793540896], [-66.12056801012287, -17.363449375516126], [-66.12050259784245, -17.36342314922287], [-66.12037324267183, -17.363336856084892], [-66.12034048444978, -17.363357152348883], [-66.12031545762791, -17.363454313191074], [-66.12015007819032, -17.363507010676372], [-66.11994234171009, -17.363592507493923], [-66.11977641580387, -17.363559865372345], [-66.11965989492812, -17.363524775088983], [-66.11945603451655, -17.363572853692947], [-66.1191265781467, -17.363624990119586], [-66.11885437336396, -17.363714070827744], [-66.11857818905904, -17.36381708986447], [-66.11820617119307, -17.363987171548036], [-66.11800623815721, -17.364042619314908], [-66.11788653633944, -17.36409064622706], [-66.11776843357595, -17.364156665359626], [-66.1174907950219, -17.36420232274831], [-66.11726771793387, -17.364246509717834], [-66.11715343459325, -17.364218674072927], [-66.11705915443798, -17.364114374125855], [-66.1170220442259, -17.364022186477932], [-66.11693814448861, -17.36394557707359], [-66.11682033413882, -17.363902791263843], [-66.11671219338906, -17.363842988429123], [-66.11671958208885, -17.363641280029707], [-66.1167078158357, -17.363521917412708], [-66.11665026051674, -17.363444333722516], [-66.11662957372901, -17.363294141175928], [-66.11662398509667, -17.36314055465815], [-66.11672987164395, -17.362959862528626], [-66.11674385627002, -17.36283536343347], [-66.11674034955723, -17.362734992220297], [-66.11665268162686, -17.36276099672531], [-66.11662965229755, -17.36289863899778], [-66.11653550139367, -17.362966357630683], [-66.11644138274795, -17.363122116784027], [-66.11636298726829, -17.36320451034768], [-66.1162986471632, -17.363260017512555], [-66.11632665972456, -17.36333265992871], [-66.1163430957719, -17.363436016985798], [-66.11632728794336, -17.363586856565842], [-66.1162748414041, -17.363723532284727], [-66.11618621561483, -17.363864742325624], [-66.115970727512, -17.364174963584496], [-66.11587047933561, -17.364361786444796], [-66.1158491227561, -17.36442856912116], [-66.1158170913851, -17.36452851743367], [-66.1156730040707, -17.36469258424335], [-66.11545761315789, -17.364816341808353], [-66.11506084436175, -17.364993463893853], [-66.11476538388573, -17.365216294245602], [-66.11450058987847, -17.365372295519027], [-66.11425048760633, -17.365496814259615], [-66.11395691161876, -17.36547324887405], [-66.11369974890616, -17.365472241814253], [-66.11362165676016, -17.36541512896857], [-66.11350553510434, -17.36544460345265], [-66.1133863242671, -17.365491189711506], [-66.11325684290937, -17.365533112586743], [-66.1129875326665, -17.365557212274414], [-66.1127616361095, -17.365601172475323], [-66.11226904038485, -17.365772568893206], [-66.11195894413234, -17.365819103231647], [-66.11180720117291, -17.365811491206067], [-66.11167087231526, -17.365750375126535], [-66.11158866952556, -17.365673607614195], [-66.11154371234262, -17.36549434959057], [-66.11152636151168, -17.36526961981061], [-66.11148851612788, -17.365116560528683], [-66.1114792564706, -17.36489754618725], [-66.11144635133111, -17.364867181958413], [-66.11141073919487, -17.36491949081782], [-66.11134867381668, -17.36509963912688], [-66.11124391835064, -17.36527375215528], [-66.11113776537779, -17.36535709621763], [-66.11096400672574, -17.365404246458134], [-66.11080821353399, -17.365415086056462], [-66.1106539923132, -17.36532571843163], [-66.11061906234916, -17.365364492401184], [-66.11063445478646, -17.36546223598894], [-66.11044077131686, -17.36546078854055], [-66.1100493562773, -17.36550614346261], [-66.10966510840665, -17.365664021174954], [-66.10945250273534, -17.36575981975046], [-66.10938494782732, -17.36590015698655], [-66.10937485534028, -17.36606390009305], [-66.10931254460634, -17.366097762647346], [-66.10922643162658, -17.36614437375173], [-66.10906968607051, -17.366185899100774], [-66.10893414977451, -17.366313964988397], [-66.10880472394481, -17.366352273673094], [-66.10866432852879, -17.366280712592914], [-66.10866340967692, -17.366279344836016], [-66.10862424392013, -17.366258461024845], [-66.10857705418414, -17.36617967095952], [-66.10858557896698, -17.366085885479603], [-66.10855881657118, -17.366023644596265], [-66.10853884518903, -17.3659181594595], [-66.10846569394124, -17.36581596780707], [-66.10837637660087, -17.365815126219193], [-66.10825587748442, -17.365793967802343], [-66.10823884230977, -17.365711099418448], [-66.1082141987762, -17.365693586196823], [-66.10818332388959, -17.36577350349879], [-66.10823814992992, -17.365874978431027], [-66.10832489255891, -17.36592002833617], [-66.10837619214281, -17.36600655318519], [-66.10834924068367, -17.36607614316118], [-66.1082390209376, -17.36617884040812], [-66.10828025553904, -17.3663374571496], [-66.10836039157095, -17.36641401536314], [-66.10843276350246, -17.36647601362688], [-66.1084391836075, -17.366516288739557], [-66.10835373745876, -17.3664784813748], [-66.10821749951576, -17.366381697026988], [-66.10807818878351, -17.36624107407891], [-66.10790585879333, -17.366077398700103], [-66.1077540577684, -17.365953751147305], [-66.10758942420752, -17.365749101903475], [-66.10750443770456, -17.36556231094376], [-66.10730500017183, -17.36526866653119], [-66.10719092979429, -17.36510764040292], [-66.10704708264005, -17.365046412540853], [-66.10695428823487, -17.36511730604871], [-66.10699879068942, -17.365277324673812], [-66.10694168676211, -17.365380790499188], [-66.10679856691404, -17.365333117510477], [-66.10678611991332, -17.36546702810651], [-66.10676927724518, -17.365581461192612], [-66.10671901203362, -17.365656672759975], [-66.10648322285954, -17.365320546467327], [-66.10648319802985, -17.36532051089184], [-66.1063605046626, -17.365145545847675], [-66.10630770404451, -17.365070368165494], [-66.10623488396749, -17.36497162010329], [-66.10615054262229, -17.364857349220735], [-66.10615052331987, -17.364857320949053], [-66.10599083657127, -17.364632989969518], [-66.10599080987573, -17.364632953464], [-66.10577756042348, -17.364353808171725], [-66.10562835637533, -17.362963113005968], [-66.1055098327919, -17.362782087823962], [-66.10526847845316, -17.362413413954535], [-66.10508242677216, -17.361621153549034], [-66.10510242629103, -17.361536699802723], [-66.105157493065, -17.361304269207295], [-66.10516160091476, -17.361310332566905], [-66.10516163409102, -17.361310375487143], [-66.10516456983731, -17.361298936786746], [-66.10516610079253, -17.361293062588576], [-66.10520356023542, -17.361147051838092], [-66.10521018110535, -17.36114087214542], [-66.10521047050216, -17.361121975408018], [-66.1052733943539, -17.361017951414862], [-66.10534550136614, -17.360898406588916], [-66.1053652784669, -17.360865617410706], [-66.10536529575712, -17.360865594184045], [-66.10536539362579, -17.36085936512053], [-66.10537865842922, -17.36084691214509], [-66.10539066796466, -17.360830746937573], [-66.10539068524069, -17.36083072461367], [-66.10561977285569, -17.36052236154073], [-66.10561979298026, -17.360522337452135], [-66.10561989190195, -17.360516040679766], [-66.10562645282381, -17.360516128507104], [-66.10563981160988, -17.360497450901708], [-66.10590655846732, -17.360217248443345], [-66.10591114134414, -17.360217314830024], [-66.1059196024836, -17.360217469000094], [-66.10591962923117, -17.360217442298495], [-66.10595274248927, -17.360192721913844], [-66.10608142377711, -17.359991601202886], [-66.10608173038658, -17.359986208599114], [-66.10608181826532, -17.359984744353547], [-66.10608859208223, -17.359984207683507], [-66.10608863261892, -17.359984201046924], [-66.10610654919637, -17.359819791544002], [-66.1061179146752, -17.359715730981012], [-66.1067283266646, -17.359226039421003], [-66.1067283667572, -17.3592260011739], [-66.10705521115841, -17.358865009584157], [-66.10706237353598, -17.358845950467956], [-66.10728074608444, -17.35859860037122], [-66.10737594061725, -17.358490774284302], [-66.10737597687843, -17.35849074049641], [-66.10737607466494, -17.358484511420297], [-66.1073788917231, -17.35848451337566], [-66.1073825910107, -17.35848455970711], [-66.10738285167946, -17.358471967954706], [-66.10756393242731, -17.358209658019906], [-66.10767905340272, -17.3579736717962], [-66.10767965384842, -17.357935837012654], [-66.10770423404371, -17.35787261649877], [-66.10778208764656, -17.357672508400064], [-66.10778247463125, -17.357647433102713], [-66.10778508599671, -17.3576425072741], [-66.10778931774294, -17.357634568211022], [-66.10781433452594, -17.357398185078953], [-66.10782630822558, -17.357285122313773], [-66.10783485495088, -17.357212536149277], [-66.10785363696424, -17.357053173697757], [-66.10781943563084, -17.3567757070054], [-66.10780034707204, -17.35662077810893], [-66.10767058916866, -17.356309612846335], [-66.10765178703815, -17.35624230239085], [-66.10761378077385, -17.356106098171548], [-66.10769761794872, -17.355862691589675], [-66.10780911206298, -17.35560046278546], [-66.10797372815189, -17.355428110484628], [-66.1083070575771, -17.35528964263051], [-66.10846828046634, -17.35522036991106], [-66.10856484153805, -17.355179536019865], [-66.10866424050303, -17.35513755031089], [-66.10884408988002, -17.355062700907744], [-66.10898165234155, -17.355005485916212], [-66.1089882415424, -17.35499302994093], [-66.10901553326279, -17.35497837313063], [-66.10906015149783, -17.354954470417493], [-66.10920153890667, -17.354878187460375], [-66.109247744357, -17.354827781973277], [-66.10928071725448, -17.35479183487099], [-66.10941843535277, -17.35449404039583], [-66.10947487593268, -17.354222609942028], [-66.10971572371577, -17.354003973122513], [-66.10978030851615, -17.353945984634393], [-66.10985896568423, -17.353875374718186], [-66.11024992676356, -17.35374341523825], [-66.11024997050116, -17.35374338426665], [-66.11043194364113, -17.353625129093192], [-66.11047128980097, -17.353597178495612], [-66.11076764988503, -17.353196462807443], [-66.1108277399914, -17.353114337477177], [-66.11094986041086, -17.35294746726983], [-66.11109035599817, -17.352806216225108], [-66.11119620774936, -17.3527701897832], [-66.11128243742024, -17.352740872295325], [-66.11144650252436, -17.35273531001123], [-66.11171751497378, -17.352726166059842], [-66.11211075502821, -17.352593823586417], [-66.11211077968149, -17.352593810398034], [-66.11230038879741, -17.352451756401145], [-66.1127074037701, -17.35216495299645], [-66.11330350864706, -17.351925070289244], [-66.11371285665615, -17.351489156564934], [-66.11371448401557, -17.351485687359315], [-66.113717558007, -17.351479242071232], [-66.11376083449093, -17.351446724216263], [-66.11378165093987, -17.351431096335666], [-66.11390220410317, -17.351340547659433], [-66.11413546239686, -17.35109778906597], [-66.11414200810529, -17.351097869124768], [-66.11414211513936, -17.351091572421083], [-66.11414878169202, -17.351085314438457], [-66.11415535999049, -17.351085414832742], [-66.1141553809257, -17.35108539888145], [-66.11416194196786, -17.351079273918195], [-66.11418187892367, -17.351073154253562], [-66.11422140439969, -17.35104857615406], [-66.11432589510176, -17.350968701386183], [-66.11436744908687, -17.35093694770026], [-66.11436757082785, -17.350930671976077], [-66.11437410083366, -17.35093073374027], [-66.11437413280905, -17.35093073329891], [-66.11437413458057, -17.350927556658654], [-66.11437416603823, -17.350924525825945], [-66.11438719485618, -17.350904296751022], [-66.11439436426636, -17.35089318349747], [-66.1144210720707, -17.350868133160645], [-66.11442108745042, -17.35086811171127], [-66.11442781580347, -17.350849494687548], [-66.11444780424613, -17.35083708019331], [-66.11458750769957, -17.35070039453741], [-66.11458751075608, -17.350696594862345], [-66.1145875388981, -17.35069407596808], [-66.11484255717858, -17.35031922082625], [-66.1150784568147, -17.349906361160894], [-66.11530143286262, -17.349480744238843], [-66.11530153918977, -17.34947442945862], [-66.11530811990272, -17.34946830292199], [-66.11530815420996, -17.349468273618875], [-66.11531512810657, -17.34944308732798], [-66.11539125503255, -17.349271084540927], [-66.1154510628045, -17.34913599193466], [-66.11545106473126, -17.349132984150188], [-66.11545109956381, -17.349129796245396], [-66.11545767224476, -17.34912989108848], [-66.11550571648796, -17.34899185837644], [-66.11563129344215, -17.34872204256164], [-66.11584349181474, -17.348266218985906], [-66.11584349471572, -17.348262787718657], [-66.115843534753, -17.348259927668064], [-66.11600532367757, -17.347930725041163], [-66.11604665230563, -17.347846649172602], [-66.11608616669176, -17.34741261491246], [-66.11613670895485, -17.347227871760087], [-66.11617506083292, -17.347087807184312], [-66.1161754503214, -17.3470626026051], [-66.1163250944318, -17.34669304453958], [-66.11633205484634, -17.346686557721203], [-66.11633263866742, -17.34667357501905], [-66.11648709721824, -17.34643225106824], [-66.11652042440618, -17.34638018842723], [-66.1167341682405, -17.345882223661842], [-66.11685410338397, -17.34566771373243], [-66.11687337353345, -17.34563588446332], [-66.11695492100439, -17.345501714966023], [-66.116954942348, -17.34550167283387], [-66.1170328577627, -17.345315650732513], [-66.1171208014682, -17.344964044360072], [-66.11726162327626, -17.344595436003125], [-66.1173804618581, -17.344166391207196], [-66.11764498320402, -17.343797446378026], [-66.11811083100584, -17.343427018795797], [-66.11816751531423, -17.34322948580726], [-66.11821485755864, -17.343078947279327], [-66.11821492313915, -17.343078721576973], [-66.11821498001987, -17.343078511099872], [-66.11824666595753, -17.34296418659771], [-66.11821308546816, -17.34281500565338], [-66.11818402014381, -17.342685727303], [-66.11817759422233, -17.342679382475897], [-66.1181787240198, -17.342609600365254], [-66.11817880090938, -17.34260919242432], [-66.11822150764915, -17.34238379519645], [-66.11829637786882, -17.342254318865706], [-66.11838317448779, -17.342104261205748], [-66.11838316935555, -17.342104228624574], [-66.11838336569599, -17.34209166109486], [-66.11838337194244, -17.34209162235681], [-66.1183971533943, -17.34204769601712], [-66.1185857720712, -17.34172244588173], [-66.11858596516916, -17.34170984398966], [-66.11859261255408, -17.3417036360788], [-66.11876186683969, -17.341365392724615], [-66.11878737426868, -17.34132321639498], [-66.11882232457847, -17.341265482340773], [-66.1188225176407, -17.34125288134828], [-66.1188291697986, -17.34124666717395], [-66.11885748637764, -17.341108429103006], [-66.11886180174723, -17.341104406199644], [-66.11887090759038, -17.34109597985955], [-66.11887091067193, -17.341092471832276], [-66.11887092349116, -17.34108966465665], [-66.11891477956993, -17.341008377363742], [-66.11895873003722, -17.340926943326803], [-66.11895879664695, -17.340918705509484], [-66.11895884152783, -17.340914387209324], [-66.11896573513481, -17.340895542029504], [-66.11901669237751, -17.34056852467054], [-66.11901669584606, -17.340568483183485], [-66.11901718838753, -17.3405370666208], [-66.11902396569492, -17.34052452255161], [-66.11908369441204, -17.34005267360792], [-66.11909726516213, -17.339599218875545], [-66.11912861757331, -17.339265572843303], [-66.11913518913947, -17.339265657569396], [-66.11919649506595, -17.33869405109905], [-66.11919650037203, -17.338694012347386], [-66.11930080312784, -17.33807050689143], [-66.11930382032916, -17.338052734570518], [-66.11930496233393, -17.338046011182755], [-66.11930496752717, -17.33804597965329], [-66.11930935184218, -17.338023866536247], [-66.11941861381528, -17.33747443506219], [-66.11942529697347, -17.33746821135894], [-66.1194253956371, -17.33746189192574], [-66.11951141318578, -17.337230574713523], [-66.11959253865858, -17.337012449943632], [-66.11971265497456, -17.336496685747427], [-66.11971230148531, -17.335929806424517], [-66.11971228681226, -17.33592978273577], [-66.11955996567066, -17.335559767086433], [-66.11900842945673, -17.33509699395838], [-66.11890634405938, -17.334901692046063], [-66.11890633250239, -17.3349016494396], [-66.1188986265058, -17.334709158781543], [-66.11891127862971, -17.334671265083358], [-66.11891858205485, -17.33464945406407], [-66.11903914103314, -17.334501242515017], [-66.11903916774659, -17.334501217616314], [-66.11914069131447, -17.33426710323143], [-66.11914066053016, -17.33426124606511], [-66.1191406576865, -17.33425546605439], [-66.11912274079572, -17.333981876239978], [-66.11908212060047, -17.33378382057446], [-66.11902117329126, -17.333492892441], [-66.11901930881682, -17.333489347584507], [-66.11900804676388, -17.3332708441394], [-66.1189871123377, -17.333154540550197], [-66.11896775895595, -17.33304686963558], [-66.11896407964747, -17.33304298440772], [-66.11895644897443, -17.333034875028797], [-66.11895663312195, -17.333022416568387], [-66.11895662894366, -17.333022383097997], [-66.1189451183205, -17.333022217337167], [-66.1189454174649, -17.33300305500978], [-66.11894538128605, -17.33300302378749], [-66.11866690884169, -17.332768028667783], [-66.11862801215987, -17.332724215785323], [-66.11853224973058, -17.332617011069534], [-66.11849523962346, -17.332575571279644], [-66.11849775178463, -17.33250818564031], [-66.1185023334895, -17.332385684886063], [-66.11849389558277, -17.332335162689514], [-66.11847735503999, -17.332235888449063], [-66.11845991420813, -17.33212948486592], [-66.11845989046022, -17.332129440277928], [-66.11835059472799, -17.331916205173144], [-66.11835058770177, -17.331916173467686], [-66.11835076134277, -17.331905413363987], [-66.11835075818908, -17.331905374490482], [-66.11834436295041, -17.331905333850344], [-66.11833957190365, -17.331905274778045], [-66.11833974059618, -17.331894470357195], [-66.11833691866397, -17.331891914917094], [-66.11833538778163, -17.331890489638813], [-66.11833887850237, -17.33186670940138], [-66.11827984083142, -17.331740422683378], [-66.11827999068754, -17.331731487157697], [-66.1182257986817, -17.331623562769543], [-66.11823832666825, -17.331425911398902], [-66.1182438882005, -17.331096379859805], [-66.11821131686025, -17.330819377092734], [-66.11801440908387, -17.33030721584198], [-66.11787184310865, -17.329903337767806], [-66.11787206915459, -17.329892954963334], [-66.1178722649635, -17.32988547209074], [-66.11786617905041, -17.329873512970103], [-66.1178629892167, -17.329867185904824], [-66.11776688225049, -17.32948194627568], [-66.11776687425629, -17.329481916362237], [-66.11774701197683, -17.329411222314196], [-66.11769612822529, -17.329252056365824], [-66.11769610235835, -17.32925202709792], [-66.11732807989522, -17.32885388224198], [-66.11727077284054, -17.328667370926425], [-66.11725951280506, -17.32863070762184], [-66.11719117278926, -17.32832647590571], [-66.11694155614822, -17.327535417775294], [-66.11674879584884, -17.327141215887135], [-66.11651136430741, -17.326657862183847], [-66.11669751075111, -17.326114057278158], [-66.11678339881718, -17.32585776255439], [-66.11772562599752, -17.325027272183796], [-66.1180658528047, -17.32403723568368], [-66.11826881851454, -17.32344671186387], [-66.11852271593546, -17.320465929198757], [-66.11860343696999, -17.320205087865396], [-66.11863422116748, -17.320105667698268], [-66.11974434158617, -17.316494769189752], [-66.12361276087978, -17.309532573111042], [-66.12435739131013, -17.30611621697359], [-66.1251820778682, -17.30233239720321], [-66.12506153698773, -17.30142140583922], [-66.12497465676492, -17.30076472659163], [-66.12491147022054, -17.300289135142187], [-66.12485547953598, -17.299867712277873], [-66.1244472518924, -17.297038208011113], [-66.12443670141684, -17.293562746224982], [-66.12343566502105, -17.291469442318277], [-66.1230563159157, -17.290936475390104], [-66.12219841962161, -17.290024346616377], [-66.1206339646606, -17.288853819178588], [-66.1198581415844, -17.287760538575363], [-66.1192624718971, -17.286441298405155], [-66.1189444448219, -17.2831764340664], [-66.12338228925702, -17.280424993899402], [-66.12504525868623, -17.275036592302204], [-66.13147090747145, -17.269286834486454], [-66.13147093623361, -17.269286797874862], [-66.13205338227162, -17.2681502005022], [-66.1332186770205, -17.264460960239365], [-66.13321867840698, -17.26446093136338], [-66.13288719360769, -17.262675768202428], [-66.13287646083609, -17.262664961426275], [-66.1348531008372, -17.262030646848686], [-66.13801571253073, -17.258636326442613], [-66.13975504624779, -17.258173136120465], [-66.1397550877846, -17.258173124070087], [-66.14037955085072, -17.25794082620834]]]}, "properties": {"OBJECTID": 1, "distrito": 13, "comuna": "TUNARI", "Nombre": "Distrito: 13", "Shape_Length": 38974.6308306079, "Shape_Area": 58361588.105177164}}, {"type": "Feature", "id": 2, "geometry": {"type": "Polygon", "coordinates": [[[-66.13306145717858, -17.40152513349385], [-66.13322800550392, -17.40125659521386], [-66.13333094610539, -17.401090616035184], [-66.1336497695249, -17.40057654912218], [-66.13377331982267, -17.400377336269806], [-66.13389467784994, -17.400181658578024], [-66.13401716437127, -17.399984161227973], [-66.13409907725449, -17.39985208335611], [-66.13423802350997, -17.3997009540601], [-66.13445062677157, -17.399469706651093], [-66.13467456835384, -17.39928804765324], [-66.13478727663075, -17.39919698843971], [-66.13485434526109, -17.399142393279632], [-66.13507262776233, -17.399157277444427], [-66.13571761473185, -17.399173965899006], [-66.13733750175776, -17.39936714399263], [-66.13776181293218, -17.39944974522308], [-66.13803742824174, -17.399528362097698], [-66.13873584860829, -17.399770298725212], [-66.13954403528857, -17.400057677723986], [-66.14008907953372, -17.400192738007053], [-66.1462747879799, -17.40128075906103], [-66.14661818273824, -17.401416338578475], [-66.14709032147312, -17.401668385724406], [-66.14741721097882, -17.401842891566826], [-66.14757354653602, -17.40199146555585], [-66.14766851295519, -17.401885311125113], [-66.14781049353766, -17.40155584441361], [-66.14790049257586, -17.401269633209058], [-66.14795446593028, -17.401097987703753], [-66.14797407850641, -17.40102654889298], [-66.14804348403425, -17.400773735469468], [-66.14818545156226, -17.40004408113986], [-66.14821208042548, -17.399864061007435], [-66.14824761929198, -17.399869015628187], [-66.14896083052109, -17.39987872346361], [-66.14963837190419, -17.399887943231395], [-66.14985574865847, -17.399892619922134], [-66.15006595164506, -17.399897142372115], [-66.15020595819405, -17.39991721957326], [-66.15026458432966, -17.3999256263648], [-66.15040710337823, -17.399962306590147], [-66.15059490760437, -17.400047416761275], [-66.15076113936448, -17.40015969486032], [-66.15089795546844, -17.400275427282477], [-66.15092202584371, -17.400295787922005], [-66.15102966219594, -17.400415590313713], [-66.15109062024993, -17.4004964983084], [-66.15117300661349, -17.400639832231413], [-66.1512330762153, -17.400778067727085], [-66.15127560057236, -17.400924416083278], [-66.15130187927294, -17.401075309175383], [-66.15130602615562, -17.40120916257948], [-66.15128063519796, -17.401402323501845], [-66.15124265373456, -17.401524823905543], [-66.15110768513543, -17.401803624063664], [-66.15103960640242, -17.401941224048844], [-66.15099148703325, -17.40207552522328], [-66.15097481922832, -17.402148363748957], [-66.15096152755879, -17.40224233906954], [-66.15095773182233, -17.402487176260014], [-66.15096541031164, -17.402714257473995], [-66.15099696260035, -17.403327533360407], [-66.15101814553645, -17.40372682906336], [-66.15101429398995, -17.403975248521064], [-66.15098859047578, -17.404268750153022], [-66.15092326785843, -17.404629777691667], [-66.15088270772054, -17.4048382513081], [-66.15086265862453, -17.404927559030156], [-66.15086052273678, -17.404944596916344], [-66.15085981861715, -17.40495021522114], [-66.1513302169973, -17.404946186775764], [-66.15185555469607, -17.404929801772543], [-66.15208827418905, -17.404927153296363], [-66.1523014245094, -17.404902722855613], [-66.1524883827996, -17.404868307458113], [-66.15257844361577, -17.40485172901332], [-66.15291315470255, -17.404848413413223], [-66.15336867954083, -17.404843901289148], [-66.15338505530683, -17.40495817188019], [-66.15339338292162, -17.405016274926183], [-66.15340990351838, -17.405636503870944], [-66.1534243394325, -17.406150385104525], [-66.15344070302713, -17.40662009307343], [-66.15347188061361, -17.407739870364725], [-66.15348924733522, -17.408225123272537], [-66.15349710958002, -17.40860869485675], [-66.15349740851902, -17.408621331144957], [-66.15352832569435, -17.409557650956618], [-66.15353768335105, -17.409917356008265], [-66.15357407597774, -17.411021678815597], [-66.1535954414465, -17.411650338564993], [-66.15359760453022, -17.41183194759101], [-66.15360597373322, -17.412161210222788], [-66.15381763557487, -17.412247224258845], [-66.15448732682522, -17.412599650764776], [-66.15448961916735, -17.412600857394846], [-66.15460635837513, -17.41266385501984], [-66.15466898435336, -17.412697650859023], [-66.15492515211004, -17.412835852364402], [-66.15473960124902, -17.412886351635837], [-66.15470904794172, -17.413392440720873], [-66.15469275325663, -17.41366234230481], [-66.15466336104092, -17.414149184265888], [-66.15463006604276, -17.414700667467773], [-66.15452113564537, -17.416508833810067], [-66.15432448295968, -17.419367534124678], [-66.15432326333364, -17.4193965164298], [-66.15431500154206, -17.419516440031536], [-66.15422958596137, -17.421622503241224], [-66.15473491627925, -17.42165047878742], [-66.15473438932524, -17.421676524513963], [-66.15465035872016, -17.42362456092598], [-66.1542230510818, -17.425501130795663], [-66.15400093808998, -17.42628888512705], [-66.15387013399754, -17.42675279610234], [-66.15385160432186, -17.426824206528646], [-66.15380933598394, -17.426821204021255], [-66.15344736316867, -17.426795492167237], [-66.1534466721418, -17.426795832651077], [-66.15302211017463, -17.426757106208825], [-66.15293781874583, -17.426975870624947], [-66.15276437370608, -17.427259910917705], [-66.15234859038821, -17.42780596578781], [-66.15203955816477, -17.428134660551923], [-66.15174920793535, -17.428356617127378], [-66.15145178099725, -17.428513275781526], [-66.1509851743772, -17.428668301536472], [-66.15092714911756, -17.42868658491613], [-66.15051410441099, -17.428743748238162], [-66.1500585574194, -17.42871604855094], [-66.15002077804793, -17.42871375146861], [-66.14991030926213, -17.42868268117704], [-66.14941250953467, -17.428542672329463], [-66.14945138939075, -17.428453303537335], [-66.14879114541814, -17.42814568209205], [-66.14846096497227, -17.427995692179834], [-66.148380988819, -17.42812785551519], [-66.14782771534871, -17.42777114869642], [-66.14777536554364, -17.42776218160209], [-66.14683715162104, -17.42792509420057], [-66.14670883507726, -17.428040644294303], [-66.14665857044243, -17.428272624726745], [-66.1466924697847, -17.428506262737926], [-66.14662653920257, -17.42854188904408], [-66.14585725754894, -17.428049245224628], [-66.14583193090803, -17.427693374010246], [-66.14553659157457, -17.427479849837763], [-66.14556075909947, -17.42778218688502], [-66.14564310870271, -17.428760057768102], [-66.14558805330726, -17.428843367572636], [-66.14474215488742, -17.428311356179993], [-66.14475526076554, -17.428108943060575], [-66.14490111970065, -17.427436334252704], [-66.144127531987, -17.42686343320615], [-66.14390942162028, -17.426722599093782], [-66.1438556963616, -17.426578433835957], [-66.14374893671031, -17.42652976650193], [-66.14327388853359, -17.426505734683207], [-66.14323981398888, -17.42662761706347], [-66.14309448735918, -17.427147371902752], [-66.1430919382475, -17.427156489827322], [-66.14277554873695, -17.427048862321303], [-66.14274770132637, -17.427036607402854], [-66.14257560643556, -17.426961906081203], [-66.14236765633181, -17.426871639972866], [-66.14226919164369, -17.42682889893219], [-66.14209450160394, -17.426753070093135], [-66.14207186999498, -17.426743246748153], [-66.14196254223543, -17.42675271934565], [-66.14196213438905, -17.42675275412633], [-66.14130420675451, -17.42652482033385], [-66.14110466458142, -17.426471926491637], [-66.14113124385699, -17.426244597259217], [-66.14111366352547, -17.426206406753415], [-66.1410385491544, -17.42604323038399], [-66.14092636997428, -17.42579953975452], [-66.1408724546067, -17.42568241576125], [-66.14072542403105, -17.425565430292373], [-66.14068860349023, -17.42553613244146], [-66.14066899652569, -17.425529555289554], [-66.14060338220652, -17.42551580428357], [-66.14050082038285, -17.425494308755937], [-66.14044501774806, -17.425463491270612], [-66.14043419557045, -17.425457515214486], [-66.14042528094518, -17.4254478019972], [-66.1403825115413, -17.42540119690869], [-66.14028391721463, -17.425293761397974], [-66.1402573920516, -17.42526966444129], [-66.14022897292767, -17.425243845377416], [-66.14017057130053, -17.425196194050454], [-66.13996591444153, -17.425078742660904], [-66.13995798170922, -17.42507423209102], [-66.13994747838076, -17.425068260592532], [-66.13943647278302, -17.424683547635368], [-66.13851914302046, -17.423965742922878], [-66.13845967136771, -17.423919206364022], [-66.13840292495911, -17.423896729272627], [-66.1383119362922, -17.423860688516193], [-66.138021070797, -17.42359774296773], [-66.13749285405453, -17.42312022634102], [-66.13715310040985, -17.423447062503264], [-66.13681380679334, -17.423773454842895], [-66.13671829113821, -17.423766606829947], [-66.13548436403836, -17.423678133778278], [-66.13542672431564, -17.42370358516334], [-66.13540584331405, -17.423707067418032], [-66.13534420281188, -17.42371734708855], [-66.13454367989559, -17.423681162166712], [-66.13101883124959, -17.423482958704817], [-66.13133878610982, -17.41795463975798], [-66.1271660857483, -17.417076681340067], [-66.12648630358993, -17.41667480426558], [-66.12613443782568, -17.4161993674764], [-66.1259854487898, -17.415279882742603], [-66.12604474826104, -17.414622105778143], [-66.12717476349951, -17.408170000601906], [-66.12765231324018, -17.40733398873511], [-66.12854323487687, -17.405859586153248], [-66.12887158499086, -17.40535064985079], [-66.12923697189116, -17.404860165776267], [-66.13028271463094, -17.40402707650311], [-66.13126856618295, -17.403243887892224], [-66.13228202622471, -17.402484982382223], [-66.13279491180229, -17.40195668670292], [-66.13295251460019, -17.401820125729017], [-66.13289530484975, -17.401793032528488], [-66.13306145717858, -17.40152513349385]]]}, "properties": {"OBJECTID": 2, "distrito": 6, "comuna": "VALLE HERMOSO", "Nombre": "Distrito: 6", "Shape_Length": 12082.272174227037, "Shape_Area": 7402764.576506277}}, {"type": "Feature", "id": 3, "geometry": {"type": "Polygon", "coordinates": [[[-66.18486882347356, -17.336401790028155], [-66.18557756120697, -17.336278657407917], [-66.18635770108274, -17.336023420914813], [-66.18740191920199, -17.33558496833632], [-66.18772629710934, -17.33535040811094], [-66.18864732887856, -17.33493739733601], [-66.18905263231976, -17.33471679475647], [-66.18977932953872, -17.33432759624753], [-66.19019833929006, -17.33412054827966], [-66.190414281579, -17.333591066927777], [-66.19072257119235, -17.333369097864864], [-66.19108733334438, -17.333081368075746], [-66.19134103057644, -17.332801469827423], [-66.19136588864794, -17.332785042366854], [-66.19202696285198, -17.333315371312313], [-66.19208623692147, -17.33342151958771], [-66.19214771480146, -17.333531691966485], [-66.1922606090963, -17.333860894412556], [-66.19226064436354, -17.33386092470738], [-66.19242557955303, -17.33402421472488], [-66.19260625532013, -17.33438434787097], [-66.1928184222952, -17.334714948653144], [-66.19294862832469, -17.334877592130486], [-66.1931899525029, -17.335179089954757], [-66.19323258272051, -17.335207242141088], [-66.19323804948736, -17.335223108270956], [-66.19324019038267, -17.33522935113505], [-66.19327452426441, -17.33552441655636], [-66.19344818879941, -17.335765976471997], [-66.19367083077222, -17.336075316513245], [-66.19370008939691, -17.336117808951258], [-66.19384311586104, -17.336325543079113], [-66.19391080250574, -17.336365385973657], [-66.19403909638999, -17.33644096295868], [-66.19447965607904, -17.337091426436704], [-66.19464152000177, -17.337330437984306], [-66.19472309045905, -17.337729160788136], [-66.19473750987655, -17.33776367085152], [-66.19474036871999, -17.33786326164617], [-66.19474287546694, -17.337952121336883], [-66.19537176330128, -17.339349251448443], [-66.19537177611879, -17.339349274203887], [-66.19560591506341, -17.33972156628001], [-66.19569526727183, -17.33985785889235], [-66.19570090315, -17.339869299817693], [-66.1957024542329, -17.33987259955888], [-66.19570375518123, -17.339875406351474], [-66.19570789983794, -17.339884186815944], [-66.19571340102979, -17.339895890439976], [-66.1957633970472, -17.34000226833996], [-66.19581005286285, -17.340101564809956], [-66.1958689716492, -17.340227014242252], [-66.19589870341187, -17.340290162682365], [-66.19592578128606, -17.340347778080186], [-66.19595887863635, -17.340418199737254], [-66.19598455186622, -17.340472903940412], [-66.19605431882577, -17.34062134664479], [-66.19612044465563, -17.34076197043789], [-66.19618210371922, -17.340893234015823], [-66.19624148779238, -17.341019587530113], [-66.19630150939118, -17.341147304516717], [-66.19636790699228, -17.341288566007467], [-66.1964746576401, -17.341515637290765], [-66.19647467858903, -17.34151568183285], [-66.19659351593478, -17.341768526098807], [-66.19677018994429, -17.34214442589205], [-66.19683524681766, -17.34231907155701], [-66.19690933390063, -17.342518044065343], [-66.19718753229176, -17.342804587911367], [-66.19719914875526, -17.34282454512492], [-66.19844345349205, -17.34496575757204], [-66.19877953785986, -17.345539319111882], [-66.1988552324344, -17.345669488476283], [-66.19890213805432, -17.345756851832324], [-66.19891208226484, -17.34577537412675], [-66.19891939727052, -17.345789079849556], [-66.19891942210417, -17.34578911631867], [-66.19919199972699, -17.346120107116462], [-66.19937501445467, -17.346253587555022], [-66.19943218015115, -17.346338641920443], [-66.19944845660947, -17.34636011640414], [-66.19953241598174, -17.346470975385163], [-66.19955206405582, -17.346525716867625], [-66.19959306420535, -17.346640141601416], [-66.19959397094125, -17.34664154587151], [-66.19962451948429, -17.346692715028343], [-66.19985188167955, -17.347240090023192], [-66.19959930692204, -17.347343069332464], [-66.19929576890053, -17.347467240975238], [-66.19903791396928, -17.34757293769034], [-66.19875942150904, -17.347686110024977], [-66.19854853053673, -17.347770961113905], [-66.19818679774914, -17.347918207759655], [-66.19788059820115, -17.348053688061437], [-66.19757016361757, -17.34818134422334], [-66.19728349497004, -17.348300373175224], [-66.1969805665868, -17.348425146321297], [-66.19668000824265, -17.348557717327292], [-66.1963846363267, -17.34871724009503], [-66.19609359026569, -17.348878615539824], [-66.19582452585205, -17.349025962361296], [-66.19555291905155, -17.349176857212335], [-66.19526507140701, -17.349332302594256], [-66.19500034934936, -17.349480305949903], [-66.19468299251557, -17.349653852869373], [-66.19445157282598, -17.349779626034245], [-66.19429290262521, -17.34986580182385], [-66.19391279828706, -17.35007549975438], [-66.19364566855677, -17.35021809240969], [-66.19336718199582, -17.35037127662727], [-66.1930867107158, -17.3505321976446], [-66.19284747189714, -17.35068115330942], [-66.19260367998615, -17.350843185518176], [-66.19234360157326, -17.351012753728018], [-66.19206462172805, -17.351198184048872], [-66.1917963574275, -17.35137420682788], [-66.19153421227995, -17.35155688646527], [-66.19126571043876, -17.35174843527239], [-66.19109077288417, -17.351881567045755], [-66.19100953645057, -17.351947325098173], [-66.1908829723478, -17.35204888131219], [-66.19075716601654, -17.352141489172062], [-66.19074137579392, -17.352153868046766], [-66.19045626638881, -17.3523773803443], [-66.19039792083511, -17.352421577768272], [-66.19020079498064, -17.352570903066045], [-66.1899552439761, -17.352766356459245], [-66.18974377391639, -17.352929435767315], [-66.18948380171614, -17.353132450777995], [-66.18921628533317, -17.353340735876493], [-66.18896010707104, -17.353539621500996], [-66.18863903038233, -17.35379314510218], [-66.18838223859443, -17.353991424284647], [-66.18825706028991, -17.354083442151246], [-66.18812921307423, -17.35418736755497], [-66.18787428541148, -17.354385672160248], [-66.18781001853354, -17.354439721292522], [-66.18765086786496, -17.354556944422743], [-66.18742540342512, -17.354740132747736], [-66.18717505618902, -17.35493623593371], [-66.18692116847672, -17.355135026858385], [-66.18668668170282, -17.35531805825483], [-66.18666559767676, -17.35533451610839], [-66.18640689003372, -17.355535751483096], [-66.18615067851299, -17.355736424693973], [-66.18589576493177, -17.35593353258903], [-66.18563832679335, -17.356132993019823], [-66.18538279702577, -17.356321490159083], [-66.18535862597014, -17.35633971491952], [-66.18511902210724, -17.356520382819287], [-66.18499169982877, -17.356614158667004], [-66.18492422653688, -17.356666249784375], [-66.18486670349864, -17.35671848014476], [-66.1847996262338, -17.356777266362972], [-66.18470710489673, -17.35687296624785], [-66.18463870349363, -17.356953237360763], [-66.18458693110927, -17.35701988498383], [-66.18453105506354, -17.357094597435548], [-66.18445563164545, -17.357211085379465], [-66.18428605654917, -17.35746482315901], [-66.18408833101208, -17.35776977160985], [-66.18392340788299, -17.358012106144123], [-66.18383589065817, -17.358138458561285], [-66.1837397406497, -17.35827615759832], [-66.18364459340151, -17.358413392102094], [-66.18355898570681, -17.358545027733907], [-66.18345410762849, -17.35870028376214], [-66.18337904789955, -17.358792884153363], [-66.18331934452861, -17.35885750781988], [-66.18317327004638, -17.359038464369913], [-66.18305979604247, -17.359202677875082], [-66.18298771418674, -17.35932829197546], [-66.18284800770408, -17.359613509317754], [-66.182714745102, -17.359900250452004], [-66.18262523786328, -17.360091561574965], [-66.18258001193472, -17.360185537609016], [-66.18248939283036, -17.360384477906166], [-66.18241533583671, -17.360541601743204], [-66.18230742041112, -17.360765146338988], [-66.18221853377916, -17.360948341453007], [-66.18205200421633, -17.361262805792876], [-66.18194575571896, -17.361442411948886], [-66.18187323318159, -17.361564195815816], [-66.18176607732524, -17.361738054862908], [-66.18170842784654, -17.36183089992913], [-66.18159568211871, -17.362012324932735], [-66.18153504748044, -17.36210512781064], [-66.18146888900463, -17.362201197506828], [-66.18134410754499, -17.362356171069745], [-66.18126607474835, -17.362447772061614], [-66.1811304061717, -17.362598769356268], [-66.18107373588263, -17.3626600900873], [-66.18099224241686, -17.36275020901395], [-66.18088750639033, -17.36286341424061], [-66.1808046221277, -17.362946823886706], [-66.18068100226768, -17.363058328486307], [-66.18051524143499, -17.363192175758073], [-66.18039391040011, -17.36328412148367], [-66.18014204529464, -17.363484129832656], [-66.17988821223577, -17.363682676015546], [-66.17973510706712, -17.363802364857275], [-66.1796303468229, -17.36388450964107], [-66.1794900444131, -17.363980487002017], [-66.17936147712581, -17.36405751670548], [-66.17910002619237, -17.364201001049054], [-66.1789263772995, -17.364290335817937], [-66.17880260023635, -17.364354013030923], [-66.17858728441328, -17.36444176205496], [-66.17849121545346, -17.364476243999437], [-66.17845573174992, -17.364486255699706], [-66.17845345256745, -17.364486914312945], [-66.17814110737781, -17.364577158038724], [-66.17803788108267, -17.36460698201797], [-66.17784292618842, -17.364664913974202], [-66.17748997633103, -17.364771743813343], [-66.17702057468833, -17.364911808892696], [-66.17679358118302, -17.364982189214253], [-66.17641462817288, -17.365097249765512], [-66.17605819559995, -17.365204027613583], [-66.17569675809426, -17.365312643875114], [-66.17549666481064, -17.36537302731305], [-66.17534281159534, -17.365419455483078], [-66.1752308283832, -17.36545323205689], [-66.17510632404407, -17.365490512163788], [-66.17508657689558, -17.36549642575234], [-66.17482090539637, -17.365575974839977], [-66.17473518815858, -17.36558431991846], [-66.17436563492386, -17.365605347512634], [-66.17357762790252, -17.365656822391752], [-66.17180053517751, -17.365772363378504], [-66.17138021100726, -17.36579656112838], [-66.17136408006579, -17.36580078182416], [-66.1704327298682, -17.366044503914853], [-66.17030308621783, -17.36606178130069], [-66.17011377081077, -17.366076301500907], [-66.16984550181884, -17.36604765233786], [-66.1694012957669, -17.365940055368263], [-66.16917765838602, -17.365856608400783], [-66.16908073637002, -17.365817006733], [-66.16877299061082, -17.365766771917734], [-66.16839336917499, -17.36573080837248], [-66.16781071040019, -17.365695788626], [-66.16775450005946, -17.365705344586154], [-66.16770693636424, -17.36571343113408], [-66.16721767262824, -17.365947325151055], [-66.16706483093932, -17.36603438094713], [-66.16689261435411, -17.366132471062002], [-66.1667036174249, -17.366240118800114], [-66.16637170885353, -17.366466686841747], [-66.16628160307329, -17.36653251730154], [-66.16515782199774, -17.367353538584812], [-66.164201914142, -17.368031883292275], [-66.16405276895, -17.368152093037956], [-66.16403545141435, -17.368153475248985], [-66.1639491885516, -17.368160361094308], [-66.16374785390924, -17.368176433463212], [-66.16366475510615, -17.368014697968462], [-66.1633033794496, -17.367066133102853], [-66.16322474140469, -17.366859717854865], [-66.16304333249234, -17.366490158816557], [-66.16280656479138, -17.366140344983357], [-66.16256263555873, -17.365779948963095], [-66.16244803031708, -17.36549221178647], [-66.16225541434578, -17.365008614282175], [-66.16204654330923, -17.365055950501702], [-66.16149523172056, -17.365182868589816], [-66.16094635078446, -17.36528114830721], [-66.16038944022571, -17.365376715241677], [-66.16026327192827, -17.36539836623916], [-66.16022833028242, -17.365404949924088], [-66.15898424368169, -17.365639344594495], [-66.15876560282526, -17.365684018822606], [-66.15843401262867, -17.36576053499016], [-66.15796613925895, -17.365873316591834], [-66.15784759281871, -17.36590509955601], [-66.15774941986771, -17.365946708062935], [-66.1575095374754, -17.36607804577777], [-66.15745423088593, -17.36610890710033], [-66.15714212505613, -17.36628306530509], [-66.15692350546341, -17.366390812314886], [-66.15687157344608, -17.366402497483413], [-66.15679778234724, -17.366411958915176], [-66.15647971514228, -17.366450437286364], [-66.15633419507851, -17.366464611400374], [-66.15575994124212, -17.366530022006234], [-66.1556613336705, -17.36653530720184], [-66.15544929692301, -17.366538977830096], [-66.15471255462555, -17.366602453084276], [-66.15413964308401, -17.36664541949409], [-66.15388707995227, -17.366663322892077], [-66.15354035027335, -17.366688963617946], [-66.1533033570338, -17.366697531714], [-66.15316039096874, -17.366707440671274], [-66.15289595695145, -17.366752888430277], [-66.15265989191963, -17.366765769960164], [-66.15225593466468, -17.366791547920872], [-66.15164313508787, -17.366839672292812], [-66.15107176817739, -17.366879306098344], [-66.15086157326377, -17.366892554470155], [-66.15045898979962, -17.366925993989188], [-66.15012255178053, -17.366961809569116], [-66.14982765732873, -17.366981971594477], [-66.14962770326518, -17.367008743578626], [-66.14944776857553, -17.36706017115616], [-66.14932821637068, -17.3671005146666], [-66.14917443286751, -17.36716111402873], [-66.14903683185487, -17.367215336129394], [-66.14885857007529, -17.367287334687006], [-66.14875776801604, -17.36732909680584], [-66.14873705398982, -17.367256017783884], [-66.14873313258161, -17.367242055658657], [-66.1485417998632, -17.366565959826445], [-66.14860973135411, -17.365737437272674], [-66.14871883897517, -17.365413735532073], [-66.14970277763271, -17.363562909139894], [-66.14999375395526, -17.36294065149124], [-66.15017962130801, -17.362402046407727], [-66.15036785615102, -17.361716376428564], [-66.15041563820459, -17.36139938337511], [-66.15040832581208, -17.361075734973276], [-66.150269494817, -17.360166332323367], [-66.15024996092974, -17.359842509609106], [-66.1502148994657, -17.358941901338806], [-66.15021048499887, -17.358041730140577], [-66.15016994191654, -17.357902902936846], [-66.14991351651098, -17.35705801291181], [-66.14980250302627, -17.356715186684855], [-66.1492676342918, -17.35606633859266], [-66.148917934231, -17.355439365207822], [-66.14891782694167, -17.35542915980883], [-66.14891889464334, -17.35540876730474], [-66.14892555539008, -17.35539152478528], [-66.14894402205981, -17.355395219631692], [-66.14895812984784, -17.355407159864985], [-66.14897872756032, -17.355406821623443], [-66.14899164918654, -17.35539210651369], [-66.14899953204076, -17.35537488142572], [-66.14901582717273, -17.35538522746542], [-66.14903091459777, -17.355400703359155], [-66.14904755364911, -17.355413131196922], [-66.149061372437, -17.355425518799695], [-66.14907448987252, -17.35544069568791], [-66.14908685663563, -17.35545577156678], [-66.14909988984196, -17.355470315154125], [-66.14911173489374, -17.35548872467937], [-66.14912328674895, -17.355507852419393], [-66.14913543198635, -17.355525092329653], [-66.14914618245346, -17.35554131904506], [-66.14915720936317, -17.35555791090268], [-66.14916861929292, -17.35557405672525], [-66.14917967692898, -17.35558866242626], [-66.14919472947179, -17.35560639530717], [-66.14920614638989, -17.355622089729373], [-66.14921804313, -17.35563715889785], [-66.14923189171733, -17.355653700705396], [-66.14925063581428, -17.35565162030183], [-66.14925169370942, -17.355631859749895], [-66.14925282047685, -17.35561372557568], [-66.14924593553528, -17.355596831608977], [-66.14923715645116, -17.355580813619177], [-66.14923376520377, -17.355562976193546], [-66.14923159886585, -17.35554497564208], [-66.1492295391051, -17.35552616391332], [-66.14922899046935, -17.35550692224241], [-66.14922842367953, -17.35548885420914], [-66.1492277093688, -17.355468165378987], [-66.14923129712339, -17.355448982714424], [-66.14924078230023, -17.355431509572508], [-66.14925072914079, -17.35541458481397], [-66.14926502178173, -17.355402417634053], [-66.14928268337916, -17.355391291807805], [-66.14930171042246, -17.355383075049314], [-66.14932207313778, -17.355373613145264], [-66.14934060315136, -17.35536105490472], [-66.14934906538656, -17.35534284476576], [-66.14933519586056, -17.355327657165205], [-66.14932434718666, -17.355311699957557], [-66.14931360928006, -17.35529466073264], [-66.14932937812023, -17.355284320598614], [-66.14934877769461, -17.355276334897187], [-66.14936253768343, -17.355262128365506], [-66.14935482900198, -17.355243777856394], [-66.14934198659635, -17.355229056407126], [-66.14934650185116, -17.35521069966597], [-66.14936482473132, -17.35520545274577], [-66.149379407752, -17.355192747897863], [-66.14938309786814, -17.355173024888966], [-66.14939867769921, -17.355187062984616], [-66.14941710247552, -17.355193466180783], [-66.1494289787865, -17.355179458523395], [-66.14943744938026, -17.355160706698864], [-66.14945499177303, -17.35516944509877], [-66.14946582278507, -17.355174385477586], [-66.14957409621458, -17.355183605319173], [-66.14960202472433, -17.355195652338825], [-66.14967521245137, -17.355138814058968], [-66.14969945740752, -17.355127601485854], [-66.14972367769477, -17.355124064038353], [-66.14979258424377, -17.355082605908432], [-66.14981302554926, -17.355055897809034], [-66.14983774795887, -17.355013809500385], [-66.14986615532946, -17.35499489048548], [-66.14989450266303, -17.35497985350032], [-66.14993970029072, -17.354914940434824], [-66.1499437426636, -17.354914998084045], [-66.14997579962115, -17.354915455252872], [-66.14999187510462, -17.35491568450569], [-66.15001594132596, -17.354916027712182], [-66.15002396743976, -17.354919934762705], [-66.15002848724839, -17.354889116688827], [-66.15002751178542, -17.354885310186553], [-66.15001675475794, -17.354875585004407], [-66.15000961704928, -17.354856791157196], [-66.15002121964507, -17.35484223775311], [-66.15004016053076, -17.354845668356926], [-66.15005941973911, -17.35484675570376], [-66.15008022915369, -17.35484488526211], [-66.15009819828651, -17.35483818842527], [-66.15011878618003, -17.354838482015666], [-66.15013764374764, -17.354835138937037], [-66.15015556493557, -17.35482546151738], [-66.15016259459809, -17.354808675697445], [-66.1501501616815, -17.354791792939324], [-66.15013905605525, -17.35477420670962], [-66.15013924402726, -17.35475596882982], [-66.15015296605782, -17.354768535580476], [-66.15017024039356, -17.354776367096598], [-66.15019059699073, -17.354779456674393], [-66.15020497010772, -17.354792484205603], [-66.1502205918613, -17.354803813844914], [-66.1502377359019, -17.35481399129305], [-66.15025883340742, -17.354817813828166], [-66.15027138863223, -17.354802461292298], [-66.15028959323337, -17.35479269760071], [-66.15030908282053, -17.354797129301062], [-66.15032747847187, -17.35479021277411], [-66.15034424059206, -17.35477948036026], [-66.15035661197771, -17.354763854296845], [-66.15036542220022, -17.35474745505526], [-66.15037480624346, -17.354730431896392], [-66.15038015628969, -17.354712809417638], [-66.15038497299103, -17.354693192737663], [-66.15039054036392, -17.354673677060905], [-66.1504060270726, -17.354663332803224], [-66.15042210993441, -17.354650920148508], [-66.15043095783086, -17.35463208334435], [-66.1504405270865, -17.354615243421176], [-66.15045370125961, -17.35460242809011], [-66.15047170525327, -17.354593474215925], [-66.15049000391552, -17.354601952408025], [-66.15050900669935, -17.354607460743804], [-66.15052062459458, -17.354591914223068], [-66.15052093724059, -17.354571691518988], [-66.15052378253367, -17.35455186612482], [-66.15054281363477, -17.354543378386765], [-66.15056168512713, -17.3545391324631], [-66.15058172798818, -17.354532103943768], [-66.15059907121342, -17.35454156180155], [-66.15060639122274, -17.354524238299447], [-66.15060265870045, -17.35450413851909], [-66.15059694781294, -17.354484281431446], [-66.15059300075661, -17.354465894289206], [-66.15059198610791, -17.354446375058345], [-66.15058331211026, -17.354429636217887], [-66.15057017784494, -17.354415542779048], [-66.15055671221042, -17.35439855502035], [-66.15054758631976, -17.354380635838186], [-66.15054375560892, -17.354360805557285], [-66.15054545185595, -17.35434231827636], [-66.15056228116323, -17.354330277447065], [-66.15057350594456, -17.3543462399574], [-66.15058740343912, -17.354359621878604], [-66.15060319785287, -17.354371947246445], [-66.15062204330705, -17.35437546672928], [-66.15064251481927, -17.354377203396915], [-66.15066286720196, -17.35438056376116], [-66.15067009060486, -17.354399900612812], [-66.15067731121772, -17.354419418024268], [-66.15068597126776, -17.354437059661272], [-66.15068822897183, -17.354455242117808], [-66.15069299001458, -17.35447571776088], [-66.1507034055257, -17.35449537102201], [-66.15071245836269, -17.35451193466047], [-66.15072057111571, -17.354528484895873], [-66.1507292325693, -17.35454603625225], [-66.15073721084303, -17.354565203265523], [-66.15074499272724, -17.35458490927783], [-66.15075253026909, -17.354602173710646], [-66.1507593692788, -17.35462204687992], [-66.15076761562744, -17.354642120713105], [-66.15077622545144, -17.354663012426787], [-66.15078968554157, -17.354680361295877], [-66.15080166522145, -17.35469615396113], [-66.15081471807537, -17.354709433530104], [-66.15083451063471, -17.3547125150012], [-66.15085354922613, -17.354709625931356], [-66.15087299176338, -17.3547049366214], [-66.15089504002606, -17.354702000154628], [-66.15091592390021, -17.354701394881808], [-66.15093664957072, -17.354704941144757], [-66.15095376992817, -17.35471665329527], [-66.15096696196942, -17.35473309533516], [-66.150974380409, -17.35475198346246], [-66.15098387820511, -17.354770178833913], [-66.15099709676744, -17.354784905553352], [-66.15101415941095, -17.354794269080983], [-66.15103071648237, -17.354781592233945], [-66.15104387477369, -17.354763719841447], [-66.15105066698672, -17.354744040998465], [-66.15105576285553, -17.354724608872367], [-66.15106681806215, -17.354708963993485], [-66.15108774659456, -17.354705469743593], [-66.15110844384981, -17.354704771490347], [-66.15112772869763, -17.354710283791782], [-66.15114598363783, -17.3547155105105], [-66.15116914605193, -17.354713492893964], [-66.15118968268506, -17.354704936253835], [-66.15120600288083, -17.35469541650843], [-66.15122196797148, -17.35468453720144], [-66.1512415175866, -17.354685086773035], [-66.15126110312217, -17.354695479541324], [-66.15127689482398, -17.354707985426288], [-66.15129390166403, -17.35472096013063], [-66.15131283612287, -17.35473089211465], [-66.15133380895298, -17.354736699357808], [-66.15135146078259, -17.354744445858678], [-66.15136652275119, -17.354755496538065], [-66.15138509234609, -17.35476470091633], [-66.15140187281635, -17.354755819814176], [-66.15141686101596, -17.35474122427101], [-66.15143777333084, -17.354744863443926], [-66.15145672175484, -17.35475389261576], [-66.15147022395001, -17.35473810198862], [-66.15146977326283, -17.35471859078851], [-66.1514709193278, -17.35469919264746], [-66.15147083351243, -17.35468040904708], [-66.15147131174878, -17.354661633486334], [-66.151478648431, -17.35464322658105], [-66.15149533505888, -17.35465258470956], [-66.1514971102428, -17.35467157298909], [-66.15149689171058, -17.354691797050144], [-66.15151125655753, -17.354705366179942], [-66.15152904339186, -17.354716545985912], [-66.15154710335624, -17.354722221389896], [-66.15156914743638, -17.354719555687414], [-66.15158937412747, -17.354712800584068], [-66.15160827911467, -17.35470638784019], [-66.15162957949471, -17.35470316973148], [-66.1516494823006, -17.35469911900234], [-66.15166831420426, -17.354691350712105], [-66.15168465670304, -17.35468038644343], [-66.15170281798632, -17.35467342129072], [-66.15172224011663, -17.354676136195977], [-66.15174257582687, -17.354680579818037], [-66.15176287333541, -17.35468141089732], [-66.15178520083249, -17.354678658909183], [-66.15180387594107, -17.354674951866524], [-66.15182464156238, -17.354669829816594], [-66.15184404448577, -17.354661618146736], [-66.15186475655398, -17.354653876631478], [-66.15188171106313, -17.35464590096388], [-66.1519004182544, -17.35464011747055], [-66.15192150077313, -17.354632742427807], [-66.15194316966335, -17.35462393094023], [-66.15196098419575, -17.354615064521997], [-66.15198113499338, -17.354607134394826], [-66.15200108940206, -17.35459974326624], [-66.15202051742256, -17.354589906536084], [-66.15204028939095, -17.35458215160353], [-66.15206059611525, -17.35457630058777], [-66.15208102195679, -17.354568825868455], [-66.15210492247887, -17.3545677216568], [-66.15212759670351, -17.35456687086727], [-66.15214912972223, -17.354560766416796], [-66.15216590177607, -17.35455242692246], [-66.15218308473632, -17.354541835783373], [-66.15219848292509, -17.354531128910242], [-66.15221250446008, -17.354518235220414], [-66.15222861231712, -17.35450419735909], [-66.1522483125798, -17.3544949965826], [-66.15226709088772, -17.35448460876745], [-66.15228820182898, -17.3544814781839], [-66.15230845748124, -17.35448501760698], [-66.15232878482567, -17.354490002848788], [-66.15234876821819, -17.354492906288925], [-66.15236911174803, -17.35449075806146], [-66.1523887344503, -17.354492663058817], [-66.15240829885322, -17.35448616932803], [-66.15242325069484, -17.354473920976112], [-66.15244072430839, -17.35448103274431], [-66.1524494841294, -17.35449831454902], [-66.15245833796055, -17.354515597693016], [-66.15247730177076, -17.35452363369108], [-66.15249824562069, -17.354519146205252], [-66.1525171064965, -17.35452167243565], [-66.15253735127689, -17.35451374358667], [-66.15255419026118, -17.35450107061216], [-66.15257427268779, -17.35449756414392], [-66.15258541342388, -17.354512893267845], [-66.15260229899376, -17.354503291151364], [-66.15261647169423, -17.354486697284166], [-66.15263088457708, -17.3544728158366], [-66.15264354755519, -17.354456561656995], [-66.15265151009834, -17.35444024050778], [-66.15265540459899, -17.354419436701047], [-66.1526722114896, -17.354408840156314], [-66.15269096048242, -17.354400348178544], [-66.1527111502856, -17.354389890126573], [-66.15272683325117, -17.35437900666397], [-66.15274042514311, -17.354363488110035], [-66.15275491946387, -17.35435042051087], [-66.1527678616587, -17.354334350898526], [-66.15278510510815, -17.354325927761288], [-66.15280188580222, -17.354335287125615], [-66.15281876190136, -17.354344557547954], [-66.15283788387592, -17.354348441965655], [-66.1528597599932, -17.354350559618055], [-66.1528804287668, -17.354345616669438], [-66.1528977544926, -17.354331866994876], [-66.15290790570214, -17.35431386131152], [-66.15291092480682, -17.354294941324312], [-66.15291374613157, -17.354276650619305], [-66.1529195938591, -17.354257229127985], [-66.15292367912934, -17.354236247428904], [-66.15291673332248, -17.35421718548287], [-66.1529061817229, -17.354200239368847], [-66.15290265369514, -17.35417905891214], [-66.1529187177543, -17.35419220065614], [-66.15293339121088, -17.354204058389158], [-66.15294584948059, -17.35421931596411], [-66.15295563925474, -17.35423688332387], [-66.15296024461334, -17.35425527982807], [-66.15296626289049, -17.354273515860186], [-66.15297690990236, -17.35429037303142], [-66.15298891487187, -17.354304540547403], [-66.153007504053, -17.3543124808585], [-66.1530286796982, -17.354311247413737], [-66.15304812495893, -17.35430637731715], [-66.1530689928984, -17.3543007147848], [-66.15308857515953, -17.35430523783535], [-66.15310960659586, -17.354307253127516], [-66.15312859215432, -17.35430779447436], [-66.15314912844914, -17.354311428109263], [-66.15317049687857, -17.354315976595643], [-66.15318885424426, -17.354320662788712], [-66.15320525474603, -17.354330287606047], [-66.15322314544403, -17.354340836649243], [-66.15324140939009, -17.354351571607758], [-66.15326089823982, -17.35436214341263], [-66.15327834818312, -17.35437078987326], [-66.15329911910783, -17.35437749703648], [-66.1533196484446, -17.354381582056213], [-66.15334285464465, -17.354382815602246], [-66.15336397672837, -17.35437896265924], [-66.15338625619643, -17.354373229898826], [-66.15340722849774, -17.354372986818248], [-66.15342693267456, -17.354375705573734], [-66.15344897591508, -17.354379180043434], [-66.15346867869954, -17.354381989075144], [-66.15348896505685, -17.354383542216528], [-66.1535091908684, -17.35438292729295], [-66.15353068340923, -17.35437944080831], [-66.15354881334996, -17.35436841152628], [-66.1535625103431, -17.35435217200365], [-66.15357322136377, -17.354334445151252], [-66.15358132523552, -17.354315055764978], [-66.15358884274592, -17.35429710282735], [-66.15359394949087, -17.354276948353235], [-66.15360332346924, -17.354260556955833], [-66.15361978075714, -17.354248239642057], [-66.15364024336921, -17.354244467574528], [-66.1536597449818, -17.354242036318656], [-66.1536790167519, -17.354242310788486], [-66.15369773343555, -17.354248085653257], [-66.15371615196554, -17.35426098997326], [-66.15373232962607, -17.354272869077494], [-66.15375278786742, -17.354281558341903], [-66.15377529636733, -17.354279260198172], [-66.15379463445754, -17.354269151096805], [-66.1538105318664, -17.354256554892054], [-66.15382507490722, -17.354240327395946], [-66.15383454426708, -17.354223847042956], [-66.15384131246827, -17.354205702820746], [-66.1538540972197, -17.354187644280504], [-66.15386826282224, -17.354171501704847], [-66.15387603862506, -17.354155087530906], [-66.15388530880549, -17.354139326738117], [-66.15388749009333, -17.354119852990625], [-66.15387418148222, -17.354104854255542], [-66.1538631597484, -17.35408790148615], [-66.1538512779987, -17.354071839469373], [-66.15383673334185, -17.354057726130506], [-66.15382835221764, -17.35404026916479], [-66.15383008019478, -17.354019705362198], [-66.15383874667911, -17.35400041427185], [-66.15385682777286, -17.3539925447602], [-66.15387578821961, -17.353994711075106], [-66.1538950000238, -17.353998867568944], [-66.15391403078222, -17.35400256998256], [-66.15393354970664, -17.354005105445502], [-66.15395375178389, -17.35400602523401], [-66.15395956872521, -17.353988589858954], [-66.15395098423949, -17.353972123301848], [-66.15395044763297, -17.353952069047857], [-66.15395346505329, -17.353945429813077], [-66.15397875899457, -17.353890616672462], [-66.15401056207986, -17.353864882536666], [-66.1540540947522, -17.353932053587577], [-66.15406916103856, -17.35394283323715], [-66.15410647126818, -17.353944086926198], [-66.15414523127316, -17.353948882955045], [-66.15420232790214, -17.353947528770952], [-66.15424739670716, -17.35397002312714], [-66.15427739658372, -17.353969727891734], [-66.15429343998679, -17.353972033232075], [-66.15430683860649, -17.353975113613693], [-66.15432655608512, -17.353970879359565], [-66.15434757435087, -17.35396765692548], [-66.15436993723566, -17.353968697738168], [-66.15438763439282, -17.35397960512583], [-66.15440124597633, -17.35399325364357], [-66.15441939039873, -17.35398737158115], [-66.1544399198786, -17.35397926597323], [-66.15445864507537, -17.353972308574885], [-66.15447774212394, -17.353965627369213], [-66.15449936207132, -17.353959975382832], [-66.15452033371393, -17.353953682062983], [-66.15454111455085, -17.353947566624324], [-66.15456482080155, -17.353940770432736], [-66.15458391366336, -17.35393436005661], [-66.15460597235554, -17.353924650799797], [-66.15462415021545, -17.35391660199058], [-66.15464167698251, -17.353908092409405], [-66.15467826454966, -17.353895248886204], [-66.1546988587536, -17.353889040472335], [-66.15471912430561, -17.353879757173665], [-66.15473841632371, -17.35387262721558], [-66.1547595885112, -17.353865524022147], [-66.15477935056943, -17.35385840075134], [-66.15479927073979, -17.353847125924112], [-66.15481471751902, -17.353833259008095], [-66.15482857172546, -17.35381900821831], [-66.15483543242775, -17.353800955563806], [-66.15483679122109, -17.353779934980714], [-66.15485576003394, -17.35378155951938], [-66.15487582565028, -17.353779136164746], [-66.15489416920738, -17.353772534488048], [-66.1549139145297, -17.35376649456501], [-66.15493399761691, -17.35375684744321], [-66.15494995129632, -17.35374669003519], [-66.15496716470867, -17.353734112454873], [-66.15498313789325, -17.353722691119597], [-66.15499785627026, -17.353707278715017], [-66.15501081077943, -17.35369039639841], [-66.15502312394842, -17.353672421349707], [-66.15503728384098, -17.35365663979072], [-66.1550488059209, -17.353641181882384], [-66.15505640751334, -17.353623862163694], [-66.15506775411339, -17.353607589054672], [-66.15508643541052, -17.353597380159304], [-66.15510462353139, -17.353606939971062], [-66.15512446209681, -17.35360704176024], [-66.15514365449316, -17.353600271539396], [-66.15516345831396, -17.353590439814926], [-66.15518033115131, -17.353581649970213], [-66.15519468322087, -17.35356560023225], [-66.15521310961027, -17.35355972210189], [-66.15523205480794, -17.35355069084929], [-66.15524800984832, -17.353540443131934], [-66.15526704765776, -17.35353150349384], [-66.155286544361, -17.353523292786495], [-66.15530741356945, -17.3535175397163], [-66.15532751399013, -17.353512859303194], [-66.15534733377818, -17.35350808459349], [-66.15536930461245, -17.35350406289878], [-66.15538900531193, -17.35350091189241], [-66.1554077206826, -17.35349458635462], [-66.15542692141996, -17.35348727442128], [-66.15544728508762, -17.35347772153351], [-66.15546371851308, -17.353466938804104], [-66.15548034625678, -17.353449657227284], [-66.15549206327063, -17.353433750560015], [-66.1555012406633, -17.35341789804732], [-66.15550937215266, -17.353396702938916], [-66.15551495287576, -17.35337628422838], [-66.15551731502288, -17.35335726451278], [-66.1555188756763, -17.353335343784902], [-66.15553648939725, -17.353327286850167], [-66.15554422515339, -17.353343921875663], [-66.15555384247071, -17.353360493379228], [-66.15556716791025, -17.353374408651383], [-66.15557960687487, -17.353390930011486], [-66.15559840576022, -17.353391378154456], [-66.15561556337424, -17.35338241172013], [-66.1556355635275, -17.353372040935252], [-66.15565398570953, -17.353366433600225], [-66.15567484792844, -17.35336113188898], [-66.15568987538619, -17.35335005822831], [-66.15569810643154, -17.353328503324953], [-66.15571166039993, -17.35331542208865], [-66.15572201111794, -17.353302746766268], [-66.15572324297777, -17.35330213219577], [-66.15572539541762, -17.353302794928563], [-66.15574022500181, -17.35331673159598], [-66.155756351202, -17.353331950917145], [-66.15576802975797, -17.353349003247107], [-66.15578783626613, -17.35335118141449], [-66.15580428777326, -17.353339225007733], [-66.15581949420658, -17.353322645571865], [-66.15583682243096, -17.353308715033997], [-66.15584074921024, -17.353304075304596], [-66.15584870652772, -17.35329416522076], [-66.15586248611218, -17.353278649078042], [-66.15587906783469, -17.35326434671172], [-66.15589727066147, -17.353254672721835], [-66.1559167693863, -17.35325242178622], [-66.15593624164438, -17.353251886175617], [-66.15595900140784, -17.353251577944313], [-66.15597835111866, -17.353246796476693], [-66.15600053361474, -17.35324124261491], [-66.15602105528646, -17.35323972862648], [-66.15604222108715, -17.353239126803462], [-66.15606197954911, -17.35323832435226], [-66.15608166628934, -17.353236076075337], [-66.15610402426339, -17.353231337400178], [-66.15612630076429, -17.353225784861237], [-66.15614491651134, -17.353219819030265], [-66.15616690680673, -17.353214533314652], [-66.15618736093263, -17.353211302643494], [-66.15620935609307, -17.353211796205407], [-66.15622838198703, -17.35320971911087], [-66.15624801441886, -17.353198801223922], [-66.15626954371587, -17.353199017249892], [-66.15629167745439, -17.353196623167467], [-66.15631111211577, -17.353186334561197], [-66.15632763808871, -17.353175643367138], [-66.15634773846105, -17.353170962841876], [-66.1563679920303, -17.353168541999562], [-66.15638725189766, -17.353163488310688], [-66.15639997156494, -17.35318010392162], [-66.15640061220805, -17.353199527583772], [-66.15640709250984, -17.35321831192864], [-66.15642606269586, -17.353219846031276], [-66.15644700636186, -17.353215358094744], [-66.15646821394692, -17.35321204781364], [-66.15648730878158, -17.353211597078882], [-66.156509053955, -17.353210010145965], [-66.15652994051922, -17.35320922369726], [-66.15654915721618, -17.353206968685647], [-66.15656884813266, -17.353204449518056], [-66.1565867062323, -17.353198834065616], [-66.1566054661119, -17.353189619431365], [-66.1566230937119, -17.353180659587423], [-66.15664540919339, -17.35317257913546], [-66.15666596846313, -17.353168627507323], [-66.15668706810807, -17.353166218668473], [-66.15670725344076, -17.35316822153201], [-66.15672854249505, -17.353165725083], [-66.1567454040959, -17.353157657332474], [-66.15676255119158, -17.35314327262463], [-66.15677575272021, -17.353128651186044], [-66.15678348295384, -17.353109075700367], [-66.15678297387605, -17.353087215798993], [-66.15678186454201, -17.35306769516496], [-66.15679238020637, -17.353050416809033], [-66.15681015331742, -17.353038117906287], [-66.15682740625407, -17.35302906241091], [-66.15684366269605, -17.35301755463165], [-66.15686033555176, -17.35300343406707], [-66.15687547781542, -17.352991007432703], [-66.15689348281101, -17.35298196262867], [-66.15691366531208, -17.352971955494784], [-66.15693496758927, -17.352974696623242], [-66.15695412092329, -17.352982644596402], [-66.15697305071717, -17.352986796777284], [-66.1569924101354, -17.352981383240138], [-66.1570078371993, -17.352968780044893], [-66.15702138966576, -17.352955788982204], [-66.1570384977348, -17.352943932097297], [-66.15705814406667, -17.35294430185094], [-66.15707937115613, -17.352951918108694], [-66.15709734137572, -17.352957320832434], [-66.15711635956525, -17.352949644922006], [-66.15713228868485, -17.352934971950592], [-66.15714982919377, -17.35292555931313], [-66.15716953400415, -17.35292213727593], [-66.15719071788408, -17.352920361679093], [-66.15721060514099, -17.35291730343378], [-66.15723281475752, -17.35291608422342], [-66.15725576947864, -17.352915327109677], [-66.15727901040162, -17.35291430316307], [-66.15729738305438, -17.352905805349746], [-66.1573125099697, -17.3528943717619], [-66.15733104696726, -17.352887411387236], [-66.15735329066044, -17.3528778850214], [-66.15737195507735, -17.352868759247887], [-66.15739337881324, -17.352860575719433], [-66.15741388547022, -17.352856984460136], [-66.15743523574744, -17.352850515587487], [-66.15744925543503, -17.352837711735916], [-66.15746117697249, -17.352820724229705], [-66.15747032837997, -17.352800446515232], [-66.15747862675043, -17.352780608169674], [-66.15748813051921, -17.352761870570042], [-66.15750217803935, -17.35274726110323], [-66.15752156526698, -17.352740041898745], [-66.1575431182002, -17.352738723011228], [-66.15756373522801, -17.352737119910504], [-66.15758287457523, -17.35273378008726], [-66.15760067201299, -17.352725996463658], [-66.15761863240787, -17.352719840561154], [-66.15763505869928, -17.352709509026287], [-66.15765118552125, -17.352694206714315], [-66.15766665985171, -17.352678533920418], [-66.15768287650027, -17.352663503783468], [-66.15769516290065, -17.3526472438498], [-66.15770173011458, -17.352629909280914], [-66.1577131773978, -17.35261318591121], [-66.15772899433931, -17.352599685190366], [-66.15774766706497, -17.352590017691547], [-66.15776706818944, -17.352581895654115], [-66.15778499023877, -17.352572127176103], [-66.15780539556924, -17.352572056142563], [-66.15782506275497, -17.352571071607326], [-66.15784528350048, -17.352564676922622], [-66.15786181212687, -17.35255380501871], [-66.15787790690199, -17.352540579135567], [-66.15789083880621, -17.352525141068117], [-66.15789883142952, -17.352506833454868], [-66.1579177020022, -17.352508727192276], [-66.15793317029338, -17.35252393699733], [-66.15794890808407, -17.352539963336543], [-66.15796500659883, -17.35255698810769], [-66.15797615748322, -17.35257168501804], [-66.1579912455761, -17.35258716031468], [-66.15800848193996, -17.352603569160355], [-66.15802339037322, -17.35261850009864], [-66.15804220528459, -17.352624005047677], [-66.15805925341652, -17.352616030124032], [-66.15807551114868, -17.35260443194688], [-66.15809478966669, -17.35259206401681], [-66.15811260024007, -17.352577327403683], [-66.15812834402332, -17.352562471101553], [-66.15814549375062, -17.352547905689143], [-66.1581607480025, -17.35253430662813], [-66.15817677797807, -17.352519183489278], [-66.15819103849849, -17.3525029515863], [-66.15820528649009, -17.352487532206887], [-66.15822131089071, -17.35247277018549], [-66.15823657765688, -17.35245835859185], [-66.15825022818994, -17.352445097921887], [-66.1582626747089, -17.352430646227855], [-66.1582758551976, -17.352417378872634], [-66.15829629037638, -17.352409271479893], [-66.1583174859687, -17.352400633093858], [-66.15833707785514, -17.352392333106273], [-66.15835619211228, -17.35239061825165], [-66.15837663716304, -17.352394069435398], [-66.15838631352841, -17.35237632753538], [-66.15838785850815, -17.35235539981828], [-66.15838325956315, -17.352336551961034], [-66.15837472619816, -17.35231674516421], [-66.15837049632849, -17.352298354055876], [-66.15837088537766, -17.35227921591202], [-66.15837277020442, -17.352260640835837], [-66.15837414525872, -17.352238536798282], [-66.15839341056707, -17.352233121770837], [-66.15841056608751, -17.352242576305695], [-66.15842940679573, -17.35225250629905], [-66.15844552823197, -17.352261946129996], [-66.15846632982088, -17.352266666576742], [-66.15848700107638, -17.35226154242916], [-66.15850605672658, -17.35225142879125], [-66.15852407132864, -17.35224175185318], [-66.15854075450908, -17.352233049289488], [-66.15855893207495, -17.35222500007111], [-66.15857877039733, -17.352212910943642], [-66.15859288118735, -17.352200288889886], [-66.15860926625777, -17.352186525260866], [-66.15862503640855, -17.352169953577125], [-66.15864329467573, -17.352156668075327], [-66.15866386695949, -17.352145763276205], [-66.15868161621883, -17.352134998944877], [-66.15869749088301, -17.352123846762144], [-66.15871411621754, -17.35211279554925], [-66.15873322688768, -17.352105211078527], [-66.15875543642213, -17.352103991682856], [-66.15877842384542, -17.352107208060993], [-66.1587978334012, -17.352110734779345], [-66.15881763847045, -17.35211300291265], [-66.15883964051041, -17.35211304476355], [-66.15886063072621, -17.352111627423245], [-66.15888236187433, -17.352110943015703], [-66.15890540496008, -17.352110548155213], [-66.1589274535263, -17.352101470318217], [-66.15894553766657, -17.352087279305877], [-66.1589611336794, -17.352069802111135], [-66.1589755723746, -17.35205420477304], [-66.15899096506058, -17.352037717989454], [-66.15900526104477, -17.352025279133926], [-66.1590222693436, -17.35201378183297], [-66.15903683482551, -17.352002159508757], [-66.15905228533464, -17.35198802135134], [-66.15906677350084, -17.351975314320665], [-66.15908306868536, -17.351961278466323], [-66.15909550676051, -17.351947368389173], [-66.1591103987784, -17.351932861086418], [-66.15912688614561, -17.351918557057825], [-66.15914229768468, -17.35190694674899], [-66.15915889375975, -17.35189779138537], [-66.15917724954893, -17.351890376738336], [-66.15919575996227, -17.35188513149687], [-66.15921651682525, -17.351880550284267], [-66.15923869632702, -17.351875176584855], [-66.15925800610292, -17.351866872483992], [-66.15928859085508, -17.351834708712826], [-66.15930169252651, -17.35182044684896], [-66.15931489933335, -17.3518054640748], [-66.15933265548377, -17.351794248271652], [-66.15934796881935, -17.351782907449316], [-66.1593619457677, -17.35176676171078], [-66.1593655240146, -17.351748120376644], [-66.15936985154073, -17.351729670291682], [-66.15937650839359, -17.35171260781644], [-66.15938252527543, -17.35169436234026], [-66.15939077330216, -17.3516777739794], [-66.15940699470565, -17.351668522965507], [-66.1594280037619, -17.351671982048856], [-66.1594468909825, -17.35167279226372], [-66.15946730458616, -17.35167217936165], [-66.15948597596983, -17.351674792514146], [-66.15950678866737, -17.351678790601596], [-66.15952501285724, -17.351673812159184], [-66.15954258653258, -17.35166223253898], [-66.1595582661392, -17.35165152900525], [-66.15957551049117, -17.35164301491647], [-66.15958227245787, -17.351625231521545], [-66.15957937387888, -17.351605866037662], [-66.15957327068986, -17.35158699681709], [-66.15956777298797, -17.351568497402535], [-66.15963151473807, -17.351492828426736], [-66.15964060126527, -17.351482843898616], [-66.1596967449668, -17.351421244094283], [-66.15980769764046, -17.351348051908147], [-66.15990755544216, -17.351250411181187], [-66.15998822573893, -17.351214172989017], [-66.1600898563975, -17.351154032032742], [-66.16014263554932, -17.35114602274879], [-66.16021886905985, -17.35109870475686], [-66.16044299637795, -17.350954518396108], [-66.16056192013535, -17.350815519576848], [-66.16061756578499, -17.350767908946473], [-66.16062707704134, -17.35074560437456], [-66.16063416248065, -17.350734282006314], [-66.16064440396808, -17.350716457681006], [-66.16064317794091, -17.35069838016348], [-66.16062672495332, -17.350686046186613], [-66.16062523220054, -17.35066697157484], [-66.1606445237239, -17.350659840961207], [-66.16066547400824, -17.350654901119594], [-66.16068448713649, -17.350653636080718], [-66.16070063663263, -17.35064293911061], [-66.16071107863615, -17.350624304923766], [-66.16072008967082, -17.350607004918164], [-66.16073052610832, -17.35058873185273], [-66.16072592553998, -17.350569974298732], [-66.16070962581026, -17.35055990001918], [-66.16069453203382, -17.35054478603925], [-66.16068310454519, -17.350529724135427], [-66.16067081986915, -17.35051537245954], [-66.1606611095433, -17.350498709536744], [-66.16065397217669, -17.350479825648126], [-66.16066333837983, -17.350463885197332], [-66.16068166253967, -17.35045240641151], [-66.16070190940512, -17.35044429605314], [-66.16072215209786, -17.35043645653475], [-66.16073957179027, -17.350428757517513], [-66.16075382636103, -17.350412886494876], [-66.16077105718307, -17.35039913465675], [-66.16079008333581, -17.35039091664891], [-66.16080866672137, -17.350387026775337], [-66.16082933912107, -17.350381812063187], [-66.1608495506809, -17.350382099135448], [-66.16087145298144, -17.35038250052014], [-66.16089047720543, -17.350380513211032], [-66.16091282087959, -17.35037667673508], [-66.16093512423491, -17.3503754583993], [-66.16095101669593, -17.350363132343283], [-66.16096113770654, -17.350347021993475], [-66.16097069328151, -17.35033099391274], [-66.16098093332022, -17.350313259842288], [-66.16099127153474, -17.350295256263767], [-66.1609988076038, -17.350276038979988], [-66.16100471635347, -17.350258694895068], [-66.16101345782984, -17.350240578336493], [-66.16102170285393, -17.35022417043674], [-66.16103380634152, -17.35020754643379], [-66.16104187446939, -17.350190413616073], [-66.16105015980433, -17.350171387571248], [-66.16106039009328, -17.350154285459656], [-66.16107302007971, -17.350140107045217], [-66.16108903293117, -17.350126066973512], [-66.16110718934704, -17.350119371686947], [-66.16112576071514, -17.350110153876276], [-66.16113983277434, -17.350093919023813], [-66.16114858534918, -17.35007508020953], [-66.16114245977509, -17.350057655511215], [-66.16112619342205, -17.350045414529216], [-66.16110877257282, -17.35003487286064], [-66.16109337731126, -17.350021018837715], [-66.1611002261113, -17.35000368809781], [-66.1611175642537, -17.349995175176698], [-66.16112357115706, -17.349977561577518], [-66.16114233278049, -17.34997430630138], [-66.16116305968873, -17.349977761174006], [-66.16118200133184, -17.349987240828312], [-66.16119730398177, -17.350001003229174], [-66.16121649758891, -17.350006332633495], [-66.16123678696039, -17.350001563935063], [-66.16125704435892, -17.349998871693167], [-66.1612720467382, -17.34998328214395], [-66.16128588071764, -17.34997029471718], [-66.16129562286615, -17.34995435956415], [-66.16129656171027, -17.349936132183554], [-66.16129648593727, -17.349916626186747], [-66.16130109105532, -17.349898450869784], [-66.16130822602184, -17.349880853281462], [-66.16131716519106, -17.349862107406178], [-66.161330020682, -17.349845494057018], [-66.16134907872797, -17.34983519952454], [-66.16136104784012, -17.349821192302123], [-66.16136943407864, -17.349801716166986], [-66.16138599006949, -17.34978903828542], [-66.16140550424176, -17.34977965322907], [-66.16142145726656, -17.349769495197673], [-66.16143326059469, -17.34975404080632], [-66.1614327092094, -17.349734889256016], [-66.16143027629462, -17.349715801288685], [-66.1614494153076, -17.34971246103765], [-66.16150047271961, -17.349706323194326], [-66.16151783027803, -17.3496965462997], [-66.1615347233597, -17.349686401605712], [-66.16154661928998, -17.349671038821057], [-66.16155748809139, -17.349655209948054], [-66.16156649343105, -17.349638271007613], [-66.16157501761496, -17.34962204763916], [-66.16158953044216, -17.349607715314892], [-66.16160137127233, -17.349589823326966], [-66.16161709506555, -17.349576230599183], [-66.16162787401736, -17.349560129543182], [-66.16164609240226, -17.34955551199058], [-66.16166499473862, -17.349555328876065], [-66.16168595827784, -17.349555626528755], [-66.16170485227575, -17.34955598509558], [-66.1617276959539, -17.349556309438935], [-66.16174763792675, -17.349555779875303], [-66.16176786192054, -17.349555254313834], [-66.16178768259029, -17.3495503885954], [-66.16180271357518, -17.349539043529024], [-66.16181359207569, -17.34952258267151], [-66.16181539776863, -17.349503013079282], [-66.16181543400755, -17.349482334757404], [-66.16183050667794, -17.349468281261856], [-66.16184092764458, -17.349451001200556], [-66.16184282872936, -17.349431342661248], [-66.16183700457518, -17.349412658048703], [-66.16184814423782, -17.349397555404625], [-66.16186670299348, -17.349389150036206], [-66.16188165107077, -17.349377081379473], [-66.16189200581431, -17.349357994361842], [-66.16189731059251, -17.34933711993599], [-66.16189206298235, -17.349317630804553], [-66.16189526208674, -17.34929916459986], [-66.16188857797077, -17.349281370785373], [-66.1618713298592, -17.349271824945703], [-66.16185467358498, -17.349260481495367], [-66.16183878048498, -17.349248426474322], [-66.16182727284682, -17.349232460489034], [-66.16184314569217, -17.349221398269783], [-66.16186219759302, -17.349217605231416], [-66.1618814055432, -17.34921589132045], [-66.16190251675962, -17.349218809759407], [-66.16192249989601, -17.349221712180746], [-66.1619389903938, -17.34923160846231], [-66.16195328735397, -17.34921907905079], [-66.16196536567166, -17.349204080023775], [-66.16198039743095, -17.349217116113742], [-66.16199803963774, -17.34922549363103], [-66.1620167863033, -17.349235421936953], [-66.16203123841079, -17.349218921494852], [-66.16204732844115, -17.349205966027963], [-66.16206091502792, -17.349190717504253], [-66.16207402463054, -17.34917591371096], [-66.1620889740668, -17.349163754753075], [-66.16210954952243, -17.34915871910968], [-66.16212542234732, -17.34914765686451], [-66.16213613362352, -17.349129839098833], [-66.16213961888673, -17.349111106046745], [-66.16213917810073, -17.349090872450674], [-66.16213909805582, -17.349071637282435], [-66.16213958344031, -17.349052319840347], [-66.16215361641767, -17.3490386127551], [-66.1621680860767, -17.349027079082518], [-66.16218262660149, -17.349010941082863], [-66.16219380094812, -17.34899358138883], [-66.16220412367444, -17.348976570807164], [-66.16221396385961, -17.348960366080423], [-66.16222202208544, -17.348943865155427], [-66.16223196183174, -17.348927300638117], [-66.16224472872227, -17.348910324749042], [-66.16225709874121, -17.348894697734565], [-66.16226972020866, -17.348881060902205], [-66.16228522530992, -17.348869451615982], [-66.16229760088046, -17.348853463474406], [-66.16230948696308, -17.348838732592373], [-66.16232187781351, -17.34882175135863], [-66.16232209365961, -17.348801617381376], [-66.16231056098634, -17.348787276477644], [-66.16230829792573, -17.34876936482861], [-66.16231253521163, -17.348750642444625], [-66.16232378686043, -17.34873436744415], [-66.16234331846552, -17.348729949056516], [-66.1623550498691, -17.34871304875922], [-66.1623687938362, -17.348699789053747], [-66.16237742024143, -17.348683025281918], [-66.16237948564148, -17.348664904170953], [-66.16237976491739, -17.34864675770692], [-66.16238557946035, -17.348629412217665], [-66.16239396128796, -17.3486468689149], [-66.16239988227468, -17.348665374289684], [-66.16240371010932, -17.34868547536507], [-66.1624078546996, -17.348703323420608], [-66.16241852186644, -17.34871891624283], [-66.16243160263805, -17.34873652993804], [-66.1624429056239, -17.348753576594657], [-66.1624586574872, -17.348768699784625], [-66.16247446909716, -17.34877994089408], [-66.16249336069605, -17.348792670530056], [-66.16251015127894, -17.348801397114627], [-66.16252963193105, -17.348812509697062], [-66.16254911675382, -17.34882335143515], [-66.16256888128972, -17.34882823729893], [-66.1625876131436, -17.34883301820287], [-66.16260552625761, -17.34884212191572], [-66.162623092523, -17.34884932439054], [-66.16264331181529, -17.348855210009255], [-66.16266482636232, -17.348862468519645], [-66.16268445661076, -17.34886997118597], [-66.16270305556658, -17.348877278612164], [-66.16272133777206, -17.348886839057666], [-66.16273854422812, -17.348899093253635], [-66.16275592897499, -17.348911982083468], [-66.16277425934815, -17.348924523130364], [-66.16279119351633, -17.348936141353565], [-66.16280711028419, -17.34894666152819], [-66.16282453532874, -17.348956932205862], [-66.16284408918173, -17.348951069275813], [-66.16282657846506, -17.3489402555799], [-66.16281374353989, -17.34892499321045], [-66.16279489867404, -17.348915334486083], [-66.16277727033993, -17.348906054228593], [-66.16276328094541, -17.348892491184348], [-66.16274472922015, -17.348882114211165], [-66.16272694205381, -17.34887093538185], [-66.16271112347191, -17.348860145693795], [-66.16269600878503, -17.348846386073404], [-66.16267964978563, -17.348834053602065], [-66.16266355057938, -17.348823169627416], [-66.16264642980637, -17.348811458446534], [-66.1626319940145, -17.348796353948273], [-66.16262030108786, -17.348780204771774], [-66.162610115047, -17.348763896381282], [-66.16259893105824, -17.3487452260093], [-66.16258820460028, -17.348727374836734], [-66.16257792455816, -17.3487110651111], [-66.1625720410642, -17.34869012215372], [-66.16256794647384, -17.348669023985796], [-66.16256475304763, -17.348650467026737], [-66.16256113404819, -17.348629014406526], [-66.16255813975044, -17.34860973786861], [-66.16255591556632, -17.34858929835287], [-66.16255624622912, -17.348567811491495], [-66.16255918962165, -17.34854762592282], [-66.16256372973352, -17.348527553317517], [-66.16256675184773, -17.348508362172964], [-66.1625710928297, -17.348489009146096], [-66.16257607657289, -17.348470658549054], [-66.16258163129989, -17.348451864552587], [-66.16258801541137, -17.348434165935267], [-66.16259871686916, -17.348416980097607], [-66.16261262426711, -17.34839920765666], [-66.16262463903104, -17.348382221058127], [-66.1626363620485, -17.348365862422416], [-66.16265009346506, -17.348353415218885], [-66.16266454544132, -17.34833691471127], [-66.16267581370215, -17.348319556310827], [-66.16268663276777, -17.34830083702429], [-66.16269603201118, -17.348282729690563], [-66.16270758784117, -17.348265014166124], [-66.16272170916268, -17.34825166948303], [-66.16273698078554, -17.348236896313498], [-66.16275345226057, -17.348223584981678], [-66.16277334177151, -17.34822034553135], [-66.16279294046913, -17.348223784201096], [-66.16281269985492, -17.348222890717395], [-66.16283362065681, -17.348219846498253], [-66.16285222047286, -17.348214873023917], [-66.16287017242418, -17.34820311780301], [-66.16288568993343, -17.348190695926966], [-66.1629029991169, -17.34817793827319], [-66.16291842678301, -17.348165244216965], [-66.16293249019363, -17.348149550876375], [-66.1629509811677, -17.348139428708237], [-66.16296957586991, -17.34812867590537], [-66.16298323546653, -17.34811478284326], [-66.16300366028314, -17.34810730683231], [-66.16302549380339, -17.348099941110334], [-66.16304654332372, -17.348094641175997], [-66.16306601557231, -17.348087964346593], [-66.16308326222821, -17.348079269317754], [-66.1631037185382, -17.34807585727335], [-66.16312452170342, -17.348074346463214], [-66.1631470665395, -17.34807574998756], [-66.1631683212339, -17.348081559936166], [-66.16318749251298, -17.348088333626727], [-66.16320428863497, -17.34809669902495], [-66.1632233061853, -17.348107353460982], [-66.16324066218188, -17.348115997703164], [-66.16326103332673, -17.348124233224393], [-66.16327981608907, -17.348131814100476], [-66.1633020659753, -17.348140166577124], [-66.16331999573993, -17.348148186849798], [-66.1633374624193, -17.3481557490467], [-66.16335479203767, -17.34816610861931], [-66.16337069350726, -17.348177621835667], [-66.16339036217727, -17.348188737000395], [-66.16340793259266, -17.348195668558944], [-66.16342665886351, -17.34820081050221], [-66.16344673273179, -17.34821003509652], [-66.1634630352367, -17.34821992858413], [-66.16348024308579, -17.348232092433978], [-66.16350006271861, -17.348239507402187], [-66.16349225455139, -17.348221426774007], [-66.16348309696392, -17.34820549421645], [-66.16346930945595, -17.3481910310786], [-66.1634517325301, -17.34817841048809], [-66.1634361214066, -17.34816635959292], [-66.16341835369516, -17.348153916894457], [-66.16340187013031, -17.348143569331647], [-66.16338523049942, -17.348131142637044], [-66.16337134622073, -17.34811685872241], [-66.1633584728414, -17.34809798381491], [-66.16335179415712, -17.348079828909288], [-66.16333734306914, -17.348065717551957], [-66.16331827690215, -17.348058222961225], [-66.1633005032129, -17.348052281820248], [-66.16328372931198, -17.34804247193418], [-66.16327596378811, -17.34802773303213], [-66.16326613473666, -17.34800655349981], [-66.16326190439278, -17.347988162431296], [-66.16325594677173, -17.347978144818534], [-66.16325163959483, -17.347970859645717], [-66.16324329659143, -17.34795087510837], [-66.16323293640177, -17.347933661269412], [-66.16322618178415, -17.34791433137524], [-66.16321153715, -17.34790057846802], [-66.1631986110196, -17.347885134231948], [-66.16318673284883, -17.347868801858713], [-66.1631793725315, -17.347852172389896], [-66.16319050920328, -17.347837250200968], [-66.16320913814275, -17.34783038078541], [-66.16322167101342, -17.34781638141278], [-66.16320883055927, -17.34780148019784], [-66.16319259755284, -17.347787072647154], [-66.16317718104985, -17.347799044484482], [-66.16315807513745, -17.34780635863259], [-66.16316052896373, -17.347787430306393], [-66.16316385106781, -17.3477670694897], [-66.16316425759264, -17.347746757601943], [-66.16315284390677, -17.347730793021825], [-66.16313667158134, -17.3477185535456], [-66.16312301008756, -17.347702015263845], [-66.16311502507394, -17.347683209713033], [-66.16311044650355, -17.347663007688645], [-66.16310734841773, -17.34764436178416], [-66.16310813652646, -17.34762369410905], [-66.1631223684407, -17.347609267347604], [-66.16312829087614, -17.347627682427284], [-66.1631361059343, -17.34764531165684], [-66.16314844995219, -17.34766192154327], [-66.16316270603977, -17.34767648164511], [-66.16317547053303, -17.347690207874617], [-66.16318936449011, -17.34770385982958], [-66.16320669683749, -17.347714038846046], [-66.16322807094345, -17.34771208461747], [-66.16324593443755, -17.347718297936808], [-66.16325991963069, -17.347732131783776], [-66.16327842589284, -17.347739347528766], [-66.16329847141657, -17.34773818714766], [-66.1633119976961, -17.347751292074427], [-66.16332461958888, -17.347768176797747], [-66.16333518445998, -17.34778430992782], [-66.16335330915102, -17.34779188145561], [-66.16337400300213, -17.34779136237162], [-66.16338357488387, -17.347774250749737], [-66.16339051042553, -17.347757372623022], [-66.16339982250693, -17.347738812502296], [-66.16340630051445, -17.347721115176434], [-66.1634155820374, -17.347704541236535], [-66.16342167846202, -17.34768719969851], [-66.1634360085335, -17.347672503402702], [-66.16345412618851, -17.347662195279298], [-66.16346966444638, -17.347648419129712], [-66.16348814006729, -17.347639289990852], [-66.16350281560064, -17.347626585206225], [-66.16351556977861, -17.34761042173281], [-66.16352103175674, -17.347591536076234], [-66.1635317164086, -17.347575433539628], [-66.16354295259576, -17.347560151533738], [-66.16355875896875, -17.347547282186262], [-66.16357542944759, -17.34753325118746], [-66.1635878145318, -17.347516630967423], [-66.16360147403576, -17.347502737848835], [-66.16361088564143, -17.34748381792249], [-66.1636188649354, -17.34746632248631], [-66.16362893596761, -17.34744732161336], [-66.16364035320647, -17.347432493672006], [-66.16365833099412, -17.347425163464948], [-66.16367912201638, -17.347418324671168], [-66.16369671266821, -17.3474117113738], [-66.16370827389784, -17.347393634643925], [-66.16370950974498, -17.347374418120722], [-66.1637197410006, -17.347357225528878], [-66.16373532044948, -17.347346881364516], [-66.16375512738678, -17.347336777773837], [-66.1637751181681, -17.3473269476912], [-66.1637948574795, -17.34731512742258], [-66.1637973098384, -17.347296289358265], [-66.16380041051757, -17.347278092596294], [-66.16379912237107, -17.347233465757164], [-66.16380653759843, -17.347215962307352], [-66.1638157125523, -17.347200199534925], [-66.16382932105493, -17.347183506348525], [-66.16384205573044, -17.34716860677957], [-66.16385106904991, -17.347151125997687], [-66.16386288587996, -17.347134768594408], [-66.16388112759715, -17.347128616015844], [-66.16390235944911, -17.347123679762312], [-66.16392098135339, -17.347117261670743], [-66.163939861669, -17.347112382355686], [-66.16396003446067, -17.347109056485756], [-66.1639804081736, -17.347098780305927], [-66.16400269157228, -17.34708049444587], [-66.16409532694219, -17.347005865533202], [-66.16431671254233, -17.34683156466409], [-66.16450328114435, -17.346677358287376], [-66.16454431399954, -17.346644348331754], [-66.16456350660059, -17.346619155699386], [-66.16457455285006, -17.34661010167629], [-66.16485488538851, -17.346289445723006], [-66.16513575590132, -17.346086639454626], [-66.16562104985346, -17.345601650920752], [-66.16572274892926, -17.345567333434314], [-66.16602541625694, -17.34537774763338], [-66.16628954761674, -17.34511374899847], [-66.16659582695816, -17.34482361809701], [-66.16718392870082, -17.344280573203367], [-66.1674676849379, -17.343975221824223], [-66.16774044362892, -17.34365734290168], [-66.16773086390725, -17.343772973118057], [-66.16778821310115, -17.34384683893601], [-66.16780123105772, -17.34394816046312], [-66.16788399632655, -17.344081352822787], [-66.16790006545943, -17.344179918234754], [-66.16798695251308, -17.344234516755126], [-66.16805090655063, -17.344257907494196], [-66.16815245037715, -17.34430711487025], [-66.16836579822947, -17.34431293560498], [-66.16855612702808, -17.344293145857318], [-66.1687190384567, -17.344160633167135], [-66.16865435114869, -17.344185001520586], [-66.16853702117099, -17.34420862441668], [-66.16841107902655, -17.34422363698321], [-66.16829148082026, -17.34420514731764], [-66.16817540257082, -17.34414724587816], [-66.1680743248611, -17.34406156350665], [-66.16801444950191, -17.343962377681297], [-66.16797271310628, -17.343826967131413], [-66.16796612774482, -17.343686365457646], [-66.16796502407992, -17.34356841667794], [-66.16801934135984, -17.34345396183241], [-66.16811125482995, -17.343371012657595], [-66.16820578156013, -17.343307695764334], [-66.168317325662, -17.343281191726252], [-66.16846976158824, -17.343255266655976], [-66.16860955002576, -17.34329372765361], [-66.16875181219936, -17.343354798856954], [-66.16881695623586, -17.34349054072771], [-66.16884743142056, -17.34360619639866], [-66.16886143299031, -17.343667979981777], [-66.16891027490585, -17.343750935794194], [-66.16894281917597, -17.343695048676473], [-66.16895514853218, -17.343633005779754], [-66.1689712793833, -17.343537695596417], [-66.16897565966198, -17.343442219048736], [-66.16889118663524, -17.343230350638116], [-66.16869091975164, -17.34313197662943], [-66.16852768947744, -17.343101581775343], [-66.16844484897072, -17.343083522465868], [-66.16841148744126, -17.34307627748213], [-66.16855188827547, -17.34293396442161], [-66.16886185012203, -17.342605593518872], [-66.16923074661833, -17.342051671322622], [-66.16969277081225, -17.341752089999822], [-66.17014088246698, -17.341452220232597], [-66.17043640836606, -17.34116355500592], [-66.17073152485393, -17.340901522283648], [-66.17125738647208, -17.340264661450302], [-66.17151933270215, -17.340062479304486], [-66.17166179470529, -17.339889670714108], [-66.17176705050686, -17.339800948176478], [-66.17195670396382, -17.339640907017785], [-66.17233654699734, -17.339273513698526], [-66.1726043352229, -17.33898445215016], [-66.1728581008885, -17.338708466222396], [-66.17327928440606, -17.3383550195262], [-66.17365891884064, -17.3380008943192], [-66.17406505722009, -17.337727149737237], [-66.17445676648094, -17.337493023297544], [-66.17487844610888, -17.337112940480118], [-66.1752864149639, -17.336719388590073], [-66.1756376997011, -17.33640486189067], [-66.17614512005977, -17.335852878080495], [-66.17653335976124, -17.335845083886547], [-66.17717540133057, -17.33584096083647], [-66.1776949336797, -17.33602121915039], [-66.17815163993777, -17.33606757552951], [-66.17848380961918, -17.336098900006778], [-66.1789669328343, -17.33622545395792], [-66.17958850367765, -17.336367413880396], [-66.17996120635021, -17.336465859954398], [-66.1803480259733, -17.3365511396952], [-66.1807233726288, -17.33647660326935], [-66.18100139773851, -17.336427243389494], [-66.18195677089304, -17.336493982808523], [-66.18206385309989, -17.33650072883664], [-66.18215327674852, -17.336506323037906], [-66.18353905452396, -17.33659356586432], [-66.18411731691751, -17.33660423533144], [-66.18486882347356, -17.336401790028155]]]}, "properties": {"OBJECTID": 3, "distrito": 2, "comuna": "TUNARI", "Nombre": "Distrito: 2", "Shape_Length": 16515.077158126955, "Shape_Area": 10942324.506966563}}, {"type": "Feature", "id": 4, "geometry": {"type": "Polygon", "coordinates": [[[-66.12146084375414, -17.399298649638197], [-66.12146193400802, -17.39929773531164], [-66.12146198069016, -17.399297697157568], [-66.12189868881762, -17.39895612028427], [-66.12189872887517, -17.398956084743386], [-66.12253097552997, -17.39742443428637], [-66.12253098534259, -17.397424408241623], [-66.12310710886689, -17.39561860965713], [-66.12333524446622, -17.395047213741346], [-66.12333525708523, -17.395047188639982], [-66.12364818154651, -17.39458810394198], [-66.1241696803471, -17.393824485109267], [-66.12416970058683, -17.393824453796842], [-66.1242306290193, -17.393723694833398], [-66.12447543522188, -17.3933188910631], [-66.12459899537102, -17.39311454938274], [-66.12461149486887, -17.393122508736354], [-66.12500622561832, -17.39337385869195], [-66.12515952230653, -17.393481449537028], [-66.12616710097421, -17.39418861105592], [-66.12618408306722, -17.39420396350131], [-66.1265567873067, -17.394540853424164], [-66.1271572738172, -17.395083673561437], [-66.12729628961824, -17.39520929398373], [-66.12776264993056, -17.395993567513454], [-66.12792182982864, -17.396303228306316], [-66.1281068898735, -17.39675712554479], [-66.12817845112569, -17.39686615259419], [-66.12854209802356, -17.397513227074242], [-66.12870621051388, -17.397664039311838], [-66.12898979787644, -17.397848988624023], [-66.12910680909978, -17.397895908989888], [-66.12910692743519, -17.397895919723346], [-66.12932949241699, -17.397901202468688], [-66.12937314463751, -17.397902237205827], [-66.12944027833674, -17.397904416314535], [-66.12949289140649, -17.397925944059924], [-66.12956579302751, -17.397991375144578], [-66.12983417032433, -17.39822884043281], [-66.13047815994501, -17.39961885778552], [-66.13056022281428, -17.3997478053121], [-66.13060249446191, -17.3997937469506], [-66.13060251961042, -17.399793762663197], [-66.1307150223562, -17.399850109564756], [-66.13072751157458, -17.399856364550118], [-66.13076832325315, -17.399854673601283], [-66.13085875078812, -17.399850927142136], [-66.13086514381496, -17.399850662455357], [-66.13089892703208, -17.399842525989826], [-66.13096963353016, -17.399819704643697], [-66.13103632670027, -17.399788879278226], [-66.13122681994317, -17.39970800207718], [-66.13166899376948, -17.39972632331934], [-66.13201367210587, -17.399869315803976], [-66.1321166635483, -17.399984221788138], [-66.13226807423769, -17.40015316335293], [-66.13242504176534, -17.400461534058714], [-66.13285034092857, -17.401179643808415], [-66.13288458569683, -17.401419438662867], [-66.13289417888977, -17.40179249982998], [-66.1328942368262, -17.40179475451027], [-66.13289530484975, -17.401793032528488], [-66.13295251460019, -17.401820125729017], [-66.13279491180229, -17.40195668670292], [-66.13228202622471, -17.402484982382223], [-66.13126856618295, -17.403243887892224], [-66.13028271463094, -17.40402707650311], [-66.12923697189116, -17.404860165776267], [-66.12887158499086, -17.40535064985079], [-66.12854323487687, -17.405859586153248], [-66.12765231324018, -17.40733398873511], [-66.12717476349951, -17.408170000601906], [-66.12604474826104, -17.414622105778143], [-66.1259854487898, -17.415279882742603], [-66.12613443782568, -17.4161993674764], [-66.12648630358993, -17.41667480426558], [-66.1271660857483, -17.417076681340067], [-66.13133878610982, -17.41795463975798], [-66.13101883124959, -17.423482958704817], [-66.13454367989559, -17.423681162166712], [-66.13534420281188, -17.42371734708855], [-66.13533439937882, -17.423718981341832], [-66.1346106656092, -17.42368705623398], [-66.13459984795098, -17.42369557284412], [-66.1344972783926, -17.42377622429963], [-66.13424680142381, -17.423979983031643], [-66.13366037224392, -17.42445703313194], [-66.13302747051434, -17.42498309140925], [-66.13202001068522, -17.425839715505294], [-66.13099228275743, -17.4267341803574], [-66.1306029329777, -17.42708167438149], [-66.130385170649, -17.427319838764806], [-66.12981021418905, -17.4279976522876], [-66.12961435558924, -17.428228547144222], [-66.12939895098181, -17.428492241496627], [-66.12918806754583, -17.428750400438624], [-66.12888214887651, -17.429135854158964], [-66.12874376081265, -17.42931021934013], [-66.1285722612663, -17.429613556102982], [-66.12790069953499, -17.430858165255607], [-66.12725778614659, -17.432095331931983], [-66.12700270487504, -17.432554270629144], [-66.1267132258441, -17.43310114992912], [-66.12646575926671, -17.43348700662499], [-66.12619059583052, -17.433908473720972], [-66.12542026679951, -17.435088374934576], [-66.1252661253601, -17.435376568525765], [-66.12526124308039, -17.435385696630735], [-66.12521925729928, -17.43552366006624], [-66.12520924667872, -17.435685976269504], [-66.12521906732592, -17.435853357456164], [-66.1252467933628, -17.43598993848938], [-66.12537766250783, -17.43637408928362], [-66.1256110541872, -17.437521852765276], [-66.12579889284979, -17.43824130506264], [-66.12582892075713, -17.438389864816838], [-66.12582396115116, -17.43854747546488], [-66.12580221910295, -17.438664228744678], [-66.12575087930958, -17.43876383141151], [-66.12564514194572, -17.43891852815191], [-66.12517541394953, -17.43943164226305], [-66.1250991140095, -17.4395356617377], [-66.12509967946869, -17.43954549518858], [-66.12511827365681, -17.43986874568622], [-66.1250975135427, -17.43987423383769], [-66.12414321440097, -17.440018724432207], [-66.12249796025843, -17.44026529794677], [-66.12203507128235, -17.440334668486436], [-66.12069078336133, -17.440548161528746], [-66.12059496659631, -17.44056968708518], [-66.12020511371965, -17.440657268289527], [-66.12020581934388, -17.44063192934866], [-66.12008786076491, -17.440631486334276], [-66.11952261440901, -17.439180625869913], [-66.11944778115821, -17.438740517515367], [-66.119565974227, -17.43745639551389], [-66.11953938393293, -17.436029043158744], [-66.11946242992295, -17.43572994849395], [-66.11906648215907, -17.434940257145257], [-66.11848933794268, -17.43424194182447], [-66.11728912414587, -17.433691358917365], [-66.11712881694504, -17.43350085808624], [-66.11688409483693, -17.432438941324865], [-66.1167579013482, -17.432154844863792], [-66.11673068951966, -17.431809425509666], [-66.11728311836188, -17.430954997828312], [-66.11783663534402, -17.4289950751113], [-66.11852149336951, -17.428032757439222], [-66.11780977099407, -17.427484654307232], [-66.11708669605645, -17.42728514854581], [-66.11680091384282, -17.42709943847287], [-66.11665896757074, -17.42701794418044], [-66.11604059731827, -17.426867854639276], [-66.11598287554806, -17.4263809493936], [-66.11582627132228, -17.42595527816709], [-66.11519400744149, -17.425648139346883], [-66.11507965245693, -17.425646482682744], [-66.11407799993844, -17.425214074517967], [-66.1130584493572, -17.42480806080298], [-66.11251841589572, -17.424198296041595], [-66.11221786425388, -17.42411219413102], [-66.11189879395664, -17.42421903590243], [-66.11087820216996, -17.42315642048438], [-66.11011068018566, -17.42224609916135], [-66.10793272841195, -17.419976210739545], [-66.10756140614787, -17.419640243323546], [-66.10724541810141, -17.419362326985535], [-66.10681995798102, -17.418852965958845], [-66.10694678269752, -17.418762429124282], [-66.10701617618757, -17.418712925940152], [-66.10760093508857, -17.418295488408432], [-66.10794599956151, -17.418023012281495], [-66.10794602526447, -17.418022992789385], [-66.10922993851571, -17.417039299402923], [-66.10922997191193, -17.41703926918663], [-66.11019047420031, -17.416042633401336], [-66.11094727626761, -17.415378519508952], [-66.11094730493303, -17.41537849102963], [-66.11170270581418, -17.41453210335137], [-66.11186475697566, -17.41437705498567], [-66.11343771966563, -17.412842508561653], [-66.11458674602777, -17.412751464770672], [-66.1150482558715, -17.413309012808178], [-66.1152400488603, -17.413395149197324], [-66.11551525493472, -17.413518758095503], [-66.11609902013257, -17.413431944487876], [-66.1164742484349, -17.41289062531817], [-66.1165429062158, -17.41270695201362], [-66.11659130257159, -17.41257752771097], [-66.11703455409477, -17.41209934018815], [-66.1172664700258, -17.411891474664813], [-66.11750426615424, -17.411584284664734], [-66.11782285424846, -17.41107944886846], [-66.11801831925509, -17.41071777616011], [-66.11801833103502, -17.410717744726405], [-66.11807815563962, -17.41047841897338], [-66.1180732986072, -17.4104297425819], [-66.11806327743528, -17.410329123818176], [-66.11806324880872, -17.410329089994192], [-66.11756918676227, -17.409646825103568], [-66.11755077335877, -17.409447724115306], [-66.11750351756862, -17.40935126229066], [-66.11746295517015, -17.409268381366648], [-66.11740384552299, -17.408911327053765], [-66.11747902964659, -17.408518939429435], [-66.11751973279938, -17.408399414622966], [-66.11764531149225, -17.40809473366663], [-66.11764525393147, -17.40809456578415], [-66.11764493674578, -17.4080918224793], [-66.11764537743423, -17.408091370141992], [-66.11763701916874, -17.407916428231296], [-66.11763628557307, -17.4079001812605], [-66.11769740611956, -17.40771469056238], [-66.11807267924218, -17.40730542197246], [-66.11807271840459, -17.407305383710845], [-66.11841463058165, -17.40700981924084], [-66.11852989395985, -17.406778511989096], [-66.1186646904816, -17.40628012631596], [-66.11866989161774, -17.406174037036898], [-66.11867440421885, -17.40608270413779], [-66.11868074233668, -17.405865609726977], [-66.118680745639, -17.405865579073588], [-66.11877020581396, -17.405901963569047], [-66.11868244938086, -17.405759457293446], [-66.11890638917248, -17.405259967779493], [-66.11890662490347, -17.40525950976673], [-66.11927054038667, -17.404550529917735], [-66.11947837280206, -17.40413540714523], [-66.11962365929647, -17.403745606328126], [-66.11962367980716, -17.40374555786384], [-66.11993181718027, -17.402918816727475], [-66.1199318439422, -17.402918609429822], [-66.1201280606606, -17.402164470799136], [-66.1203783656479, -17.401676502835052], [-66.12039878186567, -17.401538416720122], [-66.12043894693137, -17.401266892376544], [-66.12037410964048, -17.40048885521776], [-66.1207582184902, -17.39988814437098], [-66.12146084375414, -17.399298649638197]]]}, "properties": {"OBJECTID": 4, "distrito": 7, "comuna": "VALLE HERMOSO", "Nombre": "Distrito: 7", "Shape_Length": 14872.232890068404, "Shape_Area": 6504154.150141702}}, {"type": "Feature", "id": 5, "geometry": {"type": "Polygon", "coordinates": [[[-66.16047961278124, -17.411311242191733], [-66.16119082711957, -17.410983900630416], [-66.16272316262945, -17.410262084903312], [-66.16430241711367, -17.4095230041095], [-66.16437783048676, -17.409486189774647], [-66.16688187299842, -17.408259025120582], [-66.1669258453842, -17.408237475054996], [-66.16859207922525, -17.40744429259697], [-66.17130700014297, -17.406152709027538], [-66.17130788607061, -17.406152287252443], [-66.17424220075618, -17.409263399821768], [-66.17516234517704, -17.41003018641034], [-66.1760485625874, -17.410790298808475], [-66.17676285035671, -17.411273485044948], [-66.17780932136085, -17.411517673447964], [-66.17874892615822, -17.411610980993842], [-66.18034358557252, -17.411380148481097], [-66.1820672843607, -17.411126130049983], [-66.18370764433315, -17.41089042347413], [-66.18467730669741, -17.410737427217484], [-66.1857384365445, -17.410385247854762], [-66.18668323870716, -17.41007422326741], [-66.18781513798156, -17.409441113771308], [-66.18850203766695, -17.40905690241878], [-66.19068781471638, -17.40717377163549], [-66.19076111730439, -17.4071304899115], [-66.1910159845233, -17.407295518371498], [-66.19127587105665, -17.407603047168543], [-66.19219388006684, -17.408686783857746], [-66.19297352009818, -17.409599252239733], [-66.19297408928426, -17.409599859862773], [-66.18504497026694, -17.416440821170873], [-66.18050085519799, -17.420360765515632], [-66.18049341953773, -17.423245425744867], [-66.18064055783859, -17.423795366666393], [-66.18496576019007, -17.42918524325121], [-66.18533241310479, -17.430100937396116], [-66.1853478349412, -17.43014294336466], [-66.18516304096423, -17.430199181258896], [-66.18469330800791, -17.430342134007336], [-66.18403426129485, -17.43133579300592], [-66.18403422325706, -17.43133588096333], [-66.18385497320399, -17.431743375483276], [-66.18359499418722, -17.432553529457913], [-66.18352839797143, -17.4327610562381], [-66.18352832809, -17.432761257524607], [-66.18349735977588, -17.432822949468058], [-66.18346155047011, -17.432882132063742], [-66.18342098749832, -17.43293844804756], [-66.18337586450669, -17.43299153895057], [-66.18332244001797, -17.43304613780495], [-66.18326456757758, -17.433096339236382], [-66.18320262893819, -17.433141787437258], [-66.1831370971325, -17.433182308494835], [-66.1830682598645, -17.433217545271606], [-66.18299668422061, -17.433247325186827], [-66.18292284600999, -17.433271293766072], [-66.18284721549654, -17.433289457662777], [-66.18277038031945, -17.433301715024495], [-66.18277026433117, -17.4333017332493], [-66.1826289332214, -17.43332239868804], [-66.182504501335, -17.43333300885333], [-66.1823797004265, -17.433337021717172], [-66.18225481405052, -17.433334350992933], [-66.18213031109067, -17.433325093620855], [-66.18200647371408, -17.433309253597766], [-66.18188386624144, -17.433286838915514], [-66.18176258134896, -17.43325794119136], [-66.18164327601981, -17.433222660032044], [-66.18152613697946, -17.433181088387617], [-66.18141153905482, -17.433133321871672], [-66.18129985429681, -17.43307963666167], [-66.18119145891666, -17.433020038090714], [-66.18108672496203, -17.432954802337203], [-66.1810421838332, -17.432924999785538], [-66.18029909086978, -17.432427793674353], [-66.1796733534959, -17.43200910592532], [-66.17850372941193, -17.431239536854218], [-66.17743253638511, -17.430534720051284], [-66.17694172462588, -17.430211776202636], [-66.17682387667352, -17.430149242274336], [-66.1767027394385, -17.430092621508873], [-66.17657887443059, -17.430042102463997], [-66.17645237569043, -17.429997686466987], [-66.176323615237, -17.42995964969051], [-66.17573186329332, -17.430140346572827], [-66.1756701925433, -17.43024169239929], [-66.17529234106884, -17.430327804933064], [-66.1752923070999, -17.4303278116752], [-66.17493849328318, -17.430408837445256], [-66.17460057019925, -17.430495438381094], [-66.17460053905175, -17.43049544516314], [-66.17429358782312, -17.430526800145877], [-66.17410006949798, -17.4305465681667], [-66.17398750814591, -17.430558061359143], [-66.17356407564213, -17.43060127165924], [-66.17356406756183, -17.43060130766484], [-66.1734860950893, -17.4313886710965], [-66.17344782884669, -17.431503351607272], [-66.173415931501, -17.431619838244764], [-66.17339050267664, -17.431737771224867], [-66.17337173604895, -17.431856792098348], [-66.17335954036227, -17.431976718971455], [-66.17335411207571, -17.432097012831864], [-66.17334457009612, -17.432252284980663], [-66.17333353693063, -17.433255189275783], [-66.1733279885282, -17.43337105667353], [-66.17331567401955, -17.43348646678785], [-66.17329978305254, -17.43358367565908], [-66.17327901393945, -17.433680002548318], [-66.17325346350685, -17.43377526822655], [-66.17321616055519, -17.433888427154347], [-66.17317215842097, -17.433999224384042], [-66.17317211927003, -17.433999323158886], [-66.17312143925892, -17.434107596445905], [-66.17306422152217, -17.434212796939818], [-66.17300075377256, -17.434314567517117], [-66.17293113423085, -17.434412638663773], [-66.17285574466464, -17.434506654591992], [-66.17277468329819, -17.43459634578773], [-66.17268833329466, -17.434681266182636], [-66.17259698098475, -17.43476114893487], [-66.17250090991746, -17.434835907764864], [-66.17242920489839, -17.43488616282036], [-66.17229106235257, -17.434964551759528], [-66.17215034267122, -17.43503759700256], [-66.17214865171366, -17.435037811373046], [-66.17200466861527, -17.435105850821525], [-66.17186378111262, -17.43516383852114], [-66.17172585853308, -17.435228058347512], [-66.1715911993397, -17.435298370968404], [-66.17146009653483, -17.43537462523578], [-66.17133283395376, -17.435456654521], [-66.17120968619533, -17.435544281228808], [-66.17109092147135, -17.435637315031773], [-66.17097679686236, -17.43573555551177], [-66.17086756025445, -17.4358387885754], [-66.1707634483746, -17.435946791844053], [-66.17066468687446, -17.436059329236947], [-66.17057148929217, -17.436176157277323], [-66.17048405802089, -17.43629702330011], [-66.17040258338204, -17.436421664535676], [-66.17032724074812, -17.43654981168081], [-66.17025819433249, -17.436681187146554], [-66.17019559438172, -17.436815504115152], [-66.17013957518307, -17.436952473735698], [-66.17009025895167, -17.437091797052283], [-66.1700748572768, -17.43713502164454], [-66.17005719802165, -17.43717744206451], [-66.17003732609315, -17.43721895239535], [-66.17001529209726, -17.43725944318918], [-66.16999115309844, -17.43729881321698], [-66.16996497086393, -17.437336961316575], [-66.16993681182201, -17.437373789101102], [-66.1699067479886, -17.437409201875163], [-66.16987485599887, -17.43744311042708], [-66.16984121904395, -17.437475427444454], [-66.16980654382056, -17.437505529969386], [-66.16980539649167, -17.437506481675303], [-66.16976905585128, -17.43753495857799], [-66.16973071445908, -17.437562020907265], [-66.16969220909931, -17.43758641883695], [-66.169685451729, -17.43759032576086], [-66.1696477075655, -17.43761215371709], [-66.16963085262444, -17.437620432965502], [-66.16959963945172, -17.43763577178774], [-66.1695941006522, -17.437638255745142], [-66.16957373585237, -17.437647387174017], [-66.16957274783317, -17.43764783004316], [-66.16957084459163, -17.43764857052994], [-66.16956941961806, -17.437649103806336], [-66.16954406626057, -17.437658591406983], [-66.16951499529338, -17.43766947003688], [-66.16948163438323, -17.437680483601618], [-66.16943379676727, -17.437693981317565], [-66.16942967763842, -17.437695117408715], [-66.16940233950974, -17.437701241061134], [-66.16935962633461, -17.437709723208684], [-66.16933772382072, -17.43771352668384], [-66.16933650858435, -17.43771369722455], [-66.16933584983293, -17.437713773640596], [-66.16927469946212, -17.437720535183434], [-66.16925666863837, -17.43772198540377], [-66.1692533286564, -17.437722253949527], [-66.16924942671426, -17.437722361894433], [-66.16918913765707, -17.437724030072374], [-66.16918813817772, -17.437724057394256], [-66.1691872118714, -17.43772403699468], [-66.16917549824448, -17.437723769246205], [-66.1691753788256, -17.437723765741598], [-66.16917369080501, -17.437723727283444], [-66.16914793981938, -17.437723138865497], [-66.1691085562786, -17.437720322063903], [-66.16910597494046, -17.437720137253823], [-66.16910206018119, -17.437719856721504], [-66.16910121068472, -17.437719796778882], [-66.16910047961085, -17.437719743938736], [-66.16905325998071, -17.437714049761173], [-66.16903218542248, -17.43771065539016], [-66.16902567387595, -17.437709606484614], [-66.16902361503213, -17.43770927469195], [-66.16902187310359, -17.437708950116264], [-66.16901863874334, -17.437708348761046], [-66.16900638167786, -17.43770617244791], [-66.16900518597838, -17.437705930591378], [-66.16895999210931, -17.437695947943403], [-66.1689588136461, -17.437695686465688], [-66.16894549220753, -17.437692013177962], [-66.16894386822193, -17.43769154399262], [-66.16893625589847, -17.437689345252103], [-66.16887257532493, -17.437669760738988], [-66.16886915275215, -17.437668676305712], [-66.1688665370724, -17.437667791175638], [-66.1687945597185, -17.437643424597034], [-66.16873600556463, -17.437625219618006], [-66.16871923342251, -17.43762021315452], [-66.16864325953354, -17.437599037777797], [-66.16860079354922, -17.437588160155343], [-66.16859007423182, -17.43758576368991], [-66.16858202772143, -17.43758396420881], [-66.1684774579948, -17.437560626506603], [-66.1684512042555, -17.4375555582687], [-66.16844356758497, -17.437554084276762], [-66.16841204625194, -17.437547887283984], [-66.16833658423776, -17.437535543237562], [-66.16833405721987, -17.43753513073068], [-66.1683311864163, -17.437534684436283], [-66.16831562498808, -17.43753254324216], [-66.16831034554647, -17.43753181615724], [-66.16825576958212, -17.437524228281923], [-66.16819852104123, -17.437517978543443], [-66.16818090110166, -17.43751603289746], [-66.16817716537865, -17.437515672721716], [-66.16814407029462, -17.43751318721767], [-66.1680579189291, -17.437506683306548], [-66.1680457121219, -17.43750594523472], [-66.16803727442934, -17.437505537113537], [-66.16801937944841, -17.437504588971315], [-66.16794030423037, -17.437502290755575], [-66.16791298614439, -17.437502122354115], [-66.16790514395424, -17.437502078484894], [-66.16789614766452, -17.437502084111735], [-66.1678731854442, -17.43750256735059], [-66.1677689374669, -17.437504761788393], [-66.1677560231587, -17.437505429540586], [-66.16775338135893, -17.437505566225404], [-66.16770310901686, -17.43750816753604], [-66.16762426176027, -17.43751437783061], [-66.16754562729358, -17.437522707762092], [-66.1674845488771, -17.437530662644487], [-66.16746726687356, -17.437533150075154], [-66.16738924271142, -17.437545696625183], [-66.16734856002725, -17.43755311820925], [-66.16734606464512, -17.437553581150723], [-66.16734407096016, -17.437553964544428], [-66.16731158974486, -17.437560216973985], [-66.1673103946572, -17.437560423006076], [-66.1672332012213, -17.437577044831073], [-66.16715654993222, -17.43759583974315], [-66.16708047836805, -17.43761668908107], [-66.16700504508978, -17.437639577424704], [-66.16693031059522, -17.437664485769595], [-66.16685633254677, -17.437691395974017], [-66.16680865986582, -17.437710346809048], [-66.16678316866273, -17.437720286285124], [-66.16671087761598, -17.437751134060747], [-66.16663951624032, -17.43778391392361], [-66.1665691404012, -17.437818602288743], [-66.16649980416688, -17.437855170127662], [-66.16643155597656, -17.43789358742881], [-66.16511198961956, -17.43866056973368], [-66.16501138906852, -17.438720706042783], [-66.16491239153663, -17.438783271628566], [-66.16481506745748, -17.438848213316405], [-66.16471947958712, -17.438915487755484], [-66.16462568784641, -17.43898505245769], [-66.16453375217046, -17.43905686403223], [-66.16444373158207, -17.43913087726942], [-66.1643556813841, -17.43920704419762], [-66.1642669907752, -17.439280940835552], [-66.16417366857736, -17.439349380505213], [-66.16407607919382, -17.439412098396186], [-66.16397460366582, -17.43946884889882], [-66.16386963678126, -17.439519410078198], [-66.16376158703248, -17.439563586382608], [-66.16365087667195, -17.439601205032393], [-66.16353795222558, -17.439632105333896], [-66.16260392942058, -17.439857874701005], [-66.16259829358492, -17.439859446833502], [-66.16227696429156, -17.439949118267894], [-66.16201700063826, -17.44002149505275], [-66.1619790180299, -17.440034518225776], [-66.16183447393946, -17.440089911901563], [-66.15749862857355, -17.44184081209306], [-66.1574442911088, -17.441860895074228], [-66.15739053466561, -17.441880757881254], [-66.15728010929703, -17.441914228316733], [-66.15716774646151, -17.44194111434552], [-66.15705387676435, -17.441961311952685], [-66.1537306479836, -17.44244974590341], [-66.1536262190151, -17.442468015865426], [-66.15184795814291, -17.442828934586288], [-66.15170373521768, -17.44285568724884], [-66.15155863389121, -17.44287763865384], [-66.15141282794957, -17.442894745236273], [-66.15126648990177, -17.442906985085234], [-66.15111980630886, -17.442914340103478], [-66.15089145090263, -17.44292199469397], [-66.15045935448332, -17.44293647538966], [-66.150447862514, -17.44293706841491], [-66.15030494900998, -17.442944331435363], [-66.15029279048305, -17.442945380848652], [-66.15023894142257, -17.442950027536668], [-66.15016853747166, -17.442956103111577], [-66.15015092565712, -17.44295762252347], [-66.15012701363975, -17.44296053530931], [-66.15010702277318, -17.442962411636554], [-66.15006326369551, -17.44296829812875], [-66.14999751180996, -17.44297630495458], [-66.14996117392958, -17.44298203224546], [-66.1499319996361, -17.44298595683085], [-66.14989474311736, -17.442992500799598], [-66.14984491009123, -17.443000354541105], [-66.14979541029591, -17.44300994949635], [-66.14975815377133, -17.443016493438055], [-66.14972942220105, -17.443022740508376], [-66.14969332609972, -17.443029737205862], [-66.14962888152999, -17.443044600085717], [-66.14961119227785, -17.44304867922301], [-66.14956639885682, -17.443059010658416], [-66.14945784850012, -17.443087231649912], [-66.14944006388262, -17.443091998387168], [-66.14940548180259, -17.44310126968424], [-66.14924669911244, -17.44314946561779], [-66.14855351606224, -17.4433752086255], [-66.1484154001838, -17.44342020544567], [-66.14830840351013, -17.44345169969345], [-66.148199637451, -17.44347701373212], [-66.14809261299527, -17.44349553599471], [-66.1480894944893, -17.443496075528838], [-66.14797836609752, -17.443508817552146], [-66.14786664436589, -17.443515193049112], [-66.14775472569411, -17.443515180613264], [-66.1476430061446, -17.443508780505933], [-66.14753188235476, -17.443496016475326], [-66.14622211916324, -17.443307469528563], [-66.14611082790829, -17.44328814120715], [-66.14600093147094, -17.44326242973675], [-66.14589283019063, -17.443230423035953], [-66.14466950637872, -17.442829173810676], [-66.14455994905535, -17.4427967671987], [-66.14444854857948, -17.442770841012692], [-66.14433570917076, -17.442751474191706], [-66.14422185018073, -17.44273874047486], [-66.14410739515833, -17.442732685669714], [-66.14399276798939, -17.442733333917893], [-66.14388579180284, -17.442740206059018], [-66.14387839487644, -17.442740681402597], [-66.14376470049244, -17.44275470171134], [-66.1436521061703, -17.442775341295082], [-66.14354103168566, -17.442802525814674], [-66.1434318869049, -17.4428361527971], [-66.14332507921118, -17.44287609806296], [-66.14322100320089, -17.442922212869515], [-66.1431200472396, -17.442974325810777], [-66.14302258498327, -17.443032243598672], [-66.14298589759069, -17.44305713408145], [-66.14292897818596, -17.443095752006258], [-66.14283957483296, -17.443164614937878], [-66.14275470630527, -17.443238575291296], [-66.14267468926076, -17.44331735498465], [-66.14153088718089, -17.44451442526865], [-66.14123718399631, -17.44405609342947], [-66.1409475200069, -17.44375535522267], [-66.14173626829312, -17.44308114073945], [-66.14232743635095, -17.44250985970741], [-66.14346561363784, -17.441484968162438], [-66.14377017384706, -17.44105942756541], [-66.14523652975831, -17.438380532965397], [-66.14587327774105, -17.437372809328256], [-66.14654368758646, -17.43654092594006], [-66.14788839952578, -17.434631682284298], [-66.15068457646422, -17.430990044889644], [-66.15132824722703, -17.42952656370593], [-66.1515894032629, -17.429179667557516], [-66.15318363632953, -17.427659611325055], [-66.15344904196446, -17.427032302296624], [-66.1534742556434, -17.426941099009873], [-66.15351281925707, -17.426801866601426], [-66.1535132321693, -17.42680017126073], [-66.15380933598394, -17.426821204021255], [-66.15385160432186, -17.426824206528646], [-66.15387013399754, -17.42675279610234], [-66.15400093808998, -17.42628888512705], [-66.1542230510818, -17.425501130795663], [-66.15465035872016, -17.42362456092598], [-66.15473438932524, -17.421676524513963], [-66.15473491627925, -17.42165047878742], [-66.15422958596137, -17.421622503241224], [-66.15431500154206, -17.419516440031536], [-66.15432326333364, -17.4193965164298], [-66.15432448295968, -17.419367534124678], [-66.15452113564537, -17.416508833810067], [-66.15463006604276, -17.414700667467773], [-66.15466336104092, -17.414149184265888], [-66.15469275325663, -17.41366234230481], [-66.15470904794172, -17.413392440720873], [-66.15473960124902, -17.412886351635837], [-66.15492515211004, -17.412835852364402], [-66.1549252078446, -17.41283583690622], [-66.15494513876136, -17.412704704677516], [-66.155259850827, -17.410634561012365], [-66.1560597930567, -17.410744624373557], [-66.15621695029738, -17.41076366189066], [-66.15681599991508, -17.41084985812279], [-66.15690322972965, -17.410847798521935], [-66.15705250728901, -17.41084427263228], [-66.15717559331891, -17.41095293090443], [-66.15762331746711, -17.41134817208474], [-66.1577525568648, -17.411439610066328], [-66.1580765785466, -17.411608487645204], [-66.15828078469535, -17.41168008908692], [-66.15852546808915, -17.41174928128259], [-66.15884228628344, -17.411780676282387], [-66.15907248216288, -17.41178097189537], [-66.15938418735294, -17.411740617521396], [-66.15959966423246, -17.41168694619347], [-66.15964792927134, -17.41166830540682], [-66.15995016867318, -17.41155157665662], [-66.16019847901785, -17.411438859387207], [-66.16047961278124, -17.411311242191733]]]}, "properties": {"OBJECTID": 5, "distrito": 5, "comuna": "ALEJO CALATAYUD", "Nombre": "Distrito: 5", "Shape_Length": 17792.935616070714, "Shape_Area": 10673553.900568604}}, {"type": "Feature", "id": 6, "geometry": {"type": "Polygon", "coordinates": [[[-66.18047384624704, -17.393442669355185], [-66.18052166493646, -17.393470746379958], [-66.182160834468, -17.393400807981294], [-66.18938419728241, -17.393110540106903], [-66.19383358387186, -17.392908147457444], [-66.19703762729036, -17.39275477194435], [-66.19702051026282, -17.39260314278552], [-66.1970071447759, -17.392500456150042], [-66.19690368671063, -17.39150053056986], [-66.19682879227162, -17.390818313316366], [-66.19676282422346, -17.389771116496878], [-66.19665131282775, -17.388322849271354], [-66.1965855495591, -17.387540879384098], [-66.19655330610685, -17.387011443833142], [-66.19649268922197, -17.38631913995368], [-66.19639144276594, -17.38523686248766], [-66.19634424006733, -17.3847028560542], [-66.1963063759194, -17.384248364915177], [-66.19630753446594, -17.38409069032229], [-66.19630726701774, -17.38394494091768], [-66.19628910532374, -17.383503867411495], [-66.1962409907837, -17.382497312830512], [-66.19622399372342, -17.382224697980707], [-66.19621307729855, -17.38204296147962], [-66.1962079920996, -17.381805158556972], [-66.19620741506482, -17.381679713839784], [-66.1962117987604, -17.38161847260992], [-66.19636278431108, -17.381609705840024], [-66.19826349942001, -17.381395015945923], [-66.19897361203374, -17.381312870613325], [-66.20031324080638, -17.381168846046332], [-66.20110091557855, -17.381081927416673], [-66.20147017117924, -17.381041179883642], [-66.20184755073306, -17.381002020184358], [-66.201967091138, -17.380995333986153], [-66.20206162697428, -17.380996659247543], [-66.20214599410839, -17.381012177516197], [-66.20227338791877, -17.381061748000192], [-66.20243726617822, -17.381134452505552], [-66.20247171063052, -17.381149734149947], [-66.20306194897744, -17.381451655490384], [-66.20412294564753, -17.381387674798663], [-66.20496131705353, -17.381263264442634], [-66.2064111792473, -17.381055625954872], [-66.20788199745004, -17.380834069426914], [-66.20800812470995, -17.38124611888888], [-66.20818819418962, -17.38183450961867], [-66.20820335657451, -17.38189252217641], [-66.20822164013248, -17.381962639308536], [-66.20821791088862, -17.382049439096658], [-66.20821492779622, -17.382118300627976], [-66.2080572157358, -17.382728978658427], [-66.20797435783865, -17.38304978788077], [-66.20796603517066, -17.386310413000512], [-66.20801833883857, -17.38956936625503], [-66.20817647045749, -17.39237383452173], [-66.20833992687467, -17.395502060234286], [-66.2098140953497, -17.395590056921012], [-66.21009886119421, -17.395608739191665], [-66.2109099786162, -17.39634574483908], [-66.21159358465867, -17.396516577580122], [-66.21281120679308, -17.3968208977672], [-66.21316434791505, -17.39696937661664], [-66.21359742112156, -17.397151522550846], [-66.21423005535776, -17.397129661877685], [-66.21423008542173, -17.397129664103705], [-66.21447897861546, -17.397177202498074], [-66.2147760803325, -17.397520723095486], [-66.21491319162979, -17.39766339609388], [-66.21491321016339, -17.39766341441344], [-66.21511176883546, -17.397868013305317], [-66.21625550871181, -17.399594727713705], [-66.2144675029864, -17.399654522324948], [-66.21474301281785, -17.402128772006208], [-66.2094443768797, -17.40198943434671], [-66.20944433089727, -17.401989427381903], [-66.20787720603167, -17.40196351430055], [-66.2078772019196, -17.401963475412593], [-66.20608576619186, -17.401876097308723], [-66.20608416387309, -17.40187600803137], [-66.20580444183496, -17.401881115724038], [-66.20450148759402, -17.40205356326096], [-66.20047386934189, -17.402590701638736], [-66.19862468421402, -17.402912934435996], [-66.19910482809779, -17.4069126811998], [-66.19934840491388, -17.40897590607633], [-66.19766463639563, -17.409238889950302], [-66.19750982844641, -17.40757710076751], [-66.19750526724914, -17.4075280962998], [-66.19750526320823, -17.40752805289779], [-66.1973467575391, -17.40567065448931], [-66.19720035537101, -17.403955037739962], [-66.19715760561319, -17.403453906247528], [-66.19715203926219, -17.403398654069246], [-66.19714023700658, -17.40328117255914], [-66.19714020488246, -17.40328118204079], [-66.1970365558195, -17.403312305068635], [-66.19679675677713, -17.40338430898489], [-66.1949809485921, -17.403929524525616], [-66.19498091184862, -17.403929528523747], [-66.19262461576433, -17.403951754472022], [-66.18977956800165, -17.403551610910725], [-66.18977948639677, -17.40355159621512], [-66.1899690322031, -17.405113289174317], [-66.1902001444628, -17.407017503065692], [-66.19020015708972, -17.40701753846147], [-66.19040255963797, -17.40702029576495], [-66.19072461113156, -17.40710607064496], [-66.19076175418462, -17.40713011420062], [-66.19076111730439, -17.4071304899115], [-66.19068781471638, -17.40717377163549], [-66.18850203766695, -17.40905690241878], [-66.18781513798156, -17.409441113771308], [-66.18668323870716, -17.41007422326741], [-66.1857384365445, -17.410385247854762], [-66.18467730669741, -17.410737427217484], [-66.18370764433315, -17.41089042347413], [-66.1820672843607, -17.411126130049983], [-66.18034358557252, -17.411380148481097], [-66.17874892615822, -17.411610980993842], [-66.17780932136085, -17.411517673447964], [-66.17676285035671, -17.411273485044948], [-66.1760485625874, -17.410790298808475], [-66.17516234517704, -17.41003018641034], [-66.17424220075618, -17.409263399821768], [-66.17130788607061, -17.406152287252443], [-66.17127150294085, -17.406107686992975], [-66.1698352244087, -17.40400938972322], [-66.16908684851863, -17.40267275243701], [-66.16846284989919, -17.400047705484944], [-66.16775641857146, -17.39697051988851], [-66.16775543140434, -17.39696542826297], [-66.16742137633264, -17.395242227360498], [-66.16719143109874, -17.394056059259185], [-66.16718225235533, -17.39400871069216], [-66.16717894367696, -17.393993142826186], [-66.17064218192618, -17.393898270230064], [-66.18047384624704, -17.393442669355185]]]}, "properties": {"OBJECTID": 6, "distrito": 4, "comuna": "MOLLE", "Nombre": "Distrito: 4", "Shape_Length": 17166.100636594747, "Shape_Area": 8335214.704512509}}, {"type": "Feature", "id": 7, "geometry": {"type": "Polygon", "coordinates": [[[-66.13715310040985, -17.423447062503264], [-66.13749285405453, -17.42312022634102], [-66.138021070797, -17.42359774296773], [-66.1383119362922, -17.423860688516193], [-66.13840292495911, -17.423896729272627], [-66.13845967136771, -17.423919206364022], [-66.13851914302046, -17.423965742922878], [-66.13943647278302, -17.424683547635368], [-66.13994747838076, -17.425068260592532], [-66.13995798170922, -17.42507423209102], [-66.13996591444153, -17.425078742660904], [-66.14017057130053, -17.425196194050454], [-66.14022897292767, -17.425243845377416], [-66.1402573920516, -17.42526966444129], [-66.14028391721463, -17.425293761397974], [-66.1403825115413, -17.42540119690869], [-66.14042528094518, -17.4254478019972], [-66.14043419557045, -17.425457515214486], [-66.14044501774806, -17.425463491270612], [-66.14050082038285, -17.425494308755937], [-66.14060338220652, -17.42551580428357], [-66.14066899652569, -17.425529555289554], [-66.14068860349023, -17.42553613244146], [-66.14072542403105, -17.425565430292373], [-66.1408724546067, -17.42568241576125], [-66.14092636997428, -17.42579953975452], [-66.1410385491544, -17.42604323038399], [-66.14111366352547, -17.426206406753415], [-66.14113124385699, -17.426244597259217], [-66.14110466458142, -17.426471926491637], [-66.14130420675451, -17.42652482033385], [-66.14196213438905, -17.42675275412633], [-66.14196254223543, -17.42675271934565], [-66.14207186999498, -17.426743246748153], [-66.14209450160394, -17.426753070093135], [-66.14226919164369, -17.42682889893219], [-66.14236765633181, -17.426871639972866], [-66.14257560643556, -17.426961906081203], [-66.14274770132637, -17.427036607402854], [-66.14277554873695, -17.427048862321303], [-66.1430919382475, -17.427156489827322], [-66.14309448735918, -17.427147371902752], [-66.14323981398888, -17.42662761706347], [-66.14327388853359, -17.426505734683207], [-66.14374893671031, -17.42652976650193], [-66.1438556963616, -17.426578433835957], [-66.14390942162028, -17.426722599093782], [-66.144127531987, -17.42686343320615], [-66.14490111970065, -17.427436334252704], [-66.14475526076554, -17.428108943060575], [-66.14474215488742, -17.428311356179993], [-66.14558805330726, -17.428843367572636], [-66.14564310870271, -17.428760057768102], [-66.14556075909947, -17.42778218688502], [-66.14553659157457, -17.427479849837763], [-66.14583193090803, -17.427693374010246], [-66.14585725754894, -17.428049245224628], [-66.14662653920257, -17.42854188904408], [-66.1466924697847, -17.428506262737926], [-66.14665857044243, -17.428272624726745], [-66.14670883507726, -17.428040644294303], [-66.14683715162104, -17.42792509420057], [-66.14777536554364, -17.42776218160209], [-66.14782771534871, -17.42777114869642], [-66.148380988819, -17.42812785551519], [-66.14846096497227, -17.427995692179834], [-66.14879114541814, -17.42814568209205], [-66.14945138939075, -17.428453303537335], [-66.14941250953467, -17.428542672329463], [-66.14991030926213, -17.42868268117704], [-66.15002077804793, -17.42871375146861], [-66.1500585574194, -17.42871604855094], [-66.15051410441099, -17.428743748238162], [-66.15092714911756, -17.42868658491613], [-66.1509851743772, -17.428668301536472], [-66.15145178099725, -17.428513275781526], [-66.15174920793535, -17.428356617127378], [-66.15203955816477, -17.428134660551923], [-66.15234859038821, -17.42780596578781], [-66.15276437370608, -17.427259910917705], [-66.15293781874583, -17.426975870624947], [-66.15302211017463, -17.426757106208825], [-66.1534466721418, -17.426795832651077], [-66.15344736316867, -17.426795492167237], [-66.1535132321693, -17.42680017126073], [-66.15351281925707, -17.426801866601426], [-66.1534742556434, -17.426941099009873], [-66.15344904196446, -17.427032302296624], [-66.15318363632953, -17.427659611325055], [-66.1515894032629, -17.429179667557516], [-66.15132824722703, -17.42952656370593], [-66.15068457646422, -17.430990044889644], [-66.14788839952578, -17.434631682284298], [-66.14654368758646, -17.43654092594006], [-66.14587327774105, -17.437372809328256], [-66.14523652975831, -17.438380532965397], [-66.14377017384706, -17.44105942756541], [-66.14346561363784, -17.441484968162438], [-66.14232743635095, -17.44250985970741], [-66.14173626829312, -17.44308114073945], [-66.1409475200069, -17.44375535522267], [-66.14123718399631, -17.44405609342947], [-66.14153088718089, -17.44451442526865], [-66.14050170960364, -17.44556867667217], [-66.1398754610816, -17.446142626932858], [-66.1397900313407, -17.446353657051375], [-66.13974083838049, -17.446475173296673], [-66.13942435641323, -17.44697712213648], [-66.13896836571764, -17.447486621830127], [-66.13890251087871, -17.44758391573381], [-66.13874415247948, -17.447817877623756], [-66.13863953791164, -17.44814129722782], [-66.13860400627131, -17.44850393654651], [-66.13857604119384, -17.44901959149981], [-66.1385214842799, -17.449277551311322], [-66.13833977298383, -17.449676314323767], [-66.138099805924, -17.449960163071353], [-66.13797459072748, -17.450108273755053], [-66.13755985232594, -17.450536611452705], [-66.13749832627765, -17.450600154714575], [-66.13676892289985, -17.451282507840226], [-66.13606559757298, -17.45208767747087], [-66.135199768018, -17.453056148480755], [-66.13488309663143, -17.453410357090423], [-66.13446734201926, -17.453891751565244], [-66.1342658599203, -17.45404175346212], [-66.13405562009713, -17.454115175307436], [-66.13251073348312, -17.45453901830777], [-66.13138619783017, -17.454847528145024], [-66.13127570373997, -17.4548778408511], [-66.13062626572264, -17.45502137537058], [-66.13029462398332, -17.455217276338107], [-66.13009945078622, -17.45543203026861], [-66.13007173215874, -17.455462529206397], [-66.12989816355751, -17.455737164155725], [-66.12978432168539, -17.456012660154776], [-66.12967092858521, -17.45625949296957], [-66.12940866579373, -17.45647550688392], [-66.12848595339923, -17.45690178392999], [-66.12839900395784, -17.456961815001883], [-66.12782160860081, -17.45736045726803], [-66.12748846051902, -17.457651896380906], [-66.12737566258708, -17.457860510214026], [-66.12744129950445, -17.458119484040534], [-66.12761475689501, -17.458530959907463], [-66.12762369416312, -17.458552162694886], [-66.12769059443889, -17.45936543415105], [-66.12762726955809, -17.459593875186005], [-66.1273309385616, -17.460076975603222], [-66.12729272389087, -17.460124684736446], [-66.12717765466687, -17.460268341394833], [-66.12694501200491, -17.460558780462875], [-66.12600478997987, -17.461404176961302], [-66.12577346060665, -17.461612173508584], [-66.12570152349977, -17.461696840084887], [-66.1254285465093, -17.4620181152593], [-66.12471320014245, -17.462552489054488], [-66.12413176603128, -17.46280210311935], [-66.12377622395273, -17.463308242974822], [-66.12360860546636, -17.463778850776837], [-66.12355297711966, -17.46415074885875], [-66.12339734695088, -17.46454986892447], [-66.12321410408215, -17.46480524210946], [-66.12290219611513, -17.46501096986582], [-66.12254653731175, -17.465239745860785], [-66.12250989642521, -17.4652633147911], [-66.1224598183113, -17.465347403224182], [-66.12234626057095, -17.465538083099457], [-66.12220178445311, -17.46586091123184], [-66.12213694643637, -17.466184892449146], [-66.12201598391376, -17.46627870589429], [-66.12170662605782, -17.46632200815954], [-66.12164322827633, -17.466310920664373], [-66.12152788614969, -17.46629074996189], [-66.12137886023245, -17.46626947817042], [-66.12118881344988, -17.466324063947297], [-66.12107750463186, -17.466437128881115], [-66.12095142607403, -17.466675225509988], [-66.1208414753935, -17.46688286367898], [-66.1207206591087, -17.467044290979743], [-66.12067873716198, -17.467100304383973], [-66.12065543762759, -17.467277183922], [-66.12064481399969, -17.467357837786995], [-66.12065961440511, -17.467682971972184], [-66.12057351021723, -17.468092652037296], [-66.12053703121397, -17.468512608165163], [-66.12050385887291, -17.468722368916165], [-66.1203908174687, -17.468819305406235], [-66.12030318172354, -17.46892086299725], [-66.11964262423028, -17.468816635894914], [-66.11891228343094, -17.468425931774153], [-66.11846251303173, -17.467971603886475], [-66.1183389773538, -17.46770857973227], [-66.1182782051003, -17.467579185998787], [-66.1177231811443, -17.467711866059442], [-66.11758373282062, -17.46774520094814], [-66.11756025814309, -17.46775992467588], [-66.11752792534608, -17.467780204099586], [-66.11733937134885, -17.467898469491274], [-66.1172356579185, -17.46809234213047], [-66.11721221018543, -17.468136174303087], [-66.11719843080202, -17.468238298833565], [-66.11712842025388, -17.46875717917554], [-66.11712038783462, -17.468838315382545], [-66.11707935363775, -17.469252819286957], [-66.11689213646902, -17.46968470528975], [-66.11664119784493, -17.47000435015213], [-66.11634230848593, -17.470216609350853], [-66.11620479664455, -17.470278876894422], [-66.1160226733016, -17.47036134542792], [-66.1158846513095, -17.470432867056104], [-66.11541226075767, -17.470753304439945], [-66.11505889698265, -17.470884122822717], [-66.1148056136229, -17.470977889533692], [-66.1142430231135, -17.47131876626001], [-66.11389105639219, -17.471744003974408], [-66.11376025689563, -17.47198205722599], [-66.11371839844391, -17.472335783041967], [-66.11371577109395, -17.472423017469108], [-66.11370973956883, -17.472623231245308], [-66.11365443224999, -17.473090194932432], [-66.11364079477661, -17.473205335378044], [-66.11362292201517, -17.47370692895656], [-66.11369248210907, -17.474032948756644], [-66.11378999032354, -17.474255249972764], [-66.11381904899682, -17.474301745115834], [-66.11388574552582, -17.47443713330868], [-66.11388313487674, -17.474536901145513], [-66.11388177515165, -17.474588861547034], [-66.11386985577587, -17.474635877389105], [-66.11386798281356, -17.47468064904207], [-66.1138836607954, -17.474884454182227], [-66.11392595809856, -17.47509680527902], [-66.11394086937052, -17.475137537117913], [-66.11402110311997, -17.47535670506846], [-66.11426158776884, -17.475762741295874], [-66.11426219124291, -17.475763911277852], [-66.11442007230985, -17.476069896900945], [-66.11448598303927, -17.476303003479174], [-66.11454135612992, -17.4767840073083], [-66.11451013734752, -17.476998440859656], [-66.1144850526255, -17.477120687554606], [-66.11447470403478, -17.477179360062944], [-66.1144708720129, -17.477238753899716], [-66.11447359905848, -17.477298203294303], [-66.11448355996913, -17.4774287986689], [-66.11449222830026, -17.477542440128918], [-66.11452227767451, -17.477785100149685], [-66.11453135377081, -17.477858397574362], [-66.11455131349962, -17.47789654893178], [-66.11464328188596, -17.47807234447071], [-66.11481184208209, -17.47831511953739], [-66.11496333564351, -17.478535282825238], [-66.11508394222719, -17.478823106364747], [-66.11510997917429, -17.479004094182297], [-66.11507724484777, -17.479247733038427], [-66.11487381527441, -17.479400211842442], [-66.11468825093887, -17.479539298896924], [-66.11459012777931, -17.479582915075028], [-66.11445814745984, -17.47964158022405], [-66.11418372264221, -17.479742396422022], [-66.11384299007204, -17.47986757134542], [-66.1137118943757, -17.47992733415732], [-66.11361996073676, -17.479969243751455], [-66.11357032843814, -17.47996167880977], [-66.11341690163734, -17.479938293218705], [-66.11332773445251, -17.479869839085943], [-66.11325791776032, -17.479872349433737], [-66.11299883182643, -17.48001799240055], [-66.11286026791092, -17.480175382082553], [-66.11255274877878, -17.48057401366522], [-66.1124941178288, -17.48073478738215], [-66.11246037221854, -17.480795851827466], [-66.11245588087391, -17.480803979121738], [-66.11243419422502, -17.48083225346004], [-66.11212305138523, -17.481237912441973], [-66.11201908956298, -17.48137345432058], [-66.1119588257255, -17.4814302294636], [-66.11097268177441, -17.482359270996444], [-66.11097038085573, -17.482361438042933], [-66.11096777525246, -17.48236311757082], [-66.11069351879408, -17.482539812914716], [-66.11040543625931, -17.482763645367022], [-66.11029173431659, -17.48285198726319], [-66.1101480017498, -17.482922761004787], [-66.11013354182916, -17.482931142254174], [-66.11006544602493, -17.482971098766242], [-66.10995236834003, -17.483034807648874], [-66.10994604322462, -17.48303827416581], [-66.10982544030219, -17.483103448203174], [-66.1097485557233, -17.483143370571163], [-66.10970345754981, -17.483166203800668], [-66.10958045854599, -17.483227112406503], [-66.10954143887854, -17.483246006862665], [-66.10952099346144, -17.48325553257026], [-66.1094564364544, -17.48328607098189], [-66.1093311978144, -17.48334263967494], [-66.10714120480164, -17.484067441358526], [-66.10525368787387, -17.48442495394844], [-66.10356292163658, -17.484467205492642], [-66.10256592887183, -17.484703771476415], [-66.1013625628207, -17.484769820657952], [-66.10015477827415, -17.485120409774233], [-66.09918658870235, -17.48593120680202], [-66.09871709677914, -17.486824412466866], [-66.09907635347568, -17.48822933398899], [-66.09900556445275, -17.489102811958155], [-66.0982164717749, -17.489494808843563], [-66.09656489754522, -17.490094238069364], [-66.09604335223163, -17.49047171816575], [-66.09562356488615, -17.491657745139197], [-66.0954124867362, -17.492920144792503], [-66.09513715384438, -17.493429624212393], [-66.0949340317031, -17.493735104091748], [-66.09434442186085, -17.493333242059535], [-66.09407253754365, -17.4931576100338], [-66.09378566387785, -17.492973181064936], [-66.09342589344325, -17.49284518774472], [-66.09327035914052, -17.492790542261293], [-66.09326364521534, -17.49278818474405], [-66.09298235997984, -17.49268778943997], [-66.09236091504572, -17.492465972331853], [-66.09212848627767, -17.492366131878043], [-66.09206755003419, -17.49233937403725], [-66.09183685744063, -17.492238071560884], [-66.09113646902728, -17.491624366936247], [-66.09099187698362, -17.491357141603807], [-66.09083686725326, -17.491069627738987], [-66.09062650346456, -17.490677372911378], [-66.09052809072936, -17.490493444206297], [-66.09043603898829, -17.490322874857537], [-66.09033004887917, -17.490012880763135], [-66.09026834732266, -17.48983400489181], [-66.09021884557869, -17.489686730503642], [-66.09014869587293, -17.48945906359727], [-66.08985008786524, -17.48924907082754], [-66.08985004133204, -17.48924903854209], [-66.08965712944075, -17.489128862018557], [-66.08949140870192, -17.4892332204106], [-66.08949137054113, -17.489233253260196], [-66.08933659253272, -17.48940398881625], [-66.08915319904493, -17.489522378693316], [-66.08904231839115, -17.48950693844335], [-66.08904228464006, -17.48950693072479], [-66.08890167966642, -17.48954578131519], [-66.0883557488588, -17.48985621692141], [-66.0882416317117, -17.489904484108028], [-66.08820668294905, -17.489919259248552], [-66.08809541164946, -17.48995798600029], [-66.08800281200341, -17.48995273943734], [-66.08786276940988, -17.489919171994483], [-66.08768989493358, -17.48984972718759], [-66.08766331996819, -17.489852138220694], [-66.0876241790568, -17.48985210389617], [-66.08759159561492, -17.489836182697413], [-66.08759155740476, -17.48983615956308], [-66.08756367495458, -17.489816989002296], [-66.08755674632421, -17.4897863090092], [-66.08755341189315, -17.48977146889418], [-66.0875574556261, -17.489759804350783], [-66.08756068319556, -17.489750583850295], [-66.08759550374002, -17.4896969070444], [-66.08760135094178, -17.489654966930125], [-66.08760135064831, -17.48965492629316], [-66.08756321244607, -17.489627278273378], [-66.08750146207471, -17.489599283791573], [-66.08715153540774, -17.48957483140324], [-66.08689007126307, -17.48963843911291], [-66.08645920108434, -17.489745447730265], [-66.08627873958415, -17.489792001286514], [-66.08627870833878, -17.48979201346912], [-66.0862043748665, -17.48982907000896], [-66.08615137696378, -17.48982884281403], [-66.08595471767072, -17.489660100707283], [-66.08591756069879, -17.4896418664851], [-66.08590625539799, -17.48964404185435], [-66.08584013389383, -17.489656760695077], [-66.08577912391029, -17.48968958462557], [-66.08572763983726, -17.489702649252965], [-66.08570958294038, -17.48970024145066], [-66.08567187123305, -17.489695201926338], [-66.08557290775062, -17.48961693343091], [-66.08557287532909, -17.489616901351752], [-66.08552880133865, -17.489598561891203], [-66.08557166449076, -17.48947590561382], [-66.08557167244834, -17.48947587864226], [-66.08559803593866, -17.489375128473576], [-66.08558922004664, -17.48931417835544], [-66.08558921206952, -17.489314147538124], [-66.08557971067161, -17.48930893979618], [-66.08555724249874, -17.489296570019484], [-66.08545304151254, -17.489316234030277], [-66.08541046388116, -17.48932426179629], [-66.08529868529142, -17.489323696810697], [-66.08519993604163, -17.48926753906014], [-66.08510401387345, -17.489252304581285], [-66.08510397120993, -17.489252324722557], [-66.08491297057135, -17.489378884949513], [-66.0847255724196, -17.48942309229695], [-66.08469491868489, -17.489413518724856], [-66.08463847752007, -17.489395862470964], [-66.0845984633422, -17.489339975651635], [-66.08455411586948, -17.48930617083495], [-66.08455731540992, -17.48920308514484], [-66.08455818910672, -17.489175207781763], [-66.08451517974324, -17.48911119469383], [-66.0844889482568, -17.48910228470315], [-66.08443651125285, -17.48910702429428], [-66.0844364712675, -17.489107053504192], [-66.08434243413448, -17.489159296417096], [-66.08434239439389, -17.489159310280503], [-66.08425910573675, -17.489172255906173], [-66.08416833890868, -17.489137454035305], [-66.08415601618692, -17.489018546495544], [-66.0841804821984, -17.488973025403485], [-66.08419661046146, -17.488943082254202], [-66.08419658822982, -17.488943060256947], [-66.0841689456715, -17.488931300572737], [-66.08414698376484, -17.488921946706235], [-66.08400193206802, -17.489007853147978], [-66.08395057070976, -17.489030575224852], [-66.08387006945254, -17.489066034147204], [-66.08384454046573, -17.489057033266448], [-66.08380293835643, -17.489042311760613], [-66.08373510208857, -17.489018380345545], [-66.08369290613471, -17.48900331329581], [-66.08366958959053, -17.488995061837763], [-66.08362930934152, -17.488980765141978], [-66.08352340775313, -17.488943133841282], [-66.08352336938535, -17.488943120636325], [-66.08343343641958, -17.488912276583733], [-66.08336933864868, -17.488889934991892], [-66.08328979828762, -17.48886240027695], [-66.0831954681958, -17.488829682918148], [-66.08307148432341, -17.4887867761582], [-66.08303067919506, -17.48877542426992], [-66.08300640377911, -17.488768654830835], [-66.08290680173441, -17.48874083149125], [-66.08290677176115, -17.488740822924274], [-66.08285573458164, -17.488726425797058], [-66.0826427981783, -17.488662552643174], [-66.0824918949395, -17.48868552515997], [-66.08230273776567, -17.4886827458444], [-66.08230270579577, -17.48868274447155], [-66.08229704126131, -17.48868251493484], [-66.08213974756578, -17.488676106242927], [-66.08212031037931, -17.488667694030863], [-66.08203031106156, -17.48862889257143], [-66.08195820812331, -17.488597651750794], [-66.08189764178749, -17.48855540295268], [-66.08187563017293, -17.488540039030593], [-66.08187559752173, -17.48854002139467], [-66.0818207445986, -17.488518636925566], [-66.08182070536242, -17.48851861919282], [-66.08174152740138, -17.488562717989048], [-66.081716372764, -17.48868252192341], [-66.081615632466, -17.48871310893659], [-66.08150414372966, -17.488746943770185], [-66.08138259923837, -17.488702866446477], [-66.08123321816227, -17.488648655049733], [-66.0811646207965, -17.48860342201755], [-66.08113554077876, -17.488584238472598], [-66.08109640061832, -17.488558611672296], [-66.08099455666115, -17.488491910723884], [-66.08090534242645, -17.488482161715382], [-66.08083497382214, -17.48847443790492], [-66.08079313537466, -17.488436894053855], [-66.08079310013214, -17.488436861932563], [-66.08067291056334, -17.488329121350976], [-66.08067287152917, -17.488329090979786], [-66.08064354127092, -17.48832234264364], [-66.08058638413942, -17.488309155205137], [-66.08049853157816, -17.488289095478788], [-66.08046254429952, -17.4882808704167], [-66.0803076495408, -17.488275706451127], [-66.08030760346035, -17.48827570487043], [-66.08004733407437, -17.4882672788263], [-66.08004729828407, -17.488267281008664], [-66.08001140218062, -17.488272259138938], [-66.07971832725522, -17.488312426852225], [-66.07944622314643, -17.48830592976699], [-66.07923987274546, -17.488301058038385], [-66.07916310166661, -17.488299142886085], [-66.07916307062315, -17.48829914242931], [-66.07915849560747, -17.488299214165764], [-66.07911180840253, -17.48829992405713], [-66.0789258316842, -17.488302966297212], [-66.07891208156694, -17.488291737230096], [-66.07889828111159, -17.48828041983609], [-66.07887933534063, -17.48826470524441], [-66.07886333113734, -17.488251391520095], [-66.0787869914812, -17.48818868386211], [-66.07878696380807, -17.488188649143073], [-66.07877130867236, -17.488157849656183], [-66.07875516113806, -17.48812606774502], [-66.07872787568932, -17.488072331223915], [-66.07868846890098, -17.487995002128397], [-66.07867272928505, -17.487937342476876], [-66.07867271949986, -17.487937307118138], [-66.07864367159874, -17.487830469715554], [-66.07868038354958, -17.487764540788632], [-66.0786804019712, -17.487764506747922], [-66.07872262682201, -17.487688507157515], [-66.07874753950702, -17.4876440092739], [-66.07874966484052, -17.487639901462195], [-66.07875207842409, -17.487635302176937], [-66.0787923641878, -17.487587316706296], [-66.07883054142816, -17.48754173814154], [-66.07887850281543, -17.487484474994314], [-66.07887585172894, -17.487461952720047], [-66.07887281725651, -17.487437278510406], [-66.07886989461517, -17.4874132018883], [-66.07886496911016, -17.48737131866589], [-66.07886496411503, -17.487371277959987], [-66.0788577734475, -17.487309631213396], [-66.07878143181992, -17.487217214062934], [-66.07875460570544, -17.487184670955635], [-66.07874114899238, -17.487172750940356], [-66.07873277027552, -17.487165317424594], [-66.07864972609421, -17.48709230154898], [-66.07862991278039, -17.48706935335621], [-66.07860300922454, -17.48703812648755], [-66.07857897308746, -17.487010877738147], [-66.07851554554743, -17.4869505135825], [-66.07848847462037, -17.48692481656619], [-66.07843612619858, -17.486875070602576], [-66.07839678313783, -17.48684641010503], [-66.07829410105047, -17.486771580040358], [-66.07827894756373, -17.486760565059814], [-66.07826027520481, -17.486746948381658], [-66.07826005969162, -17.486746833245068], [-66.07819707321534, -17.486641103574517], [-66.07816901360185, -17.486593909180787], [-66.07814083637503, -17.486566026078233], [-66.07812969721373, -17.486554990712918], [-66.07810528616204, -17.486540670144542], [-66.07807946192519, -17.48652552064124], [-66.07805653870366, -17.486510244079916], [-66.07802629710848, -17.486490074210238], [-66.07801045937552, -17.486470361036975], [-66.07798860670393, -17.486443089294255], [-66.07795708027164, -17.48634900916669], [-66.07796236725653, -17.486306330883558], [-66.07799715388836, -17.48624711509376], [-66.07807090603724, -17.48614797313782], [-66.07808540833449, -17.48605825537347], [-66.0780704920057, -17.485885573032583], [-66.07807049054269, -17.485885546825738], [-66.07788123623224, -17.485663828662453], [-66.07774336022875, -17.48554312475494], [-66.07774252254697, -17.48554102211496], [-66.07774189326057, -17.485539420966184], [-66.07774748796152, -17.485452529260336], [-66.07775004775827, -17.485412760752258], [-66.07774641646088, -17.48525642163472], [-66.07764110775473, -17.485164209916476], [-66.07748545488273, -17.485050613139627], [-66.07748541388186, -17.485050588156675], [-66.07726221347501, -17.484939672794855], [-66.0770179161516, -17.48487678919658], [-66.07688273672439, -17.4848419725742], [-66.07671656181235, -17.484787795524458], [-66.07671651312735, -17.484787780360577], [-66.07651485142888, -17.484721625042734], [-66.07624555933745, -17.48475124900985], [-66.07598594118102, -17.48477578433596], [-66.0758038905893, -17.48484045615656], [-66.07567642407491, -17.484879301351594], [-66.07558785615954, -17.4849109441998], [-66.07554368493592, -17.484926717154814], [-66.07554365270698, -17.484926732030072], [-66.07541228257055, -17.48499279284829], [-66.0753199696717, -17.484952618326826], [-66.07514419339839, -17.484830383031213], [-66.07509311638557, -17.484775719637682], [-66.07507623865507, -17.484757348087037], [-66.07505603742317, -17.4847353429016], [-66.07486394779922, -17.484562131790103], [-66.07480196216267, -17.48450628459508], [-66.07458544312443, -17.484310677110045], [-66.07446060125393, -17.484197846489703], [-66.07442392085748, -17.484164683707466], [-66.07433195622058, -17.48410178604817], [-66.07422448396082, -17.484028283257874], [-66.0738642523367, -17.48378087225612], [-66.0736901783638, -17.483689273373027], [-66.0735800968276, -17.483551906690135], [-66.07363279793537, -17.48321965690379], [-66.07363280783336, -17.483219626349737], [-66.07354385369959, -17.483249220206694], [-66.07343745784728, -17.483284587673552], [-66.07337456076377, -17.483216843129064], [-66.07336072780993, -17.48319643236762], [-66.07334250898111, -17.483169517199123], [-66.0733136552448, -17.48312707635105], [-66.07326131167453, -17.48305002634409], [-66.07322693363429, -17.48299931621073], [-66.0731653410433, -17.482908748303245], [-66.07316531806097, -17.482908714555737], [-66.07301165308215, -17.482682640712675], [-66.07292681356374, -17.482557825631797], [-66.07277359371012, -17.482331663430312], [-66.07260337594019, -17.482168689220828], [-66.07247029419817, -17.482040537048427], [-66.07238215484907, -17.481955616453813], [-66.07221559129458, -17.481796342843424], [-66.07214038834053, -17.48172442108649], [-66.07170424176188, -17.481305427521374], [-66.07134041142483, -17.48095632621466], [-66.0711634136052, -17.48078657929554], [-66.07115918739085, -17.480779924616023], [-66.07091838962045, -17.480411945600494], [-66.07091836480085, -17.48041190911691], [-66.07063242774805, -17.479974811502743], [-66.0706324002078, -17.47997476865844], [-66.07053586424628, -17.479827882346985], [-66.07053584411568, -17.479827846835473], [-66.07053539023556, -17.479827517791545], [-66.07053456037661, -17.47982687168808], [-66.07050620415527, -17.479693992495093], [-66.07037628759437, -17.47905252557167], [-66.07037306110742, -17.479024578118022], [-66.07037305615754, -17.479024534704024], [-66.07031112268446, -17.478230360021], [-66.07024359579782, -17.47744487487158], [-66.07024359261356, -17.47744483870712], [-66.07001795651577, -17.47504948962356], [-66.06969707703045, -17.474054052783526], [-66.06951987276074, -17.47352376683114], [-66.0695246198921, -17.47329228587366], [-66.06952820967388, -17.473118553238017], [-66.06979018932414, -17.472701963994073], [-66.06990929563301, -17.47251259870732], [-66.06995744484946, -17.47231914119492], [-66.07001635097895, -17.472082589789036], [-66.0700354402153, -17.471847116145067], [-66.07004578778724, -17.471719596996866], [-66.0700648539453, -17.47147233424051], [-66.07010098481418, -17.471004014927694], [-66.0701638446476, -17.469692792856748], [-66.07000334762111, -17.46902821167836], [-66.06997221790962, -17.468793536025235], [-66.06996758654341, -17.468758608919508], [-66.06996758531255, -17.468758568269166], [-66.06998862863682, -17.4684670861315], [-66.07012866190291, -17.468135424251752], [-66.07031189720635, -17.467720522536613], [-66.0704495258551, -17.467311942334668], [-66.07051538726981, -17.467188412564383], [-66.0706334803434, -17.466966975129285], [-66.07087093439291, -17.46653140893464], [-66.07099919773862, -17.466296148087764], [-66.07121829216493, -17.466032024278967], [-66.0712681130273, -17.46592399232479], [-66.07136159423538, -17.465721387969257], [-66.07146583359464, -17.46535075435411], [-66.07147984602514, -17.46514303929158], [-66.0715016716533, -17.46482012230991], [-66.07162384632369, -17.464463723030153], [-66.07200039619656, -17.4633440261266], [-66.07238916619188, -17.462712013053252], [-66.07238917972079, -17.462711990679033], [-66.07271719994385, -17.462122750668918], [-66.07271722792761, -17.462122706836983], [-66.07318691305551, -17.461325919021892], [-66.07375383289933, -17.46036631326735], [-66.07399726227597, -17.460057117844748], [-66.07411844714704, -17.460011495353708], [-66.07433243315108, -17.45993097919733], [-66.0747825915545, -17.45955843258695], [-66.07504541253923, -17.45917441413076], [-66.0753702202144, -17.45889789757742], [-66.07556469149264, -17.458877256674047], [-66.07580424944936, -17.458851847574927], [-66.07650437150967, -17.458900583817268], [-66.0767054538253, -17.45885134979534], [-66.07797195745106, -17.458541252747043], [-66.07797198256812, -17.458541211580805], [-66.07822924576321, -17.458048824152904], [-66.07826302527832, -17.457761578552514], [-66.07828608417252, -17.457565642697364], [-66.07829377105303, -17.45639856601798], [-66.07854319199583, -17.455827377074527], [-66.07880935539342, -17.45534728963186], [-66.07908409927288, -17.455073190023075], [-66.07917009893927, -17.45498740314936], [-66.07962982900186, -17.454697119417283], [-66.07975472512605, -17.454625594850867], [-66.07975476310737, -17.45462557283505], [-66.08009109705405, -17.454427827906123], [-66.08053845333457, -17.454343560250773], [-66.0807807125119, -17.454275850180142], [-66.08087121829853, -17.454250569047467], [-66.08127437854597, -17.45408350076359], [-66.08127441180994, -17.454083479581143], [-66.08183380876447, -17.453591995523063], [-66.0820486488636, -17.453247432445814], [-66.08235307137943, -17.45299157510645], [-66.08235309899992, -17.452991553840967], [-66.08239606481162, -17.452834498987354], [-66.0824497620209, -17.452638316136724], [-66.08245181450374, -17.452479839313444], [-66.08245799834235, -17.452005872893793], [-66.08248659518644, -17.45163133190063], [-66.08251094353722, -17.451312965004696], [-66.08291876377095, -17.450964265929805], [-66.08370166376375, -17.45084473356354], [-66.08397066744185, -17.450640718153775], [-66.0846570545766, -17.44983479067743], [-66.08469514952168, -17.449386318991074], [-66.08483299955985, -17.44918914897449], [-66.08492557220339, -17.449054399760126], [-66.08502678478831, -17.448907147558547], [-66.08514334261527, -17.448647871854913], [-66.0852117597378, -17.4484957243734], [-66.0855093501187, -17.448210059606026], [-66.0857216421851, -17.447910887909547], [-66.08595249938286, -17.44747395123522], [-66.08604379587698, -17.44711359048868], [-66.0861845616019, -17.446617680176796], [-66.08642545695591, -17.446350390467416], [-66.08675286051418, -17.446023184266572], [-66.08680660031642, -17.44579613972913], [-66.08685630723004, -17.445586131658764], [-66.08667909196878, -17.44470988414733], [-66.08667909165963, -17.444709844412976], [-66.08673614481022, -17.444328099806288], [-66.08682269654841, -17.443796057555875], [-66.08695198587439, -17.443001529240505], [-66.08715432032972, -17.442296835517816], [-66.08734915709732, -17.44206380452705], [-66.08770477120916, -17.44179468888558], [-66.08790125300725, -17.441572194318447], [-66.0880656181919, -17.441295735917635], [-66.08818553817552, -17.441094061291963], [-66.08864846912068, -17.44036875160984], [-66.08864849699647, -17.440368714093708], [-66.08902008402815, -17.43989539435063], [-66.08902011861606, -17.439895348806036], [-66.08942332400838, -17.43937710274662], [-66.08942334032595, -17.43937708221738], [-66.08978002652246, -17.438922782653254], [-66.09030406637517, -17.438247274012426], [-66.09030408745214, -17.438247249940854], [-66.0904909107109, -17.438080236133423], [-66.090952203072, -17.43766787831694], [-66.09105133554995, -17.437270941456724], [-66.09104686828093, -17.436863795704866], [-66.09104687176102, -17.436863754219868], [-66.09110861212757, -17.436529168649415], [-66.09139391148943, -17.43621532243971], [-66.09178825381022, -17.435751249009833], [-66.09214330294219, -17.435333415037057], [-66.09225467615882, -17.434949131946567], [-66.09242196638327, -17.434371959162622], [-66.09263926411411, -17.434107602134862], [-66.09298966424218, -17.43368136462996], [-66.09405020305582, -17.43291716669345], [-66.09405023242397, -17.43291715357784], [-66.09533266170031, -17.432650100379394], [-66.0958716371801, -17.432741046254908], [-66.09679445143438, -17.43289678262356], [-66.09692100373842, -17.43291812496469], [-66.09701594165234, -17.43311888986093], [-66.0978284658951, -17.435444388168186], [-66.09804565729442, -17.436622033044344], [-66.09803056253162, -17.437575878773114], [-66.09847116184727, -17.439152277105006], [-66.09974664712149, -17.440603234885465], [-66.100454124939, -17.442323570419365], [-66.1009629833133, -17.44298797903742], [-66.10160241686421, -17.443801110444923], [-66.10229290362216, -17.445049784061], [-66.10225229593975, -17.44504385698026], [-66.10226184662817, -17.445103033467245], [-66.10242416426387, -17.446108757716704], [-66.1026152342741, -17.446474350371247], [-66.10269553973208, -17.446628005721447], [-66.10264875769352, -17.446631418364746], [-66.10237246567755, -17.446651570713524], [-66.10230805561758, -17.446656268751358], [-66.10230407525682, -17.446710241220547], [-66.10230171883605, -17.44674218433959], [-66.10235095945845, -17.446776348182464], [-66.1024206357734, -17.446777363126788], [-66.10248985987519, -17.446807040460968], [-66.1025835150518, -17.446865743534893], [-66.10259248674394, -17.44692798978452], [-66.10256745493297, -17.44699658428808], [-66.10256126583165, -17.44701354293972], [-66.10245056507284, -17.447088380522523], [-66.10239347791654, -17.44723567241584], [-66.10242077135945, -17.447398527953602], [-66.10247362890551, -17.447518752379224], [-66.10255627347452, -17.44764418915658], [-66.10257934511526, -17.44775920122902], [-66.10256674803817, -17.44792625417442], [-66.10273471373033, -17.448032917794386], [-66.10281317863345, -17.448082745613842], [-66.10282607030744, -17.44821194390932], [-66.10274815078056, -17.44839424634239], [-66.10274825577093, -17.448394507924355], [-66.1026733926115, -17.448529443971044], [-66.10263873858204, -17.448674673420076], [-66.10259394204648, -17.448831700374264], [-66.1026276471314, -17.448903864755774], [-66.1027091632192, -17.44894327720912], [-66.10283106119216, -17.44894744203398], [-66.10292532170025, -17.448967927972152], [-66.10296392966077, -17.44904494039203], [-66.10296977086081, -17.44914775622722], [-66.10295532716053, -17.449274168043797], [-66.10292350162086, -17.44939793744225], [-66.10288681203335, -17.449514468276462], [-66.10289382480059, -17.449543239428323], [-66.10292530581523, -17.449598646753365], [-66.10300659569405, -17.44965239034014], [-66.10306967628844, -17.449682285146192], [-66.10310541850507, -17.449699222468404], [-66.10315217135278, -17.449733350899074], [-66.10313908616081, -17.449773774592867], [-66.10307227298934, -17.44984876212957], [-66.10305292941604, -17.449870472896926], [-66.10301503508431, -17.449905756750667], [-66.1030215569491, -17.449965578991378], [-66.10316222740553, -17.45019937010588], [-66.10323671648196, -17.450275752947707], [-66.10329694267398, -17.450337509556427], [-66.10338068292177, -17.450393678871535], [-66.10347694206048, -17.45044525110719], [-66.10358394786049, -17.450446809482674], [-66.10369321579628, -17.450462735252582], [-66.1037941494058, -17.45053348930756], [-66.10379580746547, -17.450586073022375], [-66.10377469093183, -17.450662216537996], [-66.10371700235977, -17.450690045464434], [-66.10364762653944, -17.450669922173656], [-66.10363250670159, -17.450681648158405], [-66.10362643441161, -17.450750843033006], [-66.1036329932847, -17.45080827658426], [-66.10366964175444, -17.450851813826258], [-66.10377796604234, -17.450927453113888], [-66.10394691770574, -17.451104316784196], [-66.10399370881522, -17.45113605640291], [-66.10406183901011, -17.451235001731746], [-66.10417706344785, -17.45134657715871], [-66.10427079594882, -17.451400502450774], [-66.1043376844165, -17.451420588449235], [-66.10437697190204, -17.451454607978974], [-66.10437859234402, -17.451509580397396], [-66.1043278788225, -17.451568569298825], [-66.10423089862395, -17.451720059297976], [-66.10414436283028, -17.451840643051245], [-66.1041361804122, -17.451885916676726], [-66.10416498561882, -17.451953230211878], [-66.10420691285414, -17.451977732182353], [-66.10427889118577, -17.451990725536017], [-66.1043281210752, -17.452031985330084], [-66.10433982741354, -17.452078742275347], [-66.10432669895258, -17.45211565380577], [-66.1042860522668, -17.452167622443923], [-66.10423579059756, -17.452197948843892], [-66.10419284396062, -17.452237937786997], [-66.10417497105438, -17.452266346555785], [-66.10418681592465, -17.452310645856407], [-66.10424604341966, -17.452336664795865], [-66.10434287007563, -17.45235240920237], [-66.10441986368318, -17.45236308721828], [-66.10447774655218, -17.452408055934004], [-66.10450423311136, -17.452464585927004], [-66.10449429676393, -17.45254208601845], [-66.10444348761101, -17.452607046610076], [-66.1044108533635, -17.452624489807164], [-66.10440515225511, -17.452663897818123], [-66.10442426806146, -17.452714347408502], [-66.10443339136242, -17.452767039834857], [-66.10441759183585, -17.452821759507565], [-66.10438422232254, -17.452885778481505], [-66.10435316671524, -17.45291607211867], [-66.10433113196655, -17.452937565912883], [-66.1043029340663, -17.452995615747138], [-66.10430914688105, -17.453068645634115], [-66.1043836113283, -17.453239354857665], [-66.10443718956762, -17.453314196820262], [-66.10445577593852, -17.453398086206814], [-66.10443450908812, -17.4534837836229], [-66.10441561670727, -17.45357668331704], [-66.10446923185276, -17.45364913658525], [-66.1045678306376, -17.453710299560637], [-66.10464742679837, -17.45371384775038], [-66.10470040314057, -17.45366922630495], [-66.10472845806545, -17.453668737236494], [-66.10472865756282, -17.453668733820404], [-66.10477509738472, -17.453667924596402], [-66.10487407378147, -17.45370520236961], [-66.10498503987834, -17.453771322786988], [-66.10511131388576, -17.453813775438828], [-66.10524328343953, -17.45381091902982], [-66.10537826917523, -17.453774658012783], [-66.10542614329334, -17.453744225271063], [-66.1055482523426, -17.453735252023627], [-66.10561193162935, -17.45363710318199], [-66.10564484902724, -17.45360174553488], [-66.10570204780173, -17.453604967299565], [-66.10584849575805, -17.453630989349932], [-66.1060288772738, -17.45371484416666], [-66.10616031766942, -17.453745426072544], [-66.10627694091774, -17.453768625462754], [-66.10637369319765, -17.453789145492813], [-66.10644254240319, -17.453842707906762], [-66.10650603789603, -17.45392008299077], [-66.10650543426331, -17.453958299332704], [-66.10648209357886, -17.454017687078174], [-66.10641908715598, -17.454066941569376], [-66.10639819836526, -17.454128753314315], [-66.10642104626729, -17.45425809749547], [-66.10650347599423, -17.454324925208837], [-66.10657108135891, -17.4544573089997], [-66.10674421809274, -17.454599661993484], [-66.1068683061459, -17.454780649648082], [-66.10697573432608, -17.454919513631708], [-66.10702534765629, -17.455081571496617], [-66.10704649204209, -17.455335367057646], [-66.1070504574225, -17.45538296214603], [-66.10707643586007, -17.45547173658902], [-66.10715309158583, -17.455503910178813], [-66.1072249092872, -17.455501329636967], [-66.10724773337593, -17.455500509511616], [-66.10737514179812, -17.455471304736268], [-66.10766619352489, -17.455325025493856], [-66.10773342333871, -17.455323614178084], [-66.10782983726317, -17.455365630976395], [-66.10795238096401, -17.45548686825519], [-66.10799532756053, -17.455604558534382], [-66.10803578546003, -17.455722212613484], [-66.10814019275315, -17.45588857892521], [-66.10816066633242, -17.456010720822626], [-66.10812273459466, -17.456048394297056], [-66.10804276000304, -17.4560687333724], [-66.10799724884447, -17.456113464301655], [-66.10798838721614, -17.456201731938066], [-66.10804840372417, -17.456267334735756], [-66.10819882481249, -17.456431757143818], [-66.10827906982934, -17.456481895575457], [-66.10833192683106, -17.456514921798007], [-66.10846631104027, -17.456516876195238], [-66.10863319800201, -17.456509747096575], [-66.10874820195359, -17.45647797187317], [-66.10886535435914, -17.456467730104887], [-66.10891727605569, -17.45648998647451], [-66.1089959312582, -17.456553246882095], [-66.10906742185396, -17.456597290045707], [-66.10921447618081, -17.456585093607828], [-66.10951307043182, -17.45659182397862], [-66.10967181377225, -17.456627579313274], [-66.10979677297492, -17.456753628415633], [-66.10986943347261, -17.456881307390688], [-66.10988493165458, -17.457003376945266], [-66.10978783895145, -17.457162035028556], [-66.10977166344937, -17.457240640448962], [-66.1097881792582, -17.457298218800283], [-66.10982441487819, -17.457368029136003], [-66.10991641826634, -17.457374145038806], [-66.11008300465485, -17.457386122602347], [-66.1102749677624, -17.457367410482718], [-66.1103565648414, -17.457402044074694], [-66.11039276302199, -17.457474243039098], [-66.11035871503624, -17.457581257918285], [-66.11025019693875, -17.457675245060894], [-66.11013523095424, -17.457704632394748], [-66.1100147587996, -17.457767386340706], [-66.10998670573454, -17.457809982257146], [-66.10998746071377, -17.457919892180733], [-66.10998346429153, -17.458015397565234], [-66.10993244772492, -17.458093496524086], [-66.10989085853492, -17.4582051792278], [-66.10987649321001, -17.45832681465514], [-66.10990986422362, -17.45842047490251], [-66.1099558667193, -17.4585023725478], [-66.1101043551307, -17.45855709174436], [-66.11021626848036, -17.4585634970033], [-66.1102555585814, -17.458597514833755], [-66.11023214282662, -17.458661680483157], [-66.11021589190328, -17.458745062429983], [-66.1102694363415, -17.45882229207049], [-66.11033591378752, -17.458868651303515], [-66.11047512679745, -17.45888023083797], [-66.11060728799063, -17.458865428790354], [-66.11070626775883, -17.458902703313246], [-66.11078993986676, -17.45896364688422], [-66.11089797230747, -17.459216072416677], [-66.11106184755408, -17.459400025809202], [-66.11130456883087, -17.45963529540476], [-66.11136800149661, -17.45972203047248], [-66.11149706531407, -17.45989850507683], [-66.11182693299656, -17.46044801293016], [-66.11196754628973, -17.46068657694176], [-66.11204009654759, -17.460821420731524], [-66.11206815230523, -17.460936505010938], [-66.11207709205611, -17.46115882141267], [-66.11211088144569, -17.46138388808292], [-66.11221329608537, -17.461519165728962], [-66.1123375793765, -17.46153052733959], [-66.1124977967716, -17.461473127171367], [-66.11255345124029, -17.461416597257536], [-66.11271951240195, -17.461304332655423], [-66.1127994882174, -17.4612839919525], [-66.11295333421589, -17.46131489563959], [-66.11308693259775, -17.461367007498847], [-66.11319571902374, -17.461413980441893], [-66.11333678218143, -17.461466200560128], [-66.11339560665475, -17.461524393198825], [-66.11341446204236, -17.461591561505447], [-66.11339025696907, -17.461705886790643], [-66.11337427053101, -17.46177255002862], [-66.11343543332153, -17.461840332724293], [-66.1135659023647, -17.461933013432972], [-66.113614283138, -17.462022112829196], [-66.11361047641708, -17.46210567680532], [-66.11359415112014, -17.462193836592853], [-66.11358253990427, -17.462298788681725], [-66.11363510677823, -17.462438119521675], [-66.11368001983624, -17.46258928546763], [-66.11363982726134, -17.462770274021526], [-66.113574142824, -17.46283143707201], [-66.11356053478043, -17.46306298228797], [-66.11357227877835, -17.463198230354603], [-66.11378658036524, -17.4629750055532], [-66.1140837088832, -17.462680681560204], [-66.11435986467642, -17.46235835308744], [-66.11518048791922, -17.461400511536755], [-66.11557582837482, -17.460797026738156], [-66.11575721701402, -17.460055434761884], [-66.11603555379979, -17.45891746762088], [-66.11639393922223, -17.457452195641675], [-66.11901808186093, -17.45274736434195], [-66.11948044952815, -17.451918351274504], [-66.1194902244391, -17.451895115827313], [-66.11959034406914, -17.451657140331033], [-66.11969438780363, -17.451224884017677], [-66.119703523824, -17.451186928985976], [-66.11965628712919, -17.45102497955486], [-66.11955902556295, -17.45097072541505], [-66.11708396011508, -17.44959007733443], [-66.11710316693754, -17.44955693138802], [-66.11877258162659, -17.446675933500025], [-66.11877262473159, -17.44666613056423], [-66.11877407757848, -17.446335671306358], [-66.1187749966066, -17.446126471562305], [-66.11925337193105, -17.445235454660537], [-66.1200543581145, -17.44374352149891], [-66.1200955037232, -17.44366688134646], [-66.12010935425917, -17.44360525621384], [-66.12012154805913, -17.44355100244209], [-66.12013564537467, -17.44348827834749], [-66.12020533506848, -17.441428671124736], [-66.12021161963638, -17.441028584456248], [-66.12019765088375, -17.440925280870015], [-66.12016269682304, -17.4406667965999], [-66.12020511371965, -17.440657268289527], [-66.12059496659631, -17.44056968708518], [-66.12069078336133, -17.440548161528746], [-66.12203507128235, -17.440334668486436], [-66.12249796025843, -17.44026529794677], [-66.12414321440097, -17.440018724432207], [-66.1250975135427, -17.43987423383769], [-66.12511827365681, -17.43986874568622], [-66.12509967946869, -17.43954549518858], [-66.1250991140095, -17.4395356617377], [-66.12517541394953, -17.43943164226305], [-66.12564514194572, -17.43891852815191], [-66.12575087930958, -17.43876383141151], [-66.12580221910295, -17.438664228744678], [-66.12582396115116, -17.43854747546488], [-66.12582892075713, -17.438389864816838], [-66.12579889284979, -17.43824130506264], [-66.1256110541872, -17.437521852765276], [-66.12537766250783, -17.43637408928362], [-66.1252467933628, -17.43598993848938], [-66.12521906732592, -17.435853357456164], [-66.12520924667872, -17.435685976269504], [-66.12521925729928, -17.43552366006624], [-66.12526124308039, -17.435385696630735], [-66.1252661253601, -17.435376568525765], [-66.12542026679951, -17.435088374934576], [-66.12619059583052, -17.433908473720972], [-66.12646575926671, -17.43348700662499], [-66.1267132258441, -17.43310114992912], [-66.12700270487504, -17.432554270629144], [-66.12725778614659, -17.432095331931983], [-66.12790069953499, -17.430858165255607], [-66.1285722612663, -17.429613556102982], [-66.12874376081265, -17.42931021934013], [-66.12888214887651, -17.429135854158964], [-66.12918806754583, -17.428750400438624], [-66.12939895098181, -17.428492241496627], [-66.12961435558924, -17.428228547144222], [-66.12981021418905, -17.4279976522876], [-66.130385170649, -17.427319838764806], [-66.1306029329777, -17.42708167438149], [-66.13099228275743, -17.4267341803574], [-66.13202001068522, -17.425839715505294], [-66.13302747051434, -17.42498309140925], [-66.13366037224392, -17.42445703313194], [-66.13424680142381, -17.423979983031643], [-66.1344972783926, -17.42377622429963], [-66.13459984795098, -17.42369557284412], [-66.1346106656092, -17.42368705623398], [-66.13533439937882, -17.423718981341832], [-66.13534420281188, -17.42371734708855], [-66.13540584331405, -17.423707067418032], [-66.13542672431564, -17.42370358516334], [-66.13548436403836, -17.423678133778278], [-66.13671829113821, -17.423766606829947], [-66.13681380679334, -17.423773454842895], [-66.13715310040985, -17.423447062503264]]]}, "properties": {"OBJECTID": 7, "distrito": 8, "comuna": "ALEJO CALATAYUD", "Nombre": "Distrito: 8", "Shape_Length": 34632.340722412424, "Shape_Area": 27811808.922146354}}, {"type": "Feature", "id": 8, "geometry": {"type": "Polygon", "coordinates": [[[-66.10444688158488, -17.423238826807346], [-66.10482616632059, -17.422169542139898], [-66.10517852772283, -17.421165136441598], [-66.10517854331003, -17.421165102355502], [-66.10519414789414, -17.42113880186825], [-66.10521510249629, -17.421103503441355], [-66.10589505156058, -17.420051004033652], [-66.10609095080956, -17.419736993559063], [-66.10653862032265, -17.419047680967942], [-66.10671075098752, -17.41892568392829], [-66.1067310817562, -17.418912145793108], [-66.10681995798102, -17.418852965958845], [-66.10724541810141, -17.419362326985535], [-66.10756140614787, -17.419640243323546], [-66.10793272841195, -17.419976210739545], [-66.11011068018566, -17.42224609916135], [-66.11087820216996, -17.42315642048438], [-66.11189879395664, -17.42421903590243], [-66.11221786425388, -17.42411219413102], [-66.11251841589572, -17.424198296041595], [-66.1130584493572, -17.42480806080298], [-66.11407799993844, -17.425214074517967], [-66.11507965245693, -17.425646482682744], [-66.11519400744149, -17.425648139346883], [-66.11582627132228, -17.42595527816709], [-66.11598287554806, -17.4263809493936], [-66.11604059731827, -17.426867854639276], [-66.11665896757074, -17.42701794418044], [-66.11680091384282, -17.42709943847287], [-66.11708669605645, -17.42728514854581], [-66.11780977099407, -17.427484654307232], [-66.11852149336951, -17.428032757439222], [-66.11783663534402, -17.4289950751113], [-66.11728311836188, -17.430954997828312], [-66.11673068951966, -17.431809425509666], [-66.1167579013482, -17.432154844863792], [-66.11688409483693, -17.432438941324865], [-66.11712881694504, -17.43350085808624], [-66.11728912414587, -17.433691358917365], [-66.11848933794268, -17.43424194182447], [-66.11906648215907, -17.434940257145257], [-66.11946242992295, -17.43572994849395], [-66.11953938393293, -17.436029043158744], [-66.119565974227, -17.43745639551389], [-66.11944778115821, -17.438740517515367], [-66.11952261440901, -17.439180625869913], [-66.12008786076491, -17.440631486334276], [-66.12020581934388, -17.44063192934866], [-66.12020511371965, -17.440657268289527], [-66.12016269682304, -17.4406667965999], [-66.12019765088375, -17.440925280870015], [-66.12021161963638, -17.441028584456248], [-66.12020533506848, -17.441428671124736], [-66.12013564537467, -17.44348827834749], [-66.12012154805913, -17.44355100244209], [-66.12010935425917, -17.44360525621384], [-66.1200955037232, -17.44366688134646], [-66.1200543581145, -17.44374352149891], [-66.11925337193105, -17.445235454660537], [-66.1187749966066, -17.446126471562305], [-66.11877407757848, -17.446335671306358], [-66.11877262473159, -17.44666613056423], [-66.11877258162659, -17.446675933500025], [-66.11710316693754, -17.44955693138802], [-66.11708396011508, -17.44959007733443], [-66.11955902556295, -17.45097072541505], [-66.11965628712919, -17.45102497955486], [-66.119703523824, -17.451186928985976], [-66.11969438780363, -17.451224884017677], [-66.11959034406914, -17.451657140331033], [-66.1194902244391, -17.451895115827313], [-66.11948044952815, -17.451918351274504], [-66.11901808186093, -17.45274736434195], [-66.11639393922223, -17.457452195641675], [-66.11603555379979, -17.45891746762088], [-66.11575721701402, -17.460055434761884], [-66.11557582837482, -17.460797026738156], [-66.11518048791922, -17.461400511536755], [-66.11435986467642, -17.46235835308744], [-66.1140837088832, -17.462680681560204], [-66.11378658036524, -17.4629750055532], [-66.11357227877835, -17.463198230354603], [-66.11356053478043, -17.46306298228797], [-66.113574142824, -17.46283143707201], [-66.11363982726134, -17.462770274021526], [-66.11368001983624, -17.46258928546763], [-66.11363510677823, -17.462438119521675], [-66.11358253990427, -17.462298788681725], [-66.11359415112014, -17.462193836592853], [-66.11361047641708, -17.46210567680532], [-66.113614283138, -17.462022112829196], [-66.1135659023647, -17.461933013432972], [-66.11343543332153, -17.461840332724293], [-66.11337427053101, -17.46177255002862], [-66.11339025696907, -17.461705886790643], [-66.11341446204236, -17.461591561505447], [-66.11339560665475, -17.461524393198825], [-66.11333678218143, -17.461466200560128], [-66.11319571902374, -17.461413980441893], [-66.11308693259775, -17.461367007498847], [-66.11295333421589, -17.46131489563959], [-66.1127994882174, -17.4612839919525], [-66.11271951240195, -17.461304332655423], [-66.11255345124029, -17.461416597257536], [-66.1124977967716, -17.461473127171367], [-66.1123375793765, -17.46153052733959], [-66.11221329608537, -17.461519165728962], [-66.11211088144569, -17.46138388808292], [-66.11207709205611, -17.46115882141267], [-66.11206815230523, -17.460936505010938], [-66.11204009654759, -17.460821420731524], [-66.11196754628973, -17.46068657694176], [-66.11182693299656, -17.46044801293016], [-66.11149706531407, -17.45989850507683], [-66.11136800149661, -17.45972203047248], [-66.11130456883087, -17.45963529540476], [-66.11106184755408, -17.459400025809202], [-66.11089797230747, -17.459216072416677], [-66.11078993986676, -17.45896364688422], [-66.11070626775883, -17.458902703313246], [-66.11060728799063, -17.458865428790354], [-66.11047512679745, -17.45888023083797], [-66.11033591378752, -17.458868651303515], [-66.1102694363415, -17.45882229207049], [-66.11021589190328, -17.458745062429983], [-66.11023214282662, -17.458661680483157], [-66.1102555585814, -17.458597514833755], [-66.11021626848036, -17.4585634970033], [-66.1101043551307, -17.45855709174436], [-66.1099558667193, -17.4585023725478], [-66.10990986422362, -17.45842047490251], [-66.10987649321001, -17.45832681465514], [-66.10989085853492, -17.4582051792278], [-66.10993244772492, -17.458093496524086], [-66.10998346429153, -17.458015397565234], [-66.10998746071377, -17.457919892180733], [-66.10998670573454, -17.457809982257146], [-66.1100147587996, -17.457767386340706], [-66.11013523095424, -17.457704632394748], [-66.11025019693875, -17.457675245060894], [-66.11035871503624, -17.457581257918285], [-66.11039276302199, -17.457474243039098], [-66.1103565648414, -17.457402044074694], [-66.1102749677624, -17.457367410482718], [-66.11008300465485, -17.457386122602347], [-66.10991641826634, -17.457374145038806], [-66.10982441487819, -17.457368029136003], [-66.1097881792582, -17.457298218800283], [-66.10977166344937, -17.457240640448962], [-66.10978783895145, -17.457162035028556], [-66.10988493165458, -17.457003376945266], [-66.10986943347261, -17.456881307390688], [-66.10979677297492, -17.456753628415633], [-66.10967181377225, -17.456627579313274], [-66.10951307043182, -17.45659182397862], [-66.10921447618081, -17.456585093607828], [-66.10906742185396, -17.456597290045707], [-66.1089959312582, -17.456553246882095], [-66.10891727605569, -17.45648998647451], [-66.10886535435914, -17.456467730104887], [-66.10874820195359, -17.45647797187317], [-66.10863319800201, -17.456509747096575], [-66.10846631104027, -17.456516876195238], [-66.10833192683106, -17.456514921798007], [-66.10827906982934, -17.456481895575457], [-66.10819882481249, -17.456431757143818], [-66.10804840372417, -17.456267334735756], [-66.10798838721614, -17.456201731938066], [-66.10799724884447, -17.456113464301655], [-66.10804276000304, -17.4560687333724], [-66.10812273459466, -17.456048394297056], [-66.10816066633242, -17.456010720822626], [-66.10814019275315, -17.45588857892521], [-66.10803578546003, -17.455722212613484], [-66.10799532756053, -17.455604558534382], [-66.10795238096401, -17.45548686825519], [-66.10782983726317, -17.455365630976395], [-66.10773342333871, -17.455323614178084], [-66.10766619352489, -17.455325025493856], [-66.10737514179812, -17.455471304736268], [-66.10724773337593, -17.455500509511616], [-66.1072249092872, -17.455501329636967], [-66.10715309158583, -17.455503910178813], [-66.10707643586007, -17.45547173658902], [-66.1070504574225, -17.45538296214603], [-66.10704649204209, -17.455335367057646], [-66.10702534765629, -17.455081571496617], [-66.10697573432608, -17.454919513631708], [-66.1068683061459, -17.454780649648082], [-66.10674421809274, -17.454599661993484], [-66.10657108135891, -17.4544573089997], [-66.10650347599423, -17.454324925208837], [-66.10642104626729, -17.45425809749547], [-66.10639819836526, -17.454128753314315], [-66.10641908715598, -17.454066941569376], [-66.10648209357886, -17.454017687078174], [-66.10650543426331, -17.453958299332704], [-66.10650603789603, -17.45392008299077], [-66.10644254240319, -17.453842707906762], [-66.10637369319765, -17.453789145492813], [-66.10627694091774, -17.453768625462754], [-66.10616031766942, -17.453745426072544], [-66.1060288772738, -17.45371484416666], [-66.10584849575805, -17.453630989349932], [-66.10570204780173, -17.453604967299565], [-66.10564484902724, -17.45360174553488], [-66.10561193162935, -17.45363710318199], [-66.1055482523426, -17.453735252023627], [-66.10542614329334, -17.453744225271063], [-66.10537826917523, -17.453774658012783], [-66.10524328343953, -17.45381091902982], [-66.10511131388576, -17.453813775438828], [-66.10498503987834, -17.453771322786988], [-66.10487407378147, -17.45370520236961], [-66.10477509738472, -17.453667924596402], [-66.10472865756282, -17.453668733820404], [-66.10472845806545, -17.453668737236494], [-66.10470040314057, -17.45366922630495], [-66.10464742679837, -17.45371384775038], [-66.1045678306376, -17.453710299560637], [-66.10446923185276, -17.45364913658525], [-66.10441561670727, -17.45357668331704], [-66.10443450908812, -17.4534837836229], [-66.10445577593852, -17.453398086206814], [-66.10443718956762, -17.453314196820262], [-66.1043836113283, -17.453239354857665], [-66.10430914688105, -17.453068645634115], [-66.1043029340663, -17.452995615747138], [-66.10433113196655, -17.452937565912883], [-66.10435316671524, -17.45291607211867], [-66.10438422232254, -17.452885778481505], [-66.10441759183585, -17.452821759507565], [-66.10443339136242, -17.452767039834857], [-66.10442426806146, -17.452714347408502], [-66.10440515225511, -17.452663897818123], [-66.1044108533635, -17.452624489807164], [-66.10444348761101, -17.452607046610076], [-66.10449429676393, -17.45254208601845], [-66.10450423311136, -17.452464585927004], [-66.10447774655218, -17.452408055934004], [-66.10441986368318, -17.45236308721828], [-66.10434287007563, -17.45235240920237], [-66.10424604341966, -17.452336664795865], [-66.10418681592465, -17.452310645856407], [-66.10417497105438, -17.452266346555785], [-66.10419284396062, -17.452237937786997], [-66.10423579059756, -17.452197948843892], [-66.1042860522668, -17.452167622443923], [-66.10432669895258, -17.45211565380577], [-66.10433982741354, -17.452078742275347], [-66.1043281210752, -17.452031985330084], [-66.10427889118577, -17.451990725536017], [-66.10420691285414, -17.451977732182353], [-66.10416498561882, -17.451953230211878], [-66.1041361804122, -17.451885916676726], [-66.10414436283028, -17.451840643051245], [-66.10423089862395, -17.451720059297976], [-66.1043278788225, -17.451568569298825], [-66.10437859234402, -17.451509580397396], [-66.10437697190204, -17.451454607978974], [-66.1043376844165, -17.451420588449235], [-66.10427079594882, -17.451400502450774], [-66.10417706344785, -17.45134657715871], [-66.10406183901011, -17.451235001731746], [-66.10399370881522, -17.45113605640291], [-66.10394691770574, -17.451104316784196], [-66.10377796604234, -17.450927453113888], [-66.10366964175444, -17.450851813826258], [-66.1036329932847, -17.45080827658426], [-66.10362643441161, -17.450750843033006], [-66.10363250670159, -17.450681648158405], [-66.10364762653944, -17.450669922173656], [-66.10371700235977, -17.450690045464434], [-66.10377469093183, -17.450662216537996], [-66.10379580746547, -17.450586073022375], [-66.1037941494058, -17.45053348930756], [-66.10369321579628, -17.450462735252582], [-66.10358394786049, -17.450446809482674], [-66.10347694206048, -17.45044525110719], [-66.10338068292177, -17.450393678871535], [-66.10329694267398, -17.450337509556427], [-66.10323671648196, -17.450275752947707], [-66.10316222740553, -17.45019937010588], [-66.1030215569491, -17.449965578991378], [-66.10301503508431, -17.449905756750667], [-66.10305292941604, -17.449870472896926], [-66.10307227298934, -17.44984876212957], [-66.10313908616081, -17.449773774592867], [-66.10315217135278, -17.449733350899074], [-66.10310541850507, -17.449699222468404], [-66.10306967628844, -17.449682285146192], [-66.10300659569405, -17.44965239034014], [-66.10292530581523, -17.449598646753365], [-66.10289382480059, -17.449543239428323], [-66.10288681203335, -17.449514468276462], [-66.10292350162086, -17.44939793744225], [-66.10295532716053, -17.449274168043797], [-66.10296977086081, -17.44914775622722], [-66.10296392966077, -17.44904494039203], [-66.10292532170025, -17.448967927972152], [-66.10283106119216, -17.44894744203398], [-66.1027091632192, -17.44894327720912], [-66.1026276471314, -17.448903864755774], [-66.10259394204648, -17.448831700374264], [-66.10263873858204, -17.448674673420076], [-66.1026733926115, -17.448529443971044], [-66.10274825577093, -17.448394507924355], [-66.10274815078056, -17.44839424634239], [-66.10282607030744, -17.44821194390932], [-66.10281317863345, -17.448082745613842], [-66.10273471373033, -17.448032917794386], [-66.10256674803817, -17.44792625417442], [-66.10257934511526, -17.44775920122902], [-66.10255627347452, -17.44764418915658], [-66.10247362890551, -17.447518752379224], [-66.10242077135945, -17.447398527953602], [-66.10239347791654, -17.44723567241584], [-66.10245056507284, -17.447088380522523], [-66.10256126583165, -17.44701354293972], [-66.10256745493297, -17.44699658428808], [-66.10259248674394, -17.44692798978452], [-66.1025835150518, -17.446865743534893], [-66.10248985987519, -17.446807040460968], [-66.1024206357734, -17.446777363126788], [-66.10235095945845, -17.446776348182464], [-66.10230171883605, -17.44674218433959], [-66.10230407525682, -17.446710241220547], [-66.10230805561758, -17.446656268751358], [-66.10237246567755, -17.446651570713524], [-66.10264875769352, -17.446631418364746], [-66.10269553973208, -17.446628005721447], [-66.1026152342741, -17.446474350371247], [-66.10242416426387, -17.446108757716704], [-66.10226184662817, -17.445103033467245], [-66.10225229593975, -17.44504385698026], [-66.10229290362216, -17.445049784061], [-66.10160241686421, -17.443801110444923], [-66.1009629833133, -17.44298797903742], [-66.100454124939, -17.442323570419365], [-66.09974664712149, -17.440603234885465], [-66.09847116184727, -17.439152277105006], [-66.09803056253162, -17.437575878773114], [-66.09804565729442, -17.436622033044344], [-66.0978284658951, -17.435444388168186], [-66.09701594165234, -17.43311888986093], [-66.09692100373842, -17.43291812496469], [-66.09721316482397, -17.432970544890413], [-66.09731766922373, -17.432987959963572], [-66.097366118844, -17.432996041813997], [-66.09736614890957, -17.43299604405832], [-66.09756686686744, -17.433011671795864], [-66.09807564939995, -17.433051297229678], [-66.09891739737597, -17.433125037424787], [-66.09977067684869, -17.431809519018888], [-66.10060422883942, -17.430512337751487], [-66.10117716881093, -17.429827255814594], [-66.10173226004432, -17.429163568416463], [-66.10173225227928, -17.42916352405832], [-66.10160701645911, -17.427412051747055], [-66.10138869731952, -17.42690670532896], [-66.10128392105115, -17.426664150817555], [-66.10131254936334, -17.426544450247523], [-66.10135665962353, -17.42636001058403], [-66.10145586052269, -17.426150314254016], [-66.10152742827484, -17.425999045366183], [-66.10260502640048, -17.425229604801334], [-66.1027032892945, -17.425154192390732], [-66.10324849975152, -17.424932149380496], [-66.10368844138002, -17.424753016629193], [-66.10404720351833, -17.42436993016237], [-66.10444688158488, -17.423238826807346]]]}, "properties": {"OBJECTID": 8, "distrito": 14, "comuna": "VALLE HERMOSO", "Nombre": "Distrito: 14", "Shape_Length": 13006.204209449106, "Shape_Area": 6965231.9971107235}}, {"type": "Feature", "id": 9, "geometry": {"type": "Polygon", "coordinates": [[[-66.21474301281785, -17.402128772006208], [-66.2144675029864, -17.399654522324948], [-66.21625550871181, -17.399594727713705], [-66.2162555621183, -17.399594803411365], [-66.21626107461347, -17.399603136837293], [-66.21626808390094, -17.3996137451398], [-66.21627498122616, -17.3996241694656], [-66.2162904955064, -17.399647670864663], [-66.21628876019912, -17.39968952770712], [-66.21628213591492, -17.399849378500413], [-66.21741680033175, -17.400564339368966], [-66.21741764522805, -17.40056488124283], [-66.21822358090041, -17.400890298078224], [-66.21887575615787, -17.40109530722103], [-66.2190872499604, -17.40116179757404], [-66.21919710447015, -17.401422845970586], [-66.21938190031607, -17.40425261107481], [-66.21943937172165, -17.405154838856504], [-66.21943937391438, -17.405154880426878], [-66.2195798837001, -17.407150850591098], [-66.21958006928074, -17.407153566811743], [-66.21960316471883, -17.407492633319993], [-66.21974852933475, -17.40818853172717], [-66.21974878820014, -17.408189823974606], [-66.2197490620528, -17.408191244662632], [-66.21975010864182, -17.4081912032727], [-66.21975246936006, -17.408191155831013], [-66.21990263215007, -17.40829077043046], [-66.22005595147986, -17.40834788949595], [-66.22010395030158, -17.408365779896915], [-66.22010397841844, -17.40836578661033], [-66.22011927680497, -17.40836894207768], [-66.22019048737583, -17.408383650591787], [-66.22049108722335, -17.408398950985124], [-66.22054357040086, -17.40840979148272], [-66.22060640862988, -17.40842282084484], [-66.22073897367375, -17.40845799151354], [-66.22104265407008, -17.40865102428063], [-66.22104269409837, -17.408651051929915], [-66.22106671640833, -17.40865466579596], [-66.22108305431695, -17.40865713131656], [-66.22116897754557, -17.408616480589536], [-66.22134528769487, -17.408533089292447], [-66.22150138081408, -17.408530686889783], [-66.22153618319768, -17.408530156114274], [-66.22153622741102, -17.408530155827567], [-66.22172709383483, -17.40853281639383], [-66.2219010146608, -17.408507513639442], [-66.22209149674188, -17.408537895449705], [-66.22231639675475, -17.408585466599337], [-66.22251221399013, -17.40864373602931], [-66.22259481013285, -17.40868818960481], [-66.22264994534154, -17.408717872351495], [-66.22282127509219, -17.40886466221753], [-66.22289276424512, -17.409493270830424], [-66.22291715393489, -17.409793526799415], [-66.22303852681591, -17.410184005970788], [-66.2231578956591, -17.410707762300756], [-66.22316806504577, -17.410762874805737], [-66.2231845947274, -17.410852536876455], [-66.22325890527729, -17.410914708125045], [-66.22370736483451, -17.411045776136223], [-66.22407679379943, -17.411153778640678], [-66.22437195041677, -17.41114678133054], [-66.22455292401742, -17.411118349994798], [-66.22485910732149, -17.41107028616191], [-66.2251320671791, -17.410996335000608], [-66.22524191785169, -17.411003376651024], [-66.22543069324688, -17.411144861190593], [-66.22562833228497, -17.411464157937587], [-66.22562835707672, -17.411464198016592], [-66.22602921685566, -17.412119611269055], [-66.22619393764475, -17.412321852202442], [-66.22619396730256, -17.412321881512625], [-66.22645690573371, -17.412531015988144], [-66.22652614742, -17.412543088010334], [-66.22678565338819, -17.41239923621606], [-66.2268976074605, -17.41233718379811], [-66.22719593604731, -17.412246968769384], [-66.22730021063549, -17.412237312188754], [-66.22770289197543, -17.412387311184307], [-66.22779076022319, -17.412384993620808], [-66.22784183453398, -17.41238366233469], [-66.22784187054336, -17.412383644774742], [-66.22797021067107, -17.41231327775624], [-66.22816843789619, -17.412210470095985], [-66.22837153227393, -17.412026408066087], [-66.22843223315775, -17.411980870127678], [-66.22861808219982, -17.41193346584247], [-66.22871902036414, -17.41192485747844], [-66.22878604881781, -17.41191915761765], [-66.22915491837867, -17.412013135469007], [-66.22915495955382, -17.412013149587178], [-66.22951127489613, -17.412168050478325], [-66.22977156148376, -17.412171668904325], [-66.23000928532558, -17.412136094568773], [-66.23027897052404, -17.411901014558183], [-66.23046471675428, -17.411727781200632], [-66.23054301089473, -17.411654787917346], [-66.23069996203286, -17.411606942052728], [-66.23110483728254, -17.411612566879985], [-66.23189716492112, -17.41162917185598], [-66.23205852414257, -17.411670242261625], [-66.23205855216537, -17.411670255293487], [-66.23218459465717, -17.41174974735742], [-66.23237224585763, -17.41196898535617], [-66.23242250760133, -17.412021956235414], [-66.23245767934746, -17.412059024397962], [-66.23245770351335, -17.412059043697553], [-66.23260085604949, -17.412155437992475], [-66.23275617881295, -17.412195016231333], [-66.23280829252181, -17.412208301261657], [-66.23280833386065, -17.412208304544826], [-66.2330632557399, -17.412184074577205], [-66.23335456864002, -17.412122725835605], [-66.2335333949499, -17.41208508690894], [-66.23370529966152, -17.412192988009604], [-66.23384194177396, -17.41233929648914], [-66.23384196949789, -17.41233932938368], [-66.23396103706509, -17.41249648870115], [-66.23406023153892, -17.412565531784697], [-66.23411565620894, -17.412604137855475], [-66.23423377084926, -17.41264264321796], [-66.23431139556338, -17.412667958356543], [-66.2344622067524, -17.41264227268601], [-66.23454377719725, -17.412545663286995], [-66.23454380880304, -17.412545625797577], [-66.23472141481683, -17.412336277767405], [-66.2349112783483, -17.411996563971382], [-66.23496505032021, -17.41190501851774], [-66.23565439624376, -17.411464682940487], [-66.23577040716245, -17.411444072575843], [-66.2357878132464, -17.411449917422487], [-66.23608184313863, -17.411688427021776], [-66.23617154737283, -17.411715442324127], [-66.23621571039826, -17.411728767922412], [-66.23621574909241, -17.41172875942854], [-66.2364728950017, -17.41170540916569], [-66.23659425838738, -17.411669975848433], [-66.23666837623398, -17.411648349685606], [-66.23685730152425, -17.411630153946483], [-66.23707023270995, -17.41160966025775], [-66.2370702631981, -17.411609634492002], [-66.23707535913798, -17.41160666367065], [-66.23740900307446, -17.411631695230884], [-66.2375763749077, -17.411711040061327], [-66.23767151271737, -17.41178939979535], [-66.23790692301088, -17.411879350997488], [-66.23808903535584, -17.41191077078626], [-66.23816125808396, -17.41191177171249], [-66.23828370680825, -17.411907689132487], [-66.23842413403058, -17.411907739632035], [-66.23849023615281, -17.411893026527515], [-66.23857918919018, -17.411873256885396], [-66.2385852366832, -17.411871061383135], [-66.23865126916904, -17.41184740163713], [-66.2386513811833, -17.41184770932338], [-66.23887011605949, -17.411762479465274], [-66.23926866597184, -17.411712001892017], [-66.2394729964588, -17.41171877148588], [-66.23988359313243, -17.41173239194412], [-66.23989202146336, -17.41173144307496], [-66.23999859710895, -17.411719952189667], [-66.23999868903205, -17.411720407697644], [-66.24028144144286, -17.41169292071065], [-66.24028905381903, -17.41169218719087], [-66.24028909894706, -17.41169218871885], [-66.24057634228062, -17.41154452665026], [-66.24108012113297, -17.411285604094616], [-66.24113794166477, -17.411276579322003], [-66.24119001682732, -17.41126848822321], [-66.24127295965195, -17.41127640115108], [-66.2413084683351, -17.411312016902013], [-66.24138617233132, -17.411389980188215], [-66.24140062773581, -17.41145514587031], [-66.24140769146454, -17.411487059988943], [-66.24141111893361, -17.411490896640085], [-66.24140119900366, -17.411919726362132], [-66.24152491254449, -17.41204025884545], [-66.24170800518668, -17.41217052988985], [-66.24213838594167, -17.41247680468199], [-66.24416734009732, -17.416415457938626], [-66.24408985211579, -17.418168748502765], [-66.24458925382051, -17.421096325528293], [-66.24466844015176, -17.42444430026113], [-66.24498766700674, -17.426477702798273], [-66.24505940058121, -17.42663727140018], [-66.2456976074351, -17.428121418759005], [-66.24570863146884, -17.428214577670783], [-66.24614355501048, -17.43336431562197], [-66.24617022923306, -17.43430664831927], [-66.24618997946092, -17.4350053270791], [-66.2462292138898, -17.436393972710263], [-66.24949205299826, -17.439428385090427], [-66.25167039543315, -17.44145377634057], [-66.25293544429762, -17.442630050250543], [-66.2541156347949, -17.443727401793588], [-66.25659871055626, -17.450760593677312], [-66.25659874599054, -17.45076061493642], [-66.26925208474194, -17.455083107392845], [-66.278254795083, -17.45815792481465], [-66.27856933392333, -17.458265297875474], [-66.27977232674826, -17.458675921554946], [-66.2807026579143, -17.458993513638497], [-66.28050115025822, -17.459295801247563], [-66.28038271053306, -17.459473472818868], [-66.28026789852902, -17.459645646335538], [-66.27996918527838, -17.460093802515434], [-66.27958362347482, -17.460672177569258], [-66.27849297869626, -17.46286646784175], [-66.27718198307159, -17.46588585505852], [-66.27718196177067, -17.465885895404902], [-66.2766543589894, -17.466854160863576], [-66.27508251709546, -17.469810665227158], [-66.27508249199008, -17.469810708230213], [-66.27353357096632, -17.472178040700793], [-66.27295377023536, -17.47291102644758], [-66.27204900567727, -17.474054733275977], [-66.27188103454942, -17.474258480500517], [-66.2718060398727, -17.47434941177641], [-66.271102761854, -17.47507249014767], [-66.27035999661261, -17.475836139297538], [-66.26927238870509, -17.476964554583187], [-66.26864289512058, -17.477617665831026], [-66.26835704363185, -17.478241121044547], [-66.26810147983419, -17.478798431797365], [-66.26801999922385, -17.47947138174042], [-66.26791398399216, -17.480989436341], [-66.2676246704621, -17.482025154494067], [-66.26664506689038, -17.483051282095964], [-66.26664503922827, -17.483051307000977], [-66.26296013540309, -17.485959131995166], [-66.26141918060935, -17.486989406652306], [-66.26055388296342, -17.487504638174517], [-66.25958126423356, -17.48808371476381], [-66.25844030453827, -17.48861161111161], [-66.25735133060456, -17.48911540223726], [-66.25681690208181, -17.489253590873435], [-66.25636439529406, -17.490908643163205], [-66.25613490209247, -17.491747927513003], [-66.2550848254104, -17.493186930799084], [-66.25349081922701, -17.496748318701258], [-66.25254478618506, -17.497649170996795], [-66.25254474799242, -17.49764920749318], [-66.24969540923864, -17.500345132516856], [-66.24672259105174, -17.50214955859362], [-66.2451352321252, -17.503112988750235], [-66.24124860103915, -17.50451965016355], [-66.23968967276947, -17.5048667191199], [-66.23899560719988, -17.50502122861313], [-66.2376334473691, -17.50510041753552], [-66.23422786812309, -17.504306779064525], [-66.23156197783932, -17.5032067101121], [-66.22403455216791, -17.503464727414737], [-66.21610044404402, -17.502380302764738], [-66.2156146765825, -17.50233533426882], [-66.21401795144789, -17.502187539965366], [-66.2110362623198, -17.501911506415702], [-66.20615927104548, -17.501933446018356], [-66.20376169664304, -17.502004829547896], [-66.2016823421871, -17.502066692067604], [-66.20010594576586, -17.50278576720955], [-66.19850870245573, -17.503514289953706], [-66.19809746960502, -17.505419759605733], [-66.19791628898338, -17.50660926030041], [-66.19773332146929, -17.507810224269384], [-66.19773335200662, -17.50781025811253], [-66.19773798886061, -17.507815777857957], [-66.1971431988435, -17.50910443148605], [-66.19662627985785, -17.51023080909691], [-66.1959273280274, -17.511754694665743], [-66.1939120927517, -17.514656955187704], [-66.19334270303455, -17.51537372746532], [-66.19271601842385, -17.516093337957642], [-66.19133657827913, -17.51767727144763], [-66.1911568070926, -17.51782452873423], [-66.19015483392403, -17.518644978609625], [-66.18913650469342, -17.519248843050068], [-66.18822648306211, -17.51985536477177], [-66.1874924842676, -17.52034451008271], [-66.18609000344435, -17.52136260655131], [-66.18559201366725, -17.521724093478326], [-66.18479295044328, -17.522177793435784], [-66.18337190850424, -17.522984615221773], [-66.17596978804859, -17.525873038383466], [-66.17334342655107, -17.52784184730604], [-66.17333856647002, -17.52784796262341], [-66.17178570576971, -17.52902585416576], [-66.17178567813073, -17.529025876346203], [-66.170444167286, -17.52993118820486], [-66.16936558279784, -17.530829348001127], [-66.16935598827519, -17.530837337890546], [-66.16934501869959, -17.530846415207158], [-66.16881491601279, -17.531125993183203], [-66.16841099347867, -17.53118966044258], [-66.16814363155002, -17.53113879239239], [-66.16792291241745, -17.531097086232787], [-66.16779925488576, -17.531073632843366], [-66.16729892944727, -17.530682254649385], [-66.16729890533185, -17.530682231729624], [-66.16671202035873, -17.530122680272317], [-66.16671199165069, -17.530122650062843], [-66.16645675066367, -17.529814806991954], [-66.16503156685464, -17.528096063028826], [-66.16496536304163, -17.52801627063163], [-66.16488569917728, -17.52792019693656], [-66.16385724411907, -17.526771485384515], [-66.16346264628208, -17.52633073313946], [-66.16259158867348, -17.525710767469455], [-66.16259154502359, -17.52571072982164], [-66.16153341918834, -17.526391426524075], [-66.16135665085577, -17.526425513259056], [-66.16124795967959, -17.52644645596937], [-66.16074826462405, -17.526540243659156], [-66.16007481366125, -17.526604326158825], [-66.15947601805757, -17.52666129185303], [-66.15810226488512, -17.526594986816033], [-66.15734402568076, -17.526564562943854], [-66.1572091030574, -17.526559146167266], [-66.15720907675238, -17.526559143080885], [-66.15622364896294, -17.52632736266078], [-66.15518702886176, -17.525885894476392], [-66.15412645437307, -17.525235142954365], [-66.15309421247346, -17.52452655821361], [-66.15246553411785, -17.524094987253946], [-66.15246549506278, -17.524094956894135], [-66.15237221012865, -17.524011712684484], [-66.15218061987721, -17.523840913392352], [-66.15139830600572, -17.523143313111945], [-66.1478766543866, -17.519279166745516], [-66.14787662484137, -17.519279130200953], [-66.14750465825458, -17.518772605368454], [-66.14750463720605, -17.518772567140175], [-66.14705646931858, -17.517618849468548], [-66.14683995573179, -17.5168674504413], [-66.14676166114845, -17.51659570169584], [-66.14657783937733, -17.516181069963544], [-66.14594855095784, -17.514761558569454], [-66.14507285839255, -17.513618212129103], [-66.14507281370965, -17.513618180784228], [-66.14415490947535, -17.51297124755554], [-66.14342128978683, -17.51263438107052], [-66.14321346934784, -17.512538938577876], [-66.14222478594776, -17.512248823653454], [-66.1419781093114, -17.512164467530827], [-66.14134748948555, -17.511948814239897], [-66.14119446707325, -17.511896480821143], [-66.14119443428369, -17.51189647131857], [-66.14015480030741, -17.5116887876781], [-66.13981368833053, -17.511671375700292], [-66.13953338310381, -17.511657045433374], [-66.1392082885819, -17.511688109730198], [-66.13890156762844, -17.511717392443703], [-66.13862613388461, -17.51174021385699], [-66.13819060859034, -17.51177625650056], [-66.13699288663032, -17.512004707380676], [-66.13699285638054, -17.51200471597368], [-66.13449571933913, -17.51298430694223], [-66.13382354182865, -17.51308312895776], [-66.1337880403615, -17.513088431819316], [-66.13377778382173, -17.51308995947368], [-66.13266100045416, -17.513549190777688], [-66.1314070280067, -17.5134099067056], [-66.13019511266033, -17.513066193429257], [-66.12976329853025, -17.51288206138719], [-66.1291016653274, -17.512599897096983], [-66.12881794798624, -17.512427995579404], [-66.12831919022689, -17.512125754064936], [-66.1279388009062, -17.511815821615713], [-66.12793876737567, -17.511815799458684], [-66.1273898909158, -17.511518988315462], [-66.1273898629596, -17.511518970753965], [-66.12699607628454, -17.511236797881555], [-66.12603495512157, -17.51100849793433], [-66.12477874439088, -17.511012048267194], [-66.12264835147016, -17.511018438418194], [-66.12264832133404, -17.511018439786827], [-66.1226425904072, -17.511018961615246], [-66.12259628894071, -17.511023164863367], [-66.12257565049309, -17.511019918081242], [-66.12202260343076, -17.511072117209867], [-66.12142942217147, -17.51103998086379], [-66.12120768764073, -17.510945662196903], [-66.12112958843652, -17.51091242959874], [-66.12074358673314, -17.510534609767603], [-66.12038613338063, -17.510077303015827], [-66.11999518107604, -17.50957760890508], [-66.1196539594111, -17.509216198324438], [-66.11965392331604, -17.509216159875525], [-66.1192415210197, -17.508781670713752], [-66.11856175510279, -17.508176295369843], [-66.1161433822851, -17.50673616186839], [-66.11578313880219, -17.506522522558974], [-66.11544723715646, -17.50632206515363], [-66.11524468758886, -17.506201073666453], [-66.11510322883389, -17.506116565488437], [-66.11487734843097, -17.505982405904252], [-66.11476230004409, -17.505914069137265], [-66.1147622580918, -17.505914044146934], [-66.11445888381658, -17.505730763363445], [-66.114134062947, -17.50555998050096], [-66.11388593202656, -17.505429518021803], [-66.11335668835171, -17.505149567191065], [-66.11284571164443, -17.50487970077522], [-66.11265219050277, -17.50477630901069], [-66.11237495726924, -17.504628180991237], [-66.1117390139009, -17.50440211317655], [-66.11072375052248, -17.504041183738718], [-66.10994263504845, -17.503699623790897], [-66.10826953520476, -17.502967959033292], [-66.10815346269159, -17.502917236164752], [-66.10775356427722, -17.502742376268273], [-66.10480328251914, -17.500188298707794], [-66.1048032471267, -17.500188275617344], [-66.10374539829714, -17.499697230293673], [-66.10211253673286, -17.498940757321456], [-66.10056754285121, -17.49765531473555], [-66.10056749919343, -17.49765527888231], [-66.09960667756324, -17.496973211861885], [-66.09791197889949, -17.495770135432174], [-66.09776960719165, -17.49566954001111], [-66.0977695783434, -17.4956695197242], [-66.09770418585522, -17.49562490006502], [-66.09770416259421, -17.495624883471635], [-66.09524337048839, -17.493945950435243], [-66.0949340317031, -17.493735104091748], [-66.09513715384438, -17.493429624212393], [-66.0954124867362, -17.492920144792503], [-66.09562356488615, -17.491657745139197], [-66.09604335223163, -17.49047171816575], [-66.09656489754522, -17.490094238069364], [-66.0982164717749, -17.489494808843563], [-66.09900556445275, -17.489102811958155], [-66.09907635347568, -17.48822933398899], [-66.09871709677914, -17.486824412466866], [-66.09918658870235, -17.48593120680202], [-66.10015477827415, -17.485120409774233], [-66.1013625628207, -17.484769820657952], [-66.10256592887183, -17.484703771476415], [-66.10356292163658, -17.484467205492642], [-66.10525368787387, -17.48442495394844], [-66.10714120480164, -17.484067441358526], [-66.1093311978144, -17.48334263967494], [-66.1094564364544, -17.48328607098189], [-66.10952099346144, -17.48325553257026], [-66.10954143887854, -17.483246006862665], [-66.10958045854599, -17.483227112406503], [-66.10970345754981, -17.483166203800668], [-66.1097485557233, -17.483143370571163], [-66.10982544030219, -17.483103448203174], [-66.10994604322462, -17.48303827416581], [-66.10995236834003, -17.483034807648874], [-66.11006544602493, -17.482971098766242], [-66.11013354182916, -17.482931142254174], [-66.1101480017498, -17.482922761004787], [-66.11029173431659, -17.48285198726319], [-66.11040543625931, -17.482763645367022], [-66.11069351879408, -17.482539812914716], [-66.11096777525246, -17.48236311757082], [-66.11097038085573, -17.482361438042933], [-66.11097268177441, -17.482359270996444], [-66.1119588257255, -17.4814302294636], [-66.11201908956298, -17.48137345432058], [-66.11212305138523, -17.481237912441973], [-66.11243419422502, -17.48083225346004], [-66.11245588087391, -17.480803979121738], [-66.11246037221854, -17.480795851827466], [-66.1124941178288, -17.48073478738215], [-66.11255274877878, -17.48057401366522], [-66.11286026791092, -17.480175382082553], [-66.11299883182643, -17.48001799240055], [-66.11325791776032, -17.479872349433737], [-66.11332773445251, -17.479869839085943], [-66.11341690163734, -17.479938293218705], [-66.11357032843814, -17.47996167880977], [-66.11361996073676, -17.479969243751455], [-66.1137118943757, -17.47992733415732], [-66.11384299007204, -17.47986757134542], [-66.11418372264221, -17.479742396422022], [-66.11445814745984, -17.47964158022405], [-66.11459012777931, -17.479582915075028], [-66.11468825093887, -17.479539298896924], [-66.11487381527441, -17.479400211842442], [-66.11507724484777, -17.479247733038427], [-66.11510997917429, -17.479004094182297], [-66.11508394222719, -17.478823106364747], [-66.11496333564351, -17.478535282825238], [-66.11481184208209, -17.47831511953739], [-66.11464328188596, -17.47807234447071], [-66.11455131349962, -17.47789654893178], [-66.11453135377081, -17.477858397574362], [-66.11452227767451, -17.477785100149685], [-66.11449222830026, -17.477542440128918], [-66.11448355996913, -17.4774287986689], [-66.11447359905848, -17.477298203294303], [-66.1144708720129, -17.477238753899716], [-66.11447470403478, -17.477179360062944], [-66.1144850526255, -17.477120687554606], [-66.11451013734752, -17.476998440859656], [-66.11454135612992, -17.4767840073083], [-66.11448598303927, -17.476303003479174], [-66.11442007230985, -17.476069896900945], [-66.11426219124291, -17.475763911277852], [-66.11426158776884, -17.475762741295874], [-66.11402110311997, -17.47535670506846], [-66.11394086937052, -17.475137537117913], [-66.11392595809856, -17.47509680527902], [-66.1138836607954, -17.474884454182227], [-66.11386798281356, -17.47468064904207], [-66.11386985577587, -17.474635877389105], [-66.11388177515165, -17.474588861547034], [-66.11388313487674, -17.474536901145513], [-66.11388574552582, -17.47443713330868], [-66.11381904899682, -17.474301745115834], [-66.11378999032354, -17.474255249972764], [-66.11369248210907, -17.474032948756644], [-66.11362292201517, -17.47370692895656], [-66.11364079477661, -17.473205335378044], [-66.11365443224999, -17.473090194932432], [-66.11370973956883, -17.472623231245308], [-66.11371577109395, -17.472423017469108], [-66.11371839844391, -17.472335783041967], [-66.11376025689563, -17.47198205722599], [-66.11389105639219, -17.471744003974408], [-66.1142430231135, -17.47131876626001], [-66.1148056136229, -17.470977889533692], [-66.11505889698265, -17.470884122822717], [-66.11541226075767, -17.470753304439945], [-66.1158846513095, -17.470432867056104], [-66.1160226733016, -17.47036134542792], [-66.11620479664455, -17.470278876894422], [-66.11634230848593, -17.470216609350853], [-66.11664119784493, -17.47000435015213], [-66.11689213646902, -17.46968470528975], [-66.11707935363775, -17.469252819286957], [-66.11712038783462, -17.468838315382545], [-66.11712842025388, -17.46875717917554], [-66.11719843080202, -17.468238298833565], [-66.11721221018543, -17.468136174303087], [-66.1172356579185, -17.46809234213047], [-66.11733937134885, -17.467898469491274], [-66.11752792534608, -17.467780204099586], [-66.11756025814309, -17.46775992467588], [-66.11758373282062, -17.46774520094814], [-66.1177231811443, -17.467711866059442], [-66.1182782051003, -17.467579185998787], [-66.1183389773538, -17.46770857973227], [-66.11846251303173, -17.467971603886475], [-66.11891228343094, -17.468425931774153], [-66.11964262423028, -17.468816635894914], [-66.12030318172354, -17.46892086299725], [-66.1203908174687, -17.468819305406235], [-66.12050385887291, -17.468722368916165], [-66.12053703121397, -17.468512608165163], [-66.12057351021723, -17.468092652037296], [-66.12065961440511, -17.467682971972184], [-66.12064481399969, -17.467357837786995], [-66.12065543762759, -17.467277183922], [-66.12067873716198, -17.467100304383973], [-66.1207206591087, -17.467044290979743], [-66.1208414753935, -17.46688286367898], [-66.12095142607403, -17.466675225509988], [-66.12107750463186, -17.466437128881115], [-66.12118881344988, -17.466324063947297], [-66.12137886023245, -17.46626947817042], [-66.12152788614969, -17.46629074996189], [-66.12164322827633, -17.466310920664373], [-66.12170662605782, -17.46632200815954], [-66.12201598391376, -17.46627870589429], [-66.12213694643637, -17.466184892449146], [-66.12220178445311, -17.46586091123184], [-66.12234626057095, -17.465538083099457], [-66.1224598183113, -17.465347403224182], [-66.12250989642521, -17.4652633147911], [-66.12254653731175, -17.465239745860785], [-66.12290219611513, -17.46501096986582], [-66.12321410408215, -17.46480524210946], [-66.12339734695088, -17.46454986892447], [-66.12355297711966, -17.46415074885875], [-66.12360860546636, -17.463778850776837], [-66.12377622395273, -17.463308242974822], [-66.12413176603128, -17.46280210311935], [-66.12471320014245, -17.462552489054488], [-66.1254285465093, -17.4620181152593], [-66.12570152349977, -17.461696840084887], [-66.12577346060665, -17.461612173508584], [-66.12600478997987, -17.461404176961302], [-66.12694501200491, -17.460558780462875], [-66.12717765466687, -17.460268341394833], [-66.12729272389087, -17.460124684736446], [-66.1273309385616, -17.460076975603222], [-66.12762726955809, -17.459593875186005], [-66.12769059443889, -17.45936543415105], [-66.12762369416312, -17.458552162694886], [-66.12761475689501, -17.458530959907463], [-66.12744129950445, -17.458119484040534], [-66.12737566258708, -17.457860510214026], [-66.12748846051902, -17.457651896380906], [-66.12782160860081, -17.45736045726803], [-66.12839900395784, -17.456961815001883], [-66.12848595339923, -17.45690178392999], [-66.12940866579373, -17.45647550688392], [-66.12967092858521, -17.45625949296957], [-66.12978432168539, -17.456012660154776], [-66.12989816355751, -17.455737164155725], [-66.13007173215874, -17.455462529206397], [-66.13009945078622, -17.45543203026861], [-66.13029462398332, -17.455217276338107], [-66.13062626572264, -17.45502137537058], [-66.13127570373997, -17.4548778408511], [-66.13138619783017, -17.454847528145024], [-66.13251073348312, -17.45453901830777], [-66.13405562009713, -17.454115175307436], [-66.1342658599203, -17.45404175346212], [-66.13446734201926, -17.453891751565244], [-66.13488309663143, -17.453410357090423], [-66.135199768018, -17.453056148480755], [-66.13606559757298, -17.45208767747087], [-66.13676892289985, -17.451282507840226], [-66.13749832627765, -17.450600154714575], [-66.13755985232594, -17.450536611452705], [-66.13797459072748, -17.450108273755053], [-66.138099805924, -17.449960163071353], [-66.13833977298383, -17.449676314323767], [-66.1385214842799, -17.449277551311322], [-66.13857604119384, -17.44901959149981], [-66.13860400627131, -17.44850393654651], [-66.13863953791164, -17.44814129722782], [-66.13874415247948, -17.447817877623756], [-66.13890251087871, -17.44758391573381], [-66.13896836571764, -17.447486621830127], [-66.13942435641323, -17.44697712213648], [-66.13974083838049, -17.446475173296673], [-66.1397900313407, -17.446353657051375], [-66.1398754610816, -17.446142626932858], [-66.14050170960364, -17.44556867667217], [-66.14153088718089, -17.44451442526865], [-66.14267468926076, -17.44331735498465], [-66.14275470630527, -17.443238575291296], [-66.14283957483296, -17.443164614937878], [-66.14292897818596, -17.443095752006258], [-66.14298589759069, -17.44305713408145], [-66.14302258498327, -17.443032243598672], [-66.1431200472396, -17.442974325810777], [-66.14322100320089, -17.442922212869515], [-66.14332507921118, -17.44287609806296], [-66.1434318869049, -17.4428361527971], [-66.14354103168566, -17.442802525814674], [-66.1436521061703, -17.442775341295082], [-66.14376470049244, -17.44275470171134], [-66.14387839487644, -17.442740681402597], [-66.14388579180284, -17.442740206059018], [-66.14399276798939, -17.442733333917893], [-66.14410739515833, -17.442732685669714], [-66.14422185018073, -17.44273874047486], [-66.14433570917076, -17.442751474191706], [-66.14444854857948, -17.442770841012692], [-66.14455994905535, -17.4427967671987], [-66.14466950637872, -17.442829173810676], [-66.14589283019063, -17.443230423035953], [-66.14600093147094, -17.44326242973675], [-66.14611082790829, -17.44328814120715], [-66.14622211916324, -17.443307469528563], [-66.14753188235476, -17.443496016475326], [-66.1476430061446, -17.443508780505933], [-66.14775472569411, -17.443515180613264], [-66.14786664436589, -17.443515193049112], [-66.14797836609752, -17.443508817552146], [-66.1480894944893, -17.443496075528838], [-66.14809261299527, -17.44349553599471], [-66.148199637451, -17.44347701373212], [-66.14830840351013, -17.44345169969345], [-66.1484154001838, -17.44342020544567], [-66.14924669911244, -17.44314946561779], [-66.14940548180259, -17.44310126968424], [-66.14944006388262, -17.443091998387168], [-66.14945784850012, -17.443087231649912], [-66.14956639885682, -17.443059010658416], [-66.14961119227785, -17.44304867922301], [-66.14962888152999, -17.443044600085717], [-66.14969332609972, -17.443029737205862], [-66.14972942220105, -17.443022740508376], [-66.14975815377133, -17.443016493438055], [-66.14979541029591, -17.44300994949635], [-66.14984491009123, -17.443000354541105], [-66.14989474311736, -17.442992500799598], [-66.1499319996361, -17.44298595683085], [-66.14996117392958, -17.44298203224546], [-66.14999751180996, -17.44297630495458], [-66.15006326369551, -17.44296829812875], [-66.15010702277318, -17.442962411636554], [-66.15012701363975, -17.44296053530931], [-66.15015092565712, -17.44295762252347], [-66.15016853747166, -17.442956103111577], [-66.15023894142257, -17.442950027536668], [-66.15029279048305, -17.442945380848652], [-66.15030494900998, -17.442944331435363], [-66.150447862514, -17.44293706841491], [-66.15045935448332, -17.44293647538966], [-66.15089145090263, -17.44292199469397], [-66.15111980630886, -17.442914340103478], [-66.15126648990177, -17.442906985085234], [-66.15141282794957, -17.442894745236273], [-66.15155863389121, -17.44287763865384], [-66.15170373521768, -17.44285568724884], [-66.15184795814291, -17.442828934586288], [-66.1536262190151, -17.442468015865426], [-66.1537306479836, -17.44244974590341], [-66.15705387676435, -17.441961311952685], [-66.15716774646151, -17.44194111434552], [-66.15728010929703, -17.441914228316733], [-66.15739053466561, -17.441880757881254], [-66.1574442911088, -17.441860895074228], [-66.15749862857355, -17.44184081209306], [-66.16183447393946, -17.440089911901563], [-66.1619790180299, -17.440034518225776], [-66.16201700063826, -17.44002149505275], [-66.16227696429156, -17.439949118267894], [-66.16259829358492, -17.439859446833502], [-66.16260392942058, -17.439857874701005], [-66.16353795222558, -17.439632105333896], [-66.16365087667195, -17.439601205032393], [-66.16376158703248, -17.439563586382608], [-66.16386963678126, -17.439519410078198], [-66.16397460366582, -17.43946884889882], [-66.16407607919382, -17.439412098396186], [-66.16417366857736, -17.439349380505213], [-66.1642669907752, -17.439280940835552], [-66.1643556813841, -17.43920704419762], [-66.16444373158207, -17.43913087726942], [-66.16453375217046, -17.43905686403223], [-66.16462568784641, -17.43898505245769], [-66.16471947958712, -17.438915487755484], [-66.16481506745748, -17.438848213316405], [-66.16491239153663, -17.438783271628566], [-66.16501138906852, -17.438720706042783], [-66.16511198961956, -17.43866056973368], [-66.16643155597656, -17.43789358742881], [-66.16649980416688, -17.437855170127662], [-66.1665691404012, -17.437818602288743], [-66.16663951624032, -17.43778391392361], [-66.16671087761598, -17.437751134060747], [-66.16678316866273, -17.437720286285124], [-66.16680865986582, -17.437710346809048], [-66.16685633254677, -17.437691395974017], [-66.16693031059522, -17.437664485769595], [-66.16700504508978, -17.437639577424704], [-66.16708047836805, -17.43761668908107], [-66.16715654993222, -17.43759583974315], [-66.1672332012213, -17.437577044831073], [-66.1673103946572, -17.437560423006076], [-66.16731158974486, -17.437560216973985], [-66.16734407096016, -17.437553964544428], [-66.16734606464512, -17.437553581150723], [-66.16734856002725, -17.43755311820925], [-66.16738924271142, -17.437545696625183], [-66.16746726687356, -17.437533150075154], [-66.1674845488771, -17.437530662644487], [-66.16754562729358, -17.437522707762092], [-66.16762426176027, -17.43751437783061], [-66.16770310901686, -17.43750816753604], [-66.16775338135893, -17.437505566225404], [-66.1677560231587, -17.437505429540586], [-66.1677689374669, -17.437504761788393], [-66.1678731854442, -17.43750256735059], [-66.16789614766452, -17.437502084111735], [-66.16790514395424, -17.437502078484894], [-66.16791298614439, -17.437502122354115], [-66.16794030423037, -17.437502290755575], [-66.16801937944841, -17.437504588971315], [-66.16803727442934, -17.437505537113537], [-66.1680457121219, -17.43750594523472], [-66.1680579189291, -17.437506683306548], [-66.16814407029462, -17.43751318721767], [-66.16817716537865, -17.437515672721716], [-66.16818090110166, -17.43751603289746], [-66.16819852104123, -17.437517978543443], [-66.16825576958212, -17.437524228281923], [-66.16831034554647, -17.43753181615724], [-66.16831562498808, -17.43753254324216], [-66.1683311864163, -17.437534684436283], [-66.16833405721987, -17.43753513073068], [-66.16833658423776, -17.437535543237562], [-66.16841204625194, -17.437547887283984], [-66.16844356758497, -17.437554084276762], [-66.1684512042555, -17.4375555582687], [-66.1684774579948, -17.437560626506603], [-66.16858202772143, -17.43758396420881], [-66.16859007423182, -17.43758576368991], [-66.16860079354922, -17.437588160155343], [-66.16864325953354, -17.437599037777797], [-66.16871923342251, -17.43762021315452], [-66.16873600556463, -17.437625219618006], [-66.1687945597185, -17.437643424597034], [-66.1688665370724, -17.437667791175638], [-66.16886915275215, -17.437668676305712], [-66.16887257532493, -17.437669760738988], [-66.16893625589847, -17.437689345252103], [-66.16894386822193, -17.43769154399262], [-66.16894549220753, -17.437692013177962], [-66.1689588136461, -17.437695686465688], [-66.16895999210931, -17.437695947943403], [-66.16900518597838, -17.437705930591378], [-66.16900638167786, -17.43770617244791], [-66.16901863874334, -17.437708348761046], [-66.16902187310359, -17.437708950116264], [-66.16902361503213, -17.43770927469195], [-66.16902567387595, -17.437709606484614], [-66.16903218542248, -17.43771065539016], [-66.16905325998071, -17.437714049761173], [-66.16910047961085, -17.437719743938736], [-66.16910121068472, -17.437719796778882], [-66.16910206018119, -17.437719856721504], [-66.16910597494046, -17.437720137253823], [-66.1691085562786, -17.437720322063903], [-66.16914793981938, -17.437723138865497], [-66.16917369080501, -17.437723727283444], [-66.1691753788256, -17.437723765741598], [-66.16917549824448, -17.437723769246205], [-66.1691872118714, -17.43772403699468], [-66.16918813817772, -17.437724057394256], [-66.16918913765707, -17.437724030072374], [-66.16924942671426, -17.437722361894433], [-66.1692533286564, -17.437722253949527], [-66.16925666863837, -17.43772198540377], [-66.16927469946212, -17.437720535183434], [-66.16933584983293, -17.437713773640596], [-66.16933650858435, -17.43771369722455], [-66.16933772382072, -17.43771352668384], [-66.16935962633461, -17.437709723208684], [-66.16940233950974, -17.437701241061134], [-66.16942967763842, -17.437695117408715], [-66.16943379676727, -17.437693981317565], [-66.16948163438323, -17.437680483601618], [-66.16951499529338, -17.43766947003688], [-66.16954406626057, -17.437658591406983], [-66.16956941961806, -17.437649103806336], [-66.16957084459163, -17.43764857052994], [-66.16957274783317, -17.43764783004316], [-66.16957373585237, -17.437647387174017], [-66.1695941006522, -17.437638255745142], [-66.16959963945172, -17.43763577178774], [-66.16963085262444, -17.437620432965502], [-66.1696477075655, -17.43761215371709], [-66.169685451729, -17.43759032576086], [-66.16969220909931, -17.43758641883695], [-66.16973071445908, -17.437562020907265], [-66.16976905585128, -17.43753495857799], [-66.16980539649167, -17.437506481675303], [-66.16980654382056, -17.437505529969386], [-66.16984121904395, -17.437475427444454], [-66.16987485599887, -17.43744311042708], [-66.1699067479886, -17.437409201875163], [-66.16993681182201, -17.437373789101102], [-66.16996497086393, -17.437336961316575], [-66.16999115309844, -17.43729881321698], [-66.17001529209726, -17.43725944318918], [-66.17003732609315, -17.43721895239535], [-66.17005719802165, -17.43717744206451], [-66.1700748572768, -17.43713502164454], [-66.17009025895167, -17.437091797052283], [-66.17013957518307, -17.436952473735698], [-66.17019559438172, -17.436815504115152], [-66.17025819433249, -17.436681187146554], [-66.17032724074812, -17.43654981168081], [-66.17040258338204, -17.436421664535676], [-66.17048405802089, -17.43629702330011], [-66.17057148929217, -17.436176157277323], [-66.17066468687446, -17.436059329236947], [-66.1707634483746, -17.435946791844053], [-66.17086756025445, -17.4358387885754], [-66.17097679686236, -17.43573555551177], [-66.17109092147135, -17.435637315031773], [-66.17120968619533, -17.435544281228808], [-66.17133283395376, -17.435456654521], [-66.17146009653483, -17.43537462523578], [-66.1715911993397, -17.435298370968404], [-66.17172585853308, -17.435228058347512], [-66.17186378111262, -17.43516383852114], [-66.17200466861527, -17.435105850821525], [-66.17214865171366, -17.435037811373046], [-66.17215034267122, -17.43503759700256], [-66.17229106235257, -17.434964551759528], [-66.17242920489839, -17.43488616282036], [-66.17250090991746, -17.434835907764864], [-66.17259698098475, -17.43476114893487], [-66.17268833329466, -17.434681266182636], [-66.17277468329819, -17.43459634578773], [-66.17285574466464, -17.434506654591992], [-66.17293113423085, -17.434412638663773], [-66.17300075377256, -17.434314567517117], [-66.17306422152217, -17.434212796939818], [-66.17312143925892, -17.434107596445905], [-66.17317211927003, -17.433999323158886], [-66.17317215842097, -17.433999224384042], [-66.17321616055519, -17.433888427154347], [-66.17325346350685, -17.43377526822655], [-66.17327901393945, -17.433680002548318], [-66.17329978305254, -17.43358367565908], [-66.17331567401955, -17.43348646678785], [-66.1733279885282, -17.43337105667353], [-66.17333353693063, -17.433255189275783], [-66.17334457009612, -17.432252284980663], [-66.17335411207571, -17.432097012831864], [-66.17335954036227, -17.431976718971455], [-66.17337173604895, -17.431856792098348], [-66.17339050267664, -17.431737771224867], [-66.173415931501, -17.431619838244764], [-66.17344782884669, -17.431503351607272], [-66.1734860950893, -17.4313886710965], [-66.17356406756183, -17.43060130766484], [-66.17398750814591, -17.430558061359143], [-66.17410006949798, -17.4305465681667], [-66.17429358782312, -17.430526800145877], [-66.17460053905175, -17.43049544516314], [-66.17460057019925, -17.430495438381094], [-66.17493849328318, -17.430408837445256], [-66.1752923070999, -17.4303278116752], [-66.17529234106884, -17.430327804933064], [-66.1756701925433, -17.43024169239929], [-66.17573186329332, -17.430140346572827], [-66.176323615237, -17.42995964969051], [-66.17645237569043, -17.429997686466987], [-66.17657887443059, -17.430042102463997], [-66.1767027394385, -17.430092621508873], [-66.17682387667352, -17.430149242274336], [-66.17694172462588, -17.430211776202636], [-66.17743253638511, -17.430534720051284], [-66.17850372941193, -17.431239536854218], [-66.1796733534959, -17.43200910592532], [-66.18029909086978, -17.432427793674353], [-66.1810421838332, -17.432924999785538], [-66.18108672496203, -17.432954802337203], [-66.18119145891666, -17.433020038090714], [-66.18129985429681, -17.43307963666167], [-66.18141153905482, -17.433133321871672], [-66.18152613697946, -17.433181088387617], [-66.18164327601981, -17.433222660032044], [-66.18176258134896, -17.43325794119136], [-66.18188386624144, -17.433286838915514], [-66.18200647371408, -17.433309253597766], [-66.18213031109067, -17.433325093620855], [-66.18225481405052, -17.433334350992933], [-66.1823797004265, -17.433337021717172], [-66.182504501335, -17.43333300885333], [-66.1826289332214, -17.43332239868804], [-66.18277026433117, -17.4333017332493], [-66.18277038031945, -17.433301715024495], [-66.18284721549654, -17.433289457662777], [-66.18292284600999, -17.433271293766072], [-66.18299668422061, -17.433247325186827], [-66.1830682598645, -17.433217545271606], [-66.1831370971325, -17.433182308494835], [-66.18320262893819, -17.433141787437258], [-66.18326456757758, -17.433096339236382], [-66.18332244001797, -17.43304613780495], [-66.18337586450669, -17.43299153895057], [-66.18342098749832, -17.43293844804756], [-66.18346155047011, -17.432882132063742], [-66.18349735977588, -17.432822949468058], [-66.18352832809, -17.432761257524607], [-66.18352839797143, -17.4327610562381], [-66.18359499418722, -17.432553529457913], [-66.18385497320399, -17.431743375483276], [-66.18403422325706, -17.43133588096333], [-66.18403426129485, -17.43133579300592], [-66.18469330800791, -17.430342134007336], [-66.18516304096423, -17.430199181258896], [-66.1853478349412, -17.43014294336466], [-66.18533241310479, -17.430100937396116], [-66.18496576019007, -17.42918524325121], [-66.18064055783859, -17.423795366666393], [-66.18049341953773, -17.423245425744867], [-66.18050085519799, -17.420360765515632], [-66.18504497026694, -17.416440821170873], [-66.19297408928426, -17.409599859862773], [-66.19297352009818, -17.409599252239733], [-66.19219388006684, -17.408686783857746], [-66.19127587105665, -17.407603047168543], [-66.1910159845233, -17.407295518371498], [-66.19076111730439, -17.4071304899115], [-66.19076175418462, -17.40713011420062], [-66.19072461113156, -17.40710607064496], [-66.19040255963797, -17.40702029576495], [-66.1902001444628, -17.407017503065692], [-66.1899690322031, -17.405113289174317], [-66.1897799151361, -17.403554989487546], [-66.18977956800165, -17.403551610910725], [-66.19262461576433, -17.403951754472022], [-66.19498091184862, -17.403929528523747], [-66.1949809485921, -17.403929524525616], [-66.19679675677713, -17.40338430898489], [-66.1970365558195, -17.403312305068635], [-66.19714020488246, -17.40328118204079], [-66.19715203926219, -17.403398654069246], [-66.19715759467695, -17.403453944923843], [-66.19720035537101, -17.403955037739962], [-66.1973467575391, -17.40567065448931], [-66.19750526320823, -17.40752805289779], [-66.19750526724914, -17.4075280962998], [-66.19750982844641, -17.40757710076751], [-66.19766463639563, -17.409238889950302], [-66.19934840491388, -17.40897590607633], [-66.19910482809779, -17.4069126811998], [-66.19862468421402, -17.402912934435996], [-66.20047386934189, -17.402590701638736], [-66.20450148759402, -17.40205356326096], [-66.20580444183496, -17.401881115724038], [-66.20608416387309, -17.40187600803137], [-66.20608576619186, -17.401876097308723], [-66.2078772019196, -17.401963475412593], [-66.20787720603167, -17.40196351430055], [-66.20944433089727, -17.401989427381903], [-66.2094443768797, -17.40198943434671], [-66.21474301792651, -17.402128807295988], [-66.21474301281785, -17.402128772006208]]]}, "properties": {"OBJECTID": 9, "distrito": 9, "comuna": "ITOCTA", "Nombre": "Distrito: 9", "Shape_Length": 60076.64361048789, "Shape_Area": 148373700.46650976}}, {"type": "Feature", "id": 10, "geometry": {"type": "Polygon", "coordinates": [[[-66.12532324004844, -17.381267023548244], [-66.12499574544184, -17.38107801698529], [-66.12484526667829, -17.380874213866342], [-66.12465791655858, -17.38065886313506], [-66.12457625049579, -17.380565040878412], [-66.12453363833512, -17.380515536035304], [-66.12452729753336, -17.38050817027885], [-66.12444453232973, -17.38041211714059], [-66.12438745592821, -17.380345876647446], [-66.12423718453283, -17.380261269499645], [-66.12416745807896, -17.380221434919747], [-66.12358914719374, -17.38008099732528], [-66.12349616525275, -17.380091486314548], [-66.12338104360673, -17.380104545701762], [-66.12322848358181, -17.380106229664676], [-66.12308199845519, -17.38004416048147], [-66.1229420870941, -17.379958618220872], [-66.12244462582235, -17.379771392974956], [-66.12223059443964, -17.379668889261477], [-66.12127067282012, -17.379816589420834], [-66.12037737930623, -17.379840996407182], [-66.11973621615883, -17.379744698067004], [-66.1168966996428, -17.37860288539294], [-66.11648860581113, -17.378438792929035], [-66.11584214987151, -17.37803864691553], [-66.11514558689554, -17.377607519981595], [-66.11490793753083, -17.377392428313524], [-66.11472585443182, -17.37723268640753], [-66.1142422737048, -17.376808425074977], [-66.11368429567707, -17.376380117309417], [-66.11364731024474, -17.376351952486537], [-66.11323807176468, -17.37585905831857], [-66.11315222376722, -17.375726615002847], [-66.11272163595764, -17.374982569320206], [-66.11251319295211, -17.37459651386076], [-66.111847511287, -17.373792992171175], [-66.1104135323765, -17.37206264850632], [-66.11033381610511, -17.371533702051405], [-66.11026079802457, -17.371051557806187], [-66.10869771567496, -17.36813111077653], [-66.10864417670768, -17.36803146043779], [-66.10745350885257, -17.366703558751777], [-66.10671902766089, -17.36565669556057], [-66.10671901203362, -17.365656672759975], [-66.10676927724518, -17.365581461192612], [-66.10678611991332, -17.36546702810651], [-66.10679856691404, -17.365333117510477], [-66.10694168676211, -17.365380790499188], [-66.10699879068942, -17.365277324673812], [-66.10695428823487, -17.36511730604871], [-66.10704708264005, -17.365046412540853], [-66.10719092979429, -17.36510764040292], [-66.10730500017183, -17.36526866653119], [-66.10750443770456, -17.36556231094376], [-66.10758942420752, -17.365749101903475], [-66.1077540577684, -17.365953751147305], [-66.10790585879333, -17.366077398700103], [-66.10807818878351, -17.36624107407891], [-66.10821749951576, -17.366381697026988], [-66.10835373745876, -17.3664784813748], [-66.1084391836075, -17.366516288739557], [-66.10843276350246, -17.36647601362688], [-66.10836039157095, -17.36641401536314], [-66.10828025553904, -17.3663374571496], [-66.1082390209376, -17.36617884040812], [-66.10834924068367, -17.36607614316118], [-66.10837619214281, -17.36600655318519], [-66.10832489255891, -17.36592002833617], [-66.10823814992992, -17.365874978431027], [-66.10818332388959, -17.36577350349879], [-66.1082141987762, -17.365693586196823], [-66.10823884230977, -17.365711099418448], [-66.10825587748442, -17.365793967802343], [-66.10837637660087, -17.365815126219193], [-66.10846569394124, -17.36581596780707], [-66.10853884518903, -17.3659181594595], [-66.10855881657118, -17.366023644596265], [-66.10858557896698, -17.366085885479603], [-66.10857705418414, -17.36617967095952], [-66.10862424392013, -17.366258461024845], [-66.10866340967692, -17.366279344836016], [-66.10866432852879, -17.366280712592914], [-66.10880472394481, -17.366352273673094], [-66.10893414977451, -17.366313964988397], [-66.10906968607051, -17.366185899100774], [-66.10922643162658, -17.36614437375173], [-66.10931254460634, -17.366097762647346], [-66.10937485534028, -17.36606390009305], [-66.10938494782732, -17.36590015698655], [-66.10945250273534, -17.36575981975046], [-66.10966510840665, -17.365664021174954], [-66.1100493562773, -17.36550614346261], [-66.11044077131686, -17.36546078854055], [-66.11063445478646, -17.36546223598894], [-66.11061906234916, -17.365364492401184], [-66.1106539923132, -17.36532571843163], [-66.11080821353399, -17.365415086056462], [-66.11096400672574, -17.365404246458134], [-66.11113776537779, -17.36535709621763], [-66.11124391835064, -17.36527375215528], [-66.11134867381668, -17.36509963912688], [-66.11141073919487, -17.36491949081782], [-66.11144635133111, -17.364867181958413], [-66.1114792564706, -17.36489754618725], [-66.11148851612788, -17.365116560528683], [-66.11152636151168, -17.36526961981061], [-66.11154371234262, -17.36549434959057], [-66.11158866952556, -17.365673607614195], [-66.11167087231526, -17.365750375126535], [-66.11180720117291, -17.365811491206067], [-66.11195894413234, -17.365819103231647], [-66.11226904038485, -17.365772568893206], [-66.1127616361095, -17.365601172475323], [-66.1129875326665, -17.365557212274414], [-66.11325684290937, -17.365533112586743], [-66.1133863242671, -17.365491189711506], [-66.11350553510434, -17.36544460345265], [-66.11362165676016, -17.36541512896857], [-66.11369974890616, -17.365472241814253], [-66.11395691161876, -17.36547324887405], [-66.11425048760633, -17.365496814259615], [-66.11450058987847, -17.365372295519027], [-66.11476538388573, -17.365216294245602], [-66.11506084436175, -17.364993463893853], [-66.11545761315789, -17.364816341808353], [-66.1156730040707, -17.36469258424335], [-66.1158170913851, -17.36452851743367], [-66.1158491227561, -17.36442856912116], [-66.11587047933561, -17.364361786444796], [-66.115970727512, -17.364174963584496], [-66.11618621561483, -17.363864742325624], [-66.1162748414041, -17.363723532284727], [-66.11632728794336, -17.363586856565842], [-66.1163430957719, -17.363436016985798], [-66.11632665972456, -17.36333265992871], [-66.1162986471632, -17.363260017512555], [-66.11636298726829, -17.36320451034768], [-66.11644138274795, -17.363122116784027], [-66.11653550139367, -17.362966357630683], [-66.11662965229755, -17.36289863899778], [-66.11665268162686, -17.36276099672531], [-66.11674034955723, -17.362734992220297], [-66.11674385627002, -17.36283536343347], [-66.11672987164395, -17.362959862528626], [-66.11662398509667, -17.36314055465815], [-66.11662957372901, -17.363294141175928], [-66.11665026051674, -17.363444333722516], [-66.1167078158357, -17.363521917412708], [-66.11671958208885, -17.363641280029707], [-66.11671219338906, -17.363842988429123], [-66.11682033413882, -17.363902791263843], [-66.11693814448861, -17.36394557707359], [-66.1170220442259, -17.364022186477932], [-66.11705915443798, -17.364114374125855], [-66.11715343459325, -17.364218674072927], [-66.11726771793387, -17.364246509717834], [-66.1174907950219, -17.36420232274831], [-66.11776843357595, -17.364156665359626], [-66.11788653633944, -17.36409064622706], [-66.11800623815721, -17.364042619314908], [-66.11820617119307, -17.363987171548036], [-66.11857818905904, -17.36381708986447], [-66.11885437336396, -17.363714070827744], [-66.1191265781467, -17.363624990119586], [-66.11945603451655, -17.363572853692947], [-66.11965989492812, -17.363524775088983], [-66.11977641580387, -17.363559865372345], [-66.11994234171009, -17.363592507493923], [-66.12015007819032, -17.363507010676372], [-66.12031545762791, -17.363454313191074], [-66.12034048444978, -17.363357152348883], [-66.12037324267183, -17.363336856084892], [-66.12050259784245, -17.36342314922287], [-66.12056801012287, -17.363449375516126], [-66.1206360444518, -17.36333793540896], [-66.1206625729642, -17.363234926787754], [-66.12075587618314, -17.36322137249878], [-66.1208748083132, -17.363282683269606], [-66.12092535267752, -17.36332765770051], [-66.1210031839169, -17.363341421147584], [-66.12117593835602, -17.363268060677942], [-66.12131049911589, -17.363111527095967], [-66.12135291219147, -17.363075116166314], [-66.12169790246665, -17.36308189328975], [-66.12183370286681, -17.363116808687465], [-66.12197269281484, -17.363098042695874], [-66.1220484157903, -17.363156472825278], [-66.12214228332222, -17.36301650890716], [-66.12225131690252, -17.362898886396653], [-66.12225798716729, -17.362742767066724], [-66.12229769021499, -17.36263904489744], [-66.12233952013518, -17.36260984915004], [-66.12238715977956, -17.36275049720852], [-66.12246482409394, -17.36283514154846], [-66.12251698578775, -17.362854855483974], [-66.12258027128465, -17.362878793044285], [-66.1227178299213, -17.3630419562706], [-66.1227522637096, -17.36310701527984], [-66.12284580821792, -17.363240558845366], [-66.1229084955039, -17.36325464522915], [-66.12297236405239, -17.36327136724882], [-66.12317425699729, -17.36334922223287], [-66.1233847212945, -17.36335992845587], [-66.12367733451521, -17.36334879134395], [-66.12402826478532, -17.36330643760351], [-66.12421550551339, -17.363238700773692], [-66.12435458718258, -17.363214065044733], [-66.12447533672565, -17.363189165325828], [-66.12468884388095, -17.363125418034553], [-66.12480096021285, -17.3630511813776], [-66.12491772063554, -17.362980623409285], [-66.12503894005225, -17.362955730080017], [-66.12512063460697, -17.362902726930557], [-66.12524356188015, -17.362828645565695], [-66.12526557365537, -17.362773880472524], [-66.12535873436384, -17.362679053576624], [-66.12544645342227, -17.362541256703572], [-66.12545994299293, -17.362339634461843], [-66.12548321167803, -17.362264570329437], [-66.12551695009715, -17.362151280126653], [-66.12548706248387, -17.362047910186867], [-66.12550487360804, -17.36196102875603], [-66.12556940261912, -17.361983628798665], [-66.12567120294256, -17.362058235037253], [-66.12575992641275, -17.362127235199534], [-66.1258448156426, -17.362140646791868], [-66.12590242957201, -17.362124319036134], [-66.12600384985728, -17.362102752102146], [-66.12600992532111, -17.362105096960757], [-66.126012099532, -17.362116415512478], [-66.12599135211184, -17.362150430339366], [-66.12594821824047, -17.362172835823696], [-66.12592124744995, -17.36221398496037], [-66.12597890362804, -17.362315496915286], [-66.12620805866804, -17.36242399096259], [-66.12640010627725, -17.36256039493804], [-66.12662002243081, -17.36253782326662], [-66.12676346655452, -17.36265546819539], [-66.12687198607682, -17.362781640565718], [-66.12700122875442, -17.36293565190044], [-66.12727042141694, -17.363123912295507], [-66.12731001425877, -17.363201957575065], [-66.12733345709808, -17.363248346810103], [-66.12744836879776, -17.363236003042523], [-66.12751189356952, -17.363292901446883], [-66.12755965007939, -17.363426326629536], [-66.12756375938652, -17.363464310994658], [-66.12769414333142, -17.36354519681559], [-66.12778873272758, -17.363630082809024], [-66.12799491976365, -17.363764431405333], [-66.12827910013071, -17.36378161030158], [-66.12851519266187, -17.363837377314848], [-66.12883322581784, -17.363824340634924], [-66.12909519942323, -17.363727874741855], [-66.12924364733495, -17.363705627630765], [-66.12938382742414, -17.363761369698928], [-66.12954686243012, -17.363708179037616], [-66.12966918405453, -17.363672914391053], [-66.12974512115477, -17.363717800261323], [-66.12991378740381, -17.36372564163176], [-66.13012332282266, -17.363675376044604], [-66.13036055639189, -17.36362776558728], [-66.13050615371347, -17.363504793763376], [-66.13073942008, -17.36342209001226], [-66.13097934542871, -17.363171436092404], [-66.1311056578484, -17.363157628540325], [-66.13122014788638, -17.363124056346724], [-66.13131882680851, -17.363055130901966], [-66.1314009716156, -17.363009355287666], [-66.13151101998294, -17.362995313906623], [-66.13160544663495, -17.362945831720275], [-66.13173194164857, -17.362920287553962], [-66.13183059342741, -17.3628591271005], [-66.1319770629323, -17.362861230019146], [-66.13219760691011, -17.36284064772404], [-66.13230748009003, -17.362584151654513], [-66.13241056937356, -17.362654709917113], [-66.13245820562682, -17.36268735941928], [-66.13256793761688, -17.36263322029445], [-66.1327216323089, -17.362551719534018], [-66.13291513279579, -17.362474311580787], [-66.13319149296134, -17.362202415346605], [-66.13328810345573, -17.362006499161716], [-66.13337373174024, -17.36194226136319], [-66.13344963737686, -17.361807902541525], [-66.13352732426942, -17.361710140196536], [-66.13371900892221, -17.36165871126203], [-66.13407570346203, -17.361608294879943], [-66.13431957833055, -17.361526460961613], [-66.13443145220404, -17.361437315453855], [-66.13457742157237, -17.361423155364378], [-66.13483475268059, -17.361292300926173], [-66.13499186463235, -17.361075579565977], [-66.13505782742958, -17.36094559227096], [-66.13507843508039, -17.36061810320582], [-66.13504410887404, -17.36040676331346], [-66.13512209548034, -17.360380340485275], [-66.13519668602645, -17.36042114152815], [-66.13524846127314, -17.360508119282684], [-66.13540882572735, -17.36056595243621], [-66.13552149047385, -17.360637549388727], [-66.13551786979082, -17.360749468003622], [-66.13553848144242, -17.360845028774435], [-66.13568174221166, -17.360853855165097], [-66.13577371088708, -17.360926058277563], [-66.13591053145794, -17.360895512189057], [-66.13602219622322, -17.360952827356265], [-66.1360967647809, -17.360995072583798], [-66.13615520001684, -17.36104078877424], [-66.13618568606566, -17.361075810242635], [-66.13623088690025, -17.361113932199704], [-66.13630487608535, -17.361151112322634], [-66.13638587264218, -17.361154891984555], [-66.13649461220321, -17.361146337119074], [-66.1365904021412, -17.36116631163446], [-66.13660300940658, -17.361171910262502], [-66.13661937991202, -17.361183432253842], [-66.13662961586373, -17.361190351376734], [-66.1366454026615, -17.361197079159613], [-66.1366596754629, -17.361198367309296], [-66.13667150117814, -17.361199800983453], [-66.13670261875255, -17.36120629699211], [-66.13673758655732, -17.36120706904873], [-66.13674513689105, -17.361211331008487], [-66.13675318814624, -17.361213613571586], [-66.13675833488826, -17.361215222415122], [-66.13677588544378, -17.36121737022305], [-66.1367930880251, -17.361223757090336], [-66.13680394697869, -17.361226892580596], [-66.13682191146117, -17.361226608246813], [-66.13683576331937, -17.361224729890264], [-66.13685334334079, -17.361224981837083], [-66.1368926735429, -17.36122942834209], [-66.13691694797531, -17.36122851203753], [-66.13695480627642, -17.361230860561882], [-66.13698344871285, -17.36123325760704], [-66.13699687682873, -17.361234443329355], [-66.13701100372042, -17.361239070423085], [-66.13703562054485, -17.3612463762114], [-66.13706065411561, -17.361257119327597], [-66.13707856108569, -17.361260536402114], [-66.13710437478831, -17.361263434687586], [-66.13712514978369, -17.361263822694294], [-66.13714450197179, -17.361258952973063], [-66.13715966717898, -17.36125727401191], [-66.13717524069494, -17.36125352402548], [-66.13718742701415, -17.361249906097996], [-66.13720508564425, -17.361257202456198], [-66.13722451502953, -17.361259467447663], [-66.13724732038973, -17.361262322606663], [-66.13726205624752, -17.361264068844324], [-66.1372836759409, -17.36126455923744], [-66.13730461791974, -17.361266304102102], [-66.13732332608281, -17.361266572173335], [-66.13734268528285, -17.361261251038012], [-66.13736587788637, -17.36125733931284], [-66.13739034593478, -17.361250014500953], [-66.1374042160308, -17.361246962479537], [-66.13741258016452, -17.361241212895433], [-66.1374404453121, -17.361251274147733], [-66.13744844345325, -17.36129328745401], [-66.13749169273434, -17.3613057363052], [-66.13754985459487, -17.361302506201636], [-66.13759135695508, -17.361312401632134], [-66.13761809248959, -17.361304386888445], [-66.13762076263168, -17.361295937044343], [-66.13766706786079, -17.36128720939061], [-66.13766928603428, -17.361253379065474], [-66.13763961617875, -17.361202115666888], [-66.13763997524771, -17.361179004280963], [-66.13767232048079, -17.361160956417066], [-66.13771670922101, -17.361190849240426], [-66.13776245632437, -17.36123620263804], [-66.13780133599685, -17.361215178206074], [-66.13781961028236, -17.361170742029472], [-66.13781837114361, -17.361147607743465], [-66.1378189447744, -17.361110683687286], [-66.13784268318953, -17.361107953608677], [-66.13784972405499, -17.361090536479875], [-66.13785626265086, -17.36108123906157], [-66.13786472077594, -17.361075490802058], [-66.13787673307918, -17.36107096734634], [-66.1378848838816, -17.361060790033847], [-66.13789730167876, -17.36105437610756], [-66.13790290016286, -17.361045065219137], [-66.13790938401263, -17.36103323864315], [-66.1379084382493, -17.361027536259353], [-66.13790749248601, -17.361021833875558], [-66.13790472826095, -17.361018182316766], [-66.13789961928556, -17.36100203590989], [-66.13789465910844, -17.36099447003635], [-66.13789622494433, -17.36098446928337], [-66.13790280140006, -17.360972734332954], [-66.13790938486714, -17.360960547987805], [-66.13791184733302, -17.36095335934752], [-66.13791425084933, -17.360943912388503], [-66.13791396175868, -17.3609383097111], [-66.13792246054618, -17.360929943360436], [-66.13793134514621, -17.360914900412745], [-66.13793891925128, -17.3609055275257], [-66.13794281983013, -17.36088445344552], [-66.13793846148909, -17.36086235806093], [-66.13793108784117, -17.360846721005704], [-66.13791913571903, -17.360829212380946], [-66.13791038561882, -17.36081743846219], [-66.13789896390553, -17.360802104610414], [-66.13789174887874, -17.360794416135818], [-66.13788394865972, -17.36077597370073], [-66.13787683045005, -17.360768106014863], [-66.13787336458631, -17.360755143611115], [-66.13787212837745, -17.360749978860248], [-66.1378827782279, -17.360748415748667], [-66.13789158297287, -17.360750618760417], [-66.13789886391335, -17.360754064127633], [-66.13791703746865, -17.36075847823011], [-66.13792734778778, -17.360760612509846], [-66.13793680635371, -17.360757045752123], [-66.13794555355253, -17.36075690016403], [-66.13795507527543, -17.360755320887474], [-66.13796141606235, -17.36075270275333], [-66.13796719554111, -17.360743845948935], [-66.13797086045624, -17.36073188868723], [-66.13797524379815, -17.36072210889247], [-66.13797804709098, -17.360699032513814], [-66.13800821183332, -17.360694227292004], [-66.13803603898171, -17.36069462591986], [-66.13806281523769, -17.36070214310913], [-66.13808946803637, -17.360711554805153], [-66.13810868693092, -17.36071526147264], [-66.1381316087028, -17.36071667340715], [-66.13815171296035, -17.3607178643816], [-66.13817417864763, -17.36071231675625], [-66.1381979675513, -17.360712386619472], [-66.13821524868541, -17.36071371774627], [-66.13824039586574, -17.360717148123253], [-66.1382706293805, -17.360713969228108], [-66.13829617217732, -17.36071009104653], [-66.13831683483234, -17.360705601166064], [-66.13833670613889, -17.360703628320266], [-66.13835796370564, -17.360697160378624], [-66.13838094290956, -17.360688820815135], [-66.13840640138007, -17.360672209251728], [-66.13842793816936, -17.360665925899145], [-66.13845647240879, -17.36065712409711], [-66.1384977051616, -17.360654102706725], [-66.1385367559714, -17.36064626420921], [-66.13855213579296, -17.360642872526114], [-66.13856758438676, -17.360641107208945], [-66.13858917592135, -17.36063735299412], [-66.13861088670367, -17.360631975102482], [-66.13863252170147, -17.36062542223571], [-66.13865403745018, -17.3606204930408], [-66.13867625621133, -17.36061873437748], [-66.13869620329426, -17.36061793646653], [-66.13871898752139, -17.360616095597752], [-66.13873905945974, -17.36061331289208], [-66.13876041810467, -17.360612444891224], [-66.13878063880782, -17.360612192684442], [-66.13880357320242, -17.360612792030093], [-66.1388231218118, -17.36061343318411], [-66.13884417319024, -17.360614186156365], [-66.13886418204012, -17.360615465990698], [-66.1388843831178, -17.3606164776788], [-66.13890395275827, -17.36061576464065], [-66.13892672296751, -17.360614826537386], [-66.13894762558078, -17.360613048995354], [-66.13897011656205, -17.360611926290307], [-66.13899260473966, -17.36061098414061], [-66.13901134510745, -17.360609175627914], [-66.13903128938945, -17.360608558241033], [-66.13905163783706, -17.360612190694773], [-66.13907457793091, -17.360618478930725], [-66.13909416448267, -17.360622732563478], [-66.13911676077961, -17.36062693899378], [-66.13913557422083, -17.36063253603779], [-66.13915371557027, -17.360639026446698], [-66.13917157488912, -17.36064551281563], [-66.1391918770861, -17.36065212446237], [-66.13921382652993, -17.360655599227524], [-66.13923338916953, -17.3606553375524], [-66.13925610042168, -17.36065214109126], [-66.13927636178775, -17.360649270744208], [-66.1392974271973, -17.360649120879636], [-66.13931640895214, -17.36064993446743], [-66.13933842147833, -17.360649346664623], [-66.13935656264928, -17.36064373697926], [-66.13937725902518, -17.36064313032685], [-66.13939792606193, -17.36065046956992], [-66.13941825069838, -17.360655636730947], [-66.13944004576986, -17.36065694208383], [-66.13946109856784, -17.36065760471308], [-66.13948471348456, -17.360656768939798], [-66.13950499307278, -17.360652724942017], [-66.13952878900275, -17.360652343250457], [-66.13954954295022, -17.36065408518042], [-66.13957433515557, -17.36065615582262], [-66.13959315412406, -17.36065534167022], [-66.13961294263375, -17.36065264511641], [-66.13963170263133, -17.360649572638984], [-66.13965366179708, -17.360646365363827], [-66.1396723319879, -17.360643020699385], [-66.13969249233462, -17.360640600358117], [-66.1397147377362, -17.36063712627664], [-66.13973868794457, -17.36063286390764], [-66.13976013349878, -17.3606263984999], [-66.13977901833748, -17.36062134121519], [-66.13979741350056, -17.360617541105544], [-66.13981648355634, -17.360612667066803], [-66.1398379375156, -17.36060565997576], [-66.139856377524, -17.36059897093124], [-66.1398769937929, -17.36059141004871], [-66.13989495253362, -17.360585436503307], [-66.13991688635168, -17.36057780417872], [-66.13993512712246, -17.360571834666743], [-66.13995572376625, -17.360565537681712], [-66.13998014541913, -17.36056119173144], [-66.14000165834433, -17.36055644294284], [-66.14002534472665, -17.360551002871944], [-66.1400441173253, -17.36054711784175], [-66.14006638233407, -17.36054237981171], [-66.14008957904117, -17.360538196910642], [-66.14011035108761, -17.360532715111216], [-66.14013321799445, -17.360525547613058], [-66.14015172817615, -17.3605203946281], [-66.14016951289629, -17.360513515573626], [-66.14018669559258, -17.360503015935226], [-66.14020737502416, -17.36049744249993], [-66.14022967505753, -17.360490447473584], [-66.14025046811561, -17.360483611472187], [-66.14027171721337, -17.36047768498726], [-66.14029233766142, -17.360469853220014], [-66.14031095725954, -17.36046370849465], [-66.14032893559653, -17.360456470999207], [-66.14034764780203, -17.36045041789472], [-66.14036635720412, -17.360444545346425], [-66.14038610072298, -17.360438687597647], [-66.14040396963165, -17.3604324418189], [-66.14042619665982, -17.36042409123653], [-66.14044559075492, -17.360416512796466], [-66.14046306526951, -17.36040538521361], [-66.14046824526673, -17.360386677132833], [-66.14048070905476, -17.360371233771545], [-66.14049974278069, -17.360374756961413], [-66.14052174968631, -17.360374530138962], [-66.1405414370144, -17.360366233492048], [-66.14055957519844, -17.360354754201307], [-66.14057948977535, -17.360343932426492], [-66.14059689968839, -17.3603309076232], [-66.14061413698964, -17.360316887057035], [-66.14063069099446, -17.360304482094485], [-66.1406476518631, -17.360290096371877], [-66.14066923494248, -17.360286883594124], [-66.14068958047159, -17.360284646393435], [-66.14070874589308, -17.36027968332704], [-66.14072744111844, -17.360268663486217], [-66.14075096325053, -17.360261685884822], [-66.1407691786118, -17.360251291266174], [-66.14078334436486, -17.36023524014399], [-66.1408037291161, -17.360230475115518], [-66.1408193057509, -17.360244694399874], [-66.1408386453241, -17.36024668684765], [-66.14085741648475, -17.360242892012856], [-66.14087901917165, -17.360238415303407], [-66.14089957793428, -17.360234555746683], [-66.1409190141724, -17.36023031892741], [-66.14094222624549, -17.360225142848115], [-66.14096252258703, -17.360220015340847], [-66.14098450971831, -17.360215002325646], [-66.14100433600503, -17.360209868087342], [-66.14102668516847, -17.36020576323953], [-66.14104763677952, -17.360200825698055], [-66.14106842838548, -17.36019407988108], [-66.14108604183971, -17.360186114694944], [-66.14110614875301, -17.360181074760487], [-66.14112466168729, -17.360175741117725], [-66.1411469672644, -17.360168384861236], [-66.14116567662282, -17.36016251222987], [-66.14118525869087, -17.36015493639959], [-66.14120325938637, -17.360146254349402], [-66.14122303787747, -17.360138139530406], [-66.14124123919801, -17.360128647654292], [-66.14126140633519, -17.360119725699278], [-66.14127939721932, -17.360111675595196], [-66.14129656721974, -17.36010198835835], [-66.14131668376368, -17.360090266398057], [-66.14133347491668, -17.360080754335268], [-66.14135069393636, -17.360067907322478], [-66.14135935222357, -17.360049248972107], [-66.14136050086843, -17.360029760780257], [-66.14136004012765, -17.36001097195497], [-66.14137711050141, -17.36000164448065], [-66.14139937996458, -17.360008735546923], [-66.14141803484209, -17.36001243382438], [-66.14144062959377, -17.360010680218668], [-66.1414598397973, -17.360002828139585], [-66.14147756543923, -17.359993690629462], [-66.1414941571815, -17.359978848044573], [-66.1415105384902, -17.359965447234547], [-66.14152643993961, -17.35995267165195], [-66.14154389754826, -17.359942627307948], [-66.14156240187637, -17.35993178524451], [-66.14158263357852, -17.359924760459066], [-66.14159909908308, -17.359911992939267], [-66.14161234844649, -17.359894393547506], [-66.14162592483011, -17.359879959305555], [-66.1416298025489, -17.359860329552994], [-66.14162608222271, -17.35983950750865], [-66.14161592716746, -17.35982130238248], [-66.14160654100446, -17.359802024665633], [-66.14159884983268, -17.359782590599647], [-66.14159169891552, -17.35976469934938], [-66.14158983079179, -17.359745709787962], [-66.14158507775626, -17.359724782669865], [-66.14157671030856, -17.359706512818217], [-66.14156608381121, -17.359688391245427], [-66.14156205625147, -17.359669190191394], [-66.14155510036436, -17.359650850234882], [-66.14154577040911, -17.359634011399795], [-66.14153634504444, -17.359617261498684], [-66.14152691267846, -17.35960096299323], [-66.14151310961837, -17.35958758183069], [-66.14150424692016, -17.359570930277897], [-66.14149991492735, -17.35955316965551], [-66.14149020753918, -17.359536415718345], [-66.14150542566523, -17.35952525574182], [-66.14152676460924, -17.359525651332657], [-66.14154756470172, -17.35952441382625], [-66.14156716786981, -17.359521533807946], [-66.14158859924994, -17.35951597096634], [-66.1416086206493, -17.359516437998156], [-66.1416535409592, -17.359524214275453], [-66.14169509352995, -17.35952480872606], [-66.1417649981534, -17.359485896502925], [-66.14180799595555, -17.359393322797878], [-66.1418006481204, -17.359266889061633], [-66.14179706690265, -17.359206788843025], [-66.14194079812555, -17.35887609218155], [-66.14199874113116, -17.35871718163247], [-66.14198895562744, -17.35845083947956], [-66.141990607915, -17.358344309999072], [-66.14204813758089, -17.35821203176925], [-66.14210504828013, -17.35811965692995], [-66.14224506342302, -17.358028470647408], [-66.142327450813, -17.35798495079849], [-66.14234290598286, -17.35797668369979], [-66.14234331899273, -17.35795005132027], [-66.14232981858412, -17.35792321995771], [-66.14228826635114, -17.35792262569205], [-66.14228909238322, -17.3578693609352], [-66.14231729664802, -17.35786967400331], [-66.14234454023334, -17.35788342792044], [-66.14235729136571, -17.357910067967723], [-66.14237053831567, -17.35791079921292], [-66.14239867056024, -17.35789756634849], [-66.14235879042728, -17.35784371943795], [-66.14235899622948, -17.357830448387467], [-66.14238349813671, -17.357845156381305], [-66.142397715207, -17.35786215536831], [-66.14241249192712, -17.357873383204293], [-66.14242714999745, -17.357861944222993], [-66.14244656636514, -17.357858971121694], [-66.14245853981298, -17.357875125325798], [-66.1424458771548, -17.35789128840848], [-66.14244171896672, -17.357910823886623], [-66.14245789463754, -17.357922794120704], [-66.14247789768075, -17.357924434670643], [-66.14250006714515, -17.35792583530211], [-66.14252093727525, -17.35792613375846], [-66.1425403200514, -17.35792532735128], [-66.14256053050035, -17.357919656616588], [-66.14257920879655, -17.357915769955277], [-66.14260087860045, -17.357913009662745], [-66.14262040018227, -17.35790931565508], [-66.14264174994238, -17.357902938809467], [-66.1426657249706, -17.357897050998783], [-66.14268528994604, -17.35789055832664], [-66.14270070008084, -17.357879130077468], [-66.14271171814049, -17.357859873282205], [-66.14271176507494, -17.357838653617854], [-66.1427092219568, -17.357820737990945], [-66.14271039280585, -17.35779980529595], [-66.14270503220135, -17.35778166878164], [-66.14271571643069, -17.357765748285683], [-66.14273048248384, -17.3577534078294], [-66.14274471107449, -17.357739343999636], [-66.14275787454024, -17.35772120146938], [-66.14276447273592, -17.35770197176746], [-66.14276378718266, -17.35767947743778], [-66.14275675540071, -17.357659962538424], [-66.14274516777137, -17.35764318177218], [-66.14274420019119, -17.357620683409916], [-66.14274285959502, -17.357604049168515], [-66.1427338410205, -17.357585318553024], [-66.14272507367998, -17.35756857811447], [-66.14270231831338, -17.357544323412196], [-66.14270348400011, -17.357535851946487], [-66.14272439630624, -17.357539492052993], [-66.14274522160309, -17.35754267941672], [-66.14276433631073, -17.357540966155998], [-66.142784646769, -17.35754703573181], [-66.14280174433559, -17.357560193010194], [-66.14282005120444, -17.357568130219125], [-66.14284082191722, -17.35757483846611], [-66.14285965902609, -17.35757890038318], [-66.14288179486525, -17.357582467669754], [-66.14290166165348, -17.35758076514988], [-66.14292202905429, -17.357571033146822], [-66.14294001822293, -17.357563073123224], [-66.14295741371019, -17.357550950840626], [-66.14297034153246, -17.357535875099085], [-66.14298360456874, -17.357517372775124], [-66.14299455678885, -17.357502359083597], [-66.14300894373392, -17.35748414372477], [-66.14302424417656, -17.357467657112576], [-66.14303513877164, -17.357450294811592], [-66.14304341509808, -17.357431992081484], [-66.14305610006598, -17.357414384478847], [-66.14306938571211, -17.357400487735614], [-66.14308325080823, -17.357385605983236], [-66.14309591897346, -17.357369081728777], [-66.1431150828869, -17.357370258713587], [-66.14313788937297, -17.35737302286347], [-66.14315809298908, -17.357373853511636], [-66.1431773593112, -17.3573744901587], [-66.14319819020348, -17.357377316356303], [-66.14321818201014, -17.357379679058983], [-66.14323734732687, -17.357380765752993], [-66.14325948151672, -17.357378373215496], [-66.14328124806605, -17.35737543362348], [-66.14330040194564, -17.357371192486756], [-66.14331836729085, -17.35736476717233], [-66.14333381093277, -17.357351172157426], [-66.1433483718578, -17.357333862248517], [-66.1433585465284, -17.35731441274756], [-66.14336347906497, -17.357293443515186], [-66.14336645419777, -17.357271362707543], [-66.14336729814819, -17.357253314903243], [-66.14336678093989, -17.35723208716283], [-66.14336687561399, -17.357213848048225], [-66.14336223039311, -17.35719201949829], [-66.14334782244718, -17.357175198444317], [-66.14333611838104, -17.35715986083371], [-66.14333066231205, -17.357141813264274], [-66.14332793671063, -17.357123533831466], [-66.14332769313575, -17.35710285179931], [-66.14332639586631, -17.357083418894412], [-66.14332987767298, -17.35706504760366], [-66.14333861000001, -17.35704765436696], [-66.14335146473574, -17.357031223056232], [-66.14335999224696, -17.357014910482242], [-66.14337209770358, -17.356998287859398], [-66.1433900459687, -17.356986895824754], [-66.14340461969712, -17.356974823452127], [-66.1434212406343, -17.356964134834108], [-66.14344214960714, -17.35695585529633], [-66.14346079676059, -17.356947904620416], [-66.14347959694626, -17.356942213614047], [-66.14350031115033, -17.356940432838982], [-66.14352191506882, -17.356941915556956], [-66.14353861117165, -17.35695064236468], [-66.14354815023592, -17.356966129614644], [-66.14356597445271, -17.356974872546626], [-66.14358498250213, -17.35697397036783], [-66.1436036842274, -17.356962498782853], [-66.14361538003968, -17.35694803747089], [-66.14362588591496, -17.356931482263203], [-66.1436442286441, -17.356924972007043], [-66.14364766857003, -17.356945699733203], [-66.1436482012077, -17.35696593440505], [-66.14364584614655, -17.356984412111355], [-66.14363777471351, -17.357001634214157], [-66.14363307781561, -17.357019536648846], [-66.14362477778045, -17.35703937416457], [-66.1436118696371, -17.35705318605111], [-66.14359482203301, -17.357061069306106], [-66.14357203655997, -17.357056951022674], [-66.1435510291195, -17.35705945000667], [-66.14353135205299, -17.357067115069395], [-66.14351149676233, -17.357074145486738], [-66.14349222511741, -17.357079920054197], [-66.14347282307777, -17.357088040538823], [-66.14346340610635, -17.35710713968332], [-66.14346873179451, -17.357127533170136], [-66.14348169182672, -17.35714677160074], [-66.14349681802383, -17.3571597200416], [-66.14350547882253, -17.357177271624582], [-66.14350234927642, -17.35719718304497], [-66.14349659306608, -17.35721669571911], [-66.14349169553282, -17.357235407973693], [-66.14348156426277, -17.357252058824464], [-66.1434719858514, -17.357269439972594], [-66.14346622543626, -17.357289223482976], [-66.14346480064546, -17.35730834657779], [-66.14346119264711, -17.357328792952888], [-66.14345515579757, -17.357348211313294], [-66.14344862091069, -17.357369428540633], [-66.1434458589929, -17.357389887010147], [-66.1434450404839, -17.357412359847423], [-66.14344557029348, -17.357432775074596], [-66.14344500557647, -17.357451007470413], [-66.14344375480393, -17.35747103604558], [-66.1434420255868, -17.357491599577102], [-66.14344377052058, -17.357512483671915], [-66.143449688257, -17.35753107963663], [-66.1434545145124, -17.35755336227124], [-66.14344203577889, -17.357569798959585], [-66.14343283198129, -17.357587275757457], [-66.14342734937681, -17.35760733413393], [-66.14341636499259, -17.357624424278193], [-66.14340121735303, -17.357637120535177], [-66.14338752908, -17.357652727232953], [-66.14337383800559, -17.3576685144881], [-66.14335859774945, -17.357681119117526], [-66.14333731520603, -17.357683162639383], [-66.14332467642407, -17.35769779104273], [-66.14333445554028, -17.357715990716947], [-66.14333460229716, -17.357736851962883], [-66.14332007772104, -17.357751814602672], [-66.14330603858542, -17.357765790888465], [-66.14329470193324, -17.35778134089809], [-66.14329033762341, -17.35780204735094], [-66.14329775250417, -17.357821116219792], [-66.14330554902287, -17.357839829347316], [-66.143286228067, -17.357842713599236], [-66.1432626022625, -17.35784427211291], [-66.14324427062526, -17.357850060083422], [-66.14322619885944, -17.357863346612145], [-66.14320905295506, -17.35787149931408], [-66.14318854229734, -17.357878339717125], [-66.14316835425632, -17.357882566049856], [-66.14314629162067, -17.357886404381233], [-66.14312730354281, -17.35789814271005], [-66.14311189202785, -17.35790966127513], [-66.14309673594639, -17.357922899178018], [-66.1430828470094, -17.35793931567315], [-66.14307250664233, -17.357957317992394], [-66.14306601786997, -17.357975555979195], [-66.14306159171018, -17.35799418465398], [-66.14305780822043, -17.35801381580994], [-66.14306997815318, -17.35802943099893], [-66.1430905399141, -17.35803749073001], [-66.1431082295983, -17.35804885047003], [-66.14311933743754, -17.35806625645779], [-66.1431261840485, -17.35808558810474], [-66.14312754450398, -17.358107008496194], [-66.14313753682782, -17.358123585840325], [-66.14315054446375, -17.35813975479928], [-66.14314729844288, -17.3581611093293], [-66.1431409724928, -17.358180975034124], [-66.14313602029652, -17.358203208162536], [-66.14313214419651, -17.358222747696633], [-66.14312443188904, -17.358241058490034], [-66.14310925898104, -17.35825537974135], [-66.14309577684772, -17.35826981546513], [-66.14308106978511, -17.358284414272262], [-66.14306684536669, -17.35829820728501], [-66.14305203589137, -17.358313346420967], [-66.14303842894543, -17.35832976694004], [-66.14303248741321, -17.35834909633947], [-66.14303293855018, -17.358368517143216], [-66.14303606558293, -17.35839122698327], [-66.14304065315464, -17.3584107069312], [-66.14304713072302, -17.358429581807677], [-66.14305565971368, -17.35844956960776], [-66.1430646193348, -17.358466041891518], [-66.14307415561437, -17.358481709726387], [-66.14308437398907, -17.358501902279713], [-66.14309173264627, -17.358518532270608], [-66.14310225125055, -17.35853755522505], [-66.14311356252803, -17.358553970832578], [-66.14312637096847, -17.358570859342798], [-66.14313598867048, -17.358587341034088], [-66.14314546477442, -17.358606890877535], [-66.14315268883905, -17.358626137623315], [-66.14315720061143, -17.358644442595647], [-66.14316115672243, -17.35866219782723], [-66.14316175669715, -17.358684149141258], [-66.1431523675817, -17.35870144266548], [-66.1431409102432, -17.358718706617438], [-66.14312806374724, -17.35873459621626], [-66.14311633417196, -17.35875122417846], [-66.14309827349773, -17.358763788445753], [-66.14308178439734, -17.35877809086909], [-66.14306920592468, -17.358794887288298], [-66.14305813581032, -17.35881143437575], [-66.14306102840649, -17.358831070687224], [-66.14307479515469, -17.358846799013623], [-66.14308868810944, -17.35886045225961], [-66.14310274949015, -17.358875372103558], [-66.14311560973735, -17.358888920282833], [-66.14312807155017, -17.358903907553735], [-66.14313928463817, -17.35892059265666], [-66.14314613686773, -17.35893956318923], [-66.14315282767281, -17.358956815726543], [-66.14316081082625, -17.358975621830425], [-66.14316641713155, -17.358996109636827], [-66.14317102011931, -17.359014596512576], [-66.1431749244444, -17.3590356920791], [-66.14317584283828, -17.35905530016328], [-66.14317766914081, -17.359076998113263], [-66.14318083538208, -17.359097180133396], [-66.1431839946251, -17.359117813550085], [-66.14318339345773, -17.359138393199935], [-66.14318978404356, -17.359156815335773], [-66.14320441931214, -17.359171111286567], [-66.14323308474258, -17.359190213104903], [-66.14330879802765, -17.359189038150824], [-66.14333103764667, -17.359185924747127], [-66.14335045135759, -17.35918313213523], [-66.14337203150414, -17.3591800995974], [-66.14339176083632, -17.359175144309773], [-66.14341336057653, -17.35917084785667], [-66.14343305211796, -17.359168330106503], [-66.14345661627632, -17.359164693828944], [-66.14347794937935, -17.359159400263657], [-66.14349636536295, -17.359154245589774], [-66.14351668814346, -17.359147402487018], [-66.14353945379096, -17.359140684605446], [-66.14355891508139, -17.359134822474594], [-66.14358048798272, -17.359126191249807], [-66.1436001286517, -17.35911482341867], [-66.14363401500992, -17.35909435840696], [-66.14365390411587, -17.359085161305675], [-66.14367466870156, -17.359074080431245], [-66.14369365688609, -17.359062342064227], [-66.14371238682831, -17.359049064914313], [-66.1437310437494, -17.359034432228032], [-66.1437508022014, -17.35902153097405], [-66.14376861162518, -17.359006976467644], [-66.14378753797384, -17.35899316032062], [-66.14380465853355, -17.358980582548895], [-66.14381941763999, -17.35896869341372], [-66.14383231893022, -17.358955332930314], [-66.14384742163637, -17.358939475532093], [-66.14386312198607, -17.358921459490595], [-66.14387655209404, -17.358904313989157], [-66.14388968337654, -17.358888247807364], [-66.14390360032252, -17.358870025670022], [-66.14391418912703, -17.358854194041008], [-66.1439235851833, -17.358836449074953], [-66.1439328718348, -17.358819695837436], [-66.14394271414946, -17.358803492338208], [-66.14395210320328, -17.358786198766797], [-66.14396357727, -17.35876785140532], [-66.14397267169552, -17.358751366315385], [-66.14398294881335, -17.358731376454333], [-66.14398932953512, -17.358714039879484], [-66.14399771805064, -17.358694564818073], [-66.14400668741608, -17.358674014465997], [-66.1440139534034, -17.358654162160796], [-66.14402011645474, -17.35863266870135], [-66.14402757605555, -17.358612457965094], [-66.14403526731127, -17.358595501317172], [-66.14404017884213, -17.35857588625486], [-66.14404474091727, -17.358554550509083], [-66.14404917959673, -17.358535109286322], [-66.14405184047999, -17.35851510085637], [-66.14404831069396, -17.35849410094716], [-66.14405103620194, -17.358475989727832], [-66.1440605122386, -17.358459148887523], [-66.14406886435117, -17.358442021083878], [-66.14407453634708, -17.358421875092635], [-66.14407605930985, -17.35840248249283], [-66.14408524211593, -17.358386359854354], [-66.14409267511066, -17.35836786442106], [-66.14409685833272, -17.358346703856096], [-66.14410172340939, -17.35832401794701], [-66.14410633889985, -17.358305301643348], [-66.14411068215371, -17.358285949352673], [-66.14411390148511, -17.35826631009953], [-66.14411912020863, -17.358245074034166], [-66.14413081468358, -17.358230702979018], [-66.1441480755932, -17.3582211973498], [-66.14416739545635, -17.358224453360837], [-66.14418760731486, -17.358218692179552], [-66.14419136970794, -17.358200415176388], [-66.14419121866439, -17.35817982475581], [-66.14418615392354, -17.358160789495745], [-66.14418608009997, -17.358141283771563], [-66.14419071096519, -17.358121574390353], [-66.14419206407752, -17.35810100546758], [-66.1441890563602, -17.358082722002564], [-66.14417724416914, -17.3580682858741], [-66.14416528173732, -17.358051409514236], [-66.1441665282486, -17.35803165176279], [-66.14418706295696, -17.35802932656998], [-66.14420670400672, -17.358030058782084], [-66.14422703923354, -17.358022403069576], [-66.14423819760766, -17.358006218354916], [-66.14425027788909, -17.35799122070742], [-66.14426286459374, -17.35797388251226], [-66.14427190410878, -17.35795486823092], [-66.14428765496116, -17.357939652141205], [-66.14429973663286, -17.35792456420998], [-66.14430705318644, -17.357907511889042], [-66.14431345062714, -17.357889091940983], [-66.14432157241951, -17.357868619749866], [-66.14432853251604, -17.35785029814151], [-66.1443334565757, -17.357829870548485], [-66.14434350779639, -17.357812315511005], [-66.14436049164676, -17.357820685179536], [-66.14437781153991, -17.357813437851604], [-66.14439635131114, -17.357818488675125], [-66.14441436787286, -17.357826963397454], [-66.144434814422, -17.3578303257787], [-66.14445348989922, -17.357826619493586], [-66.1444708083916, -17.357819462436552], [-66.1444894063667, -17.357808621386415], [-66.14450783618521, -17.3578025638003], [-66.14452482200254, -17.357792602701902], [-66.14454625733096, -17.35778676866076], [-66.14456742042181, -17.357780298630836], [-66.14459232500727, -17.357759930803997], [-66.14460740809933, -17.357748362267365], [-66.14462498594312, -17.357736603630556], [-66.14463985149331, -17.357723903239435], [-66.14465667305895, -17.357712404690428], [-66.14467256851474, -17.35769998991164], [-66.1446916085388, -17.357690961144655], [-66.14470913461483, -17.357682542838134], [-66.14472743514811, -17.357672690805433], [-66.14474788559994, -17.357669732248457], [-66.1447607389209, -17.35768373172577], [-66.14477855068728, -17.357693287082572], [-66.14479570771618, -17.3576844119974], [-66.14480890066126, -17.357670423499485], [-66.14482310393095, -17.357657984527265], [-66.14483917480254, -17.35764638493446], [-66.14485815157839, -17.35763536865825], [-66.14487358675885, -17.35762231518785], [-66.14489002946667, -17.357610991801415], [-66.14490798332035, -17.357599238507976], [-66.14492370192204, -17.35758609878297], [-66.14494206258185, -17.357572364710567], [-66.14496004859929, -17.357558534983706], [-66.14497717733802, -17.35754541540165], [-66.1449938374251, -17.357532198822277], [-66.14500973704097, -17.35751951317241], [-66.14502627374162, -17.357508191115258], [-66.14504065661194, -17.357496296486563], [-66.14505674144351, -17.35748379407728], [-66.14507131372785, -17.357471811852633], [-66.14508911450456, -17.357457798865894], [-66.14510784418519, -17.357444521544362], [-66.14512499248427, -17.357430138033703], [-66.14514167772603, -17.357415296408142], [-66.14515311381534, -17.357399386492048], [-66.14516098453319, -17.35738297413939], [-66.14516267999119, -17.35736457727197], [-66.14516042704884, -17.357346123993924], [-66.14516249434821, -17.357328003337283], [-66.14517755064637, -17.3573151250226], [-66.14519231232671, -17.35730305519254], [-66.14520841531241, -17.35728937913352], [-66.14522639319698, -17.357282141120915], [-66.14524578821542, -17.357274471855], [-66.14526570952876, -17.357269248191503], [-66.14528415326161, -17.357262287726808], [-66.14530149405296, -17.35725368611289], [-66.14532163554804, -17.35724638870094], [-66.14534279296552, -17.357240279693332], [-66.14536373408262, -17.35722992351785], [-66.14538327375764, -17.35722505558738], [-66.1454050979406, -17.35722446436602], [-66.14542622490055, -17.35722639156752], [-66.1454479833571, -17.357230043478186], [-66.14546833446947, -17.357233494683264], [-66.1454920825104, -17.357236181716843], [-66.14551201112381, -17.357236556699633], [-66.14553308463243, -17.357235864441428], [-66.14555544179422, -17.357231217340292], [-66.14557312505008, -17.357224787780456], [-66.14559057382138, -17.357215284686642], [-66.145609105957, -17.357208686650242], [-66.14562838629166, -17.357208420264158], [-66.14564721615604, -17.357206883248573], [-66.14566015514733, -17.35722142569382], [-66.14567997576928, -17.35722270211201], [-66.14569792910831, -17.35722918922662], [-66.1457161826555, -17.357234506734468], [-66.14573454139999, -17.357239103347418], [-66.14575418551621, -17.357245704907957], [-66.14577432764756, -17.357250507590223], [-66.14579606234902, -17.357255694216402], [-66.14581857289892, -17.357259356830653], [-66.1458624977212, -17.357258539437566], [-66.14588415519694, -17.35726264135741], [-66.14590642287281, -17.357263772106716], [-66.14592541839234, -17.35726368222355], [-66.1459460990928, -17.357264067905493], [-66.1459699970911, -17.357263145044712], [-66.14599063551576, -17.357260189036076], [-66.14601070848462, -17.357257315248553], [-66.1460313133526, -17.357256525944734], [-66.14605012504857, -17.357256162525537], [-66.14607129677047, -17.35725520071454], [-66.14609398243222, -17.357253628426992], [-66.14611529430204, -17.35724968872852], [-66.14613717442292, -17.357245486244825], [-66.14615766816773, -17.35723972886657], [-66.14617853515358, -17.357234157415643], [-66.14619880872145, -17.35723047377751], [-66.1462190948715, -17.35722597762111], [-66.14623836648877, -17.357220202780027], [-66.14625744309578, -17.357214876649596], [-66.14627736578778, -17.357209562600335], [-66.14629630224843, -17.35720721434915], [-66.14631841232287, -17.35720030614214], [-66.14633890745775, -17.357194458464097], [-66.14635814377618, -17.357184890525637], [-66.14638000012197, -17.35718222276618], [-66.14639885549708, -17.35718511072029], [-66.14641994998091, -17.357183064173334], [-66.14644001840131, -17.35717441110454], [-66.14645944692667, -17.35716457500145], [-66.14647899916402, -17.357158894442094], [-66.14650049344819, -17.357155318502944], [-66.14652080195386, -17.35714937784009], [-66.14654374691904, -17.357143203924647], [-66.14656340294752, -17.357136892741586], [-66.14658146500666, -17.357130287896382], [-66.14659882251641, -17.357120602803747], [-66.1466161251553, -17.357108388538176], [-66.14663489979345, -17.357098272179893], [-66.146656412242, -17.35709352258763], [-66.14667543256165, -17.35708575752181], [-66.1466931814773, -17.35707508471344], [-66.14670958769948, -17.357066108422668], [-66.14672756971675, -17.357058599423976], [-66.14674695943651, -17.357057341193922], [-66.14676522068477, -17.357050016777734], [-66.1467876424702, -17.357047266744758], [-66.1468085178113, -17.357041153544163], [-66.14682419990531, -17.357030360911885], [-66.14684279629176, -17.3570196098892], [-66.14686142238965, -17.357013013069192], [-66.14687931877425, -17.35700496103513], [-66.14687679061556, -17.356986052326352], [-66.14689538456156, -17.35698153193376], [-66.14691517547128, -17.356978654021848], [-66.14693349856933, -17.35697340736169], [-66.14695214842112, -17.356965275778382], [-66.14696997035615, -17.35695595847786], [-66.14698971477446, -17.35695000970837], [-66.1470089975304, -17.3569435125479], [-66.14702912497278, -17.35693711774479], [-66.1470491192706, -17.356933249427], [-66.14706872075847, -17.356930459093988], [-66.14708760371326, -17.356925491310303], [-66.14710840216628, -17.35692434345489], [-66.14712881862098, -17.356917501269184], [-66.14714314225762, -17.356903348128423], [-66.14714032784991, -17.356884706231554], [-66.14714297577285, -17.356865510221432], [-66.14715523399161, -17.356851146992618], [-66.14717421271592, -17.35685214033996], [-66.14719375969003, -17.356852870899278], [-66.14721471680612, -17.356853621588307], [-66.14723689045525, -17.35685475084101], [-66.14725926330419, -17.356855160538245], [-66.14728080124881, -17.356854835917098], [-66.1473035766891, -17.35685353566425], [-66.14732289194757, -17.35685101211721], [-66.1473431221454, -17.356850127022522], [-66.14736382099312, -17.356849338915588], [-66.14738631720024, -17.35684785406768], [-66.1474075084548, -17.35684562819168], [-66.14742813285763, -17.35684357482064], [-66.14744876285008, -17.356841160328745], [-66.1474708155609, -17.356837953447403], [-66.14749059667295, -17.35683570743248], [-66.14751139931214, -17.35683428869418], [-66.14753200554806, -17.3568334089478], [-66.14754425395599, -17.356819677647984], [-66.14753993954785, -17.356800743440655], [-66.1475424878284, -17.356781907195558], [-66.14756177513205, -17.356781189217305], [-66.14757843855605, -17.356779891985084], [-66.14766129618687, -17.356784867296728], [-66.14776036123155, -17.356745104693392], [-66.14793186757201, -17.356739335344354], [-66.14799207013769, -17.356719606263038], [-66.14807809554345, -17.356696091919094], [-66.14823271666982, -17.35666949299551], [-66.14825497785881, -17.35661635328127], [-66.14841468747211, -17.35654043289652], [-66.14856987906974, -17.356446568558603], [-66.14858178291425, -17.356442945829667], [-66.14860132526105, -17.356437896999463], [-66.14861933509935, -17.35642858221431], [-66.14863436597068, -17.35641732862725], [-66.14864880023474, -17.356402093339327], [-66.14865969985613, -17.356384369523436], [-66.14867115375348, -17.3563672857133], [-66.1486838046272, -17.35635184437592], [-66.14869932089944, -17.35633960441181], [-66.14871666245583, -17.356324862098464], [-66.14873291683037, -17.356313535659655], [-66.14875076237699, -17.356302683420935], [-66.14876626886371, -17.35629107540873], [-66.14878435969118, -17.356276524378206], [-66.14880129447015, -17.356263762845366], [-66.1488155071685, -17.35625069157346], [-66.14882944202719, -17.356237345436988], [-66.14884657040491, -17.356224225462746], [-66.14886458160838, -17.356214820370628], [-66.14888499934011, -17.3562078877039], [-66.14890445646039, -17.35620834590602], [-66.14895860169165, -17.356191148764477], [-66.14896418883298, -17.3561703692418], [-66.14897017854562, -17.35614787976759], [-66.14900930855568, -17.356086221523334], [-66.14900811724911, -17.356065977389715], [-66.14900692035602, -17.35604609437527], [-66.14900645179384, -17.356027756846977], [-66.1490101294104, -17.35600884637291], [-66.149020146577, -17.355993457732165], [-66.14902618140232, -17.355974129388226], [-66.14902402905253, -17.355955226039434], [-66.1490207444037, -17.35593657743578], [-66.14902150075025, -17.35591807678303], [-66.14902488516134, -17.35589988452279], [-66.14902359844531, -17.355879729327466], [-66.14901797334582, -17.355860415235707], [-66.14901328087554, -17.355844636138514], [-66.14901154406323, -17.355838380679298], [-66.1490080686046, -17.355819909952974], [-66.14900270318935, -17.3558020443615], [-66.14899591786322, -17.355784790610777], [-66.14899074605411, -17.35576656658245], [-66.14897594063488, -17.355751094705855], [-66.1489622507568, -17.355736451441093], [-66.14894962849846, -17.355719656213875], [-66.14894341142316, -17.35570213967026], [-66.14894190597074, -17.355683967948643], [-66.14893513042949, -17.355666082238585], [-66.14893344533937, -17.35564736615583], [-66.14893186124128, -17.355628200015317], [-66.1489389552946, -17.355607261389952], [-66.14894161416697, -17.35558734308527], [-66.14894461695238, -17.35556950658052], [-66.14893774880098, -17.355551529249954], [-66.1489220400603, -17.355539746773047], [-66.1489180215075, -17.35551991380268], [-66.14890658786223, -17.35550530272589], [-66.14890923416534, -17.3554861969399], [-66.14891402870552, -17.355468024799407], [-66.14891799811377, -17.3554484863909], [-66.148917934231, -17.355439365207822], [-66.1492676342918, -17.35606633859266], [-66.14980250302627, -17.356715186684855], [-66.14991351651098, -17.35705801291181], [-66.15016994191654, -17.357902902936846], [-66.15021048499887, -17.358041730140577], [-66.1502148994657, -17.358941901338806], [-66.15024996092974, -17.359842509609106], [-66.150269494817, -17.360166332323367], [-66.15040832581208, -17.361075734973276], [-66.15041563820459, -17.36139938337511], [-66.15036785615102, -17.361716376428564], [-66.15017962130801, -17.362402046407727], [-66.14999375395526, -17.36294065149124], [-66.14970277763271, -17.363562909139894], [-66.14871883897517, -17.365413735532073], [-66.14860973135411, -17.365737437272674], [-66.1485417998632, -17.366565959826445], [-66.14873313258161, -17.367242055658657], [-66.14873705398982, -17.367256017783884], [-66.14875776801604, -17.36732909680584], [-66.14861216676374, -17.367389418786548], [-66.14805399590618, -17.367605075998416], [-66.14773759495512, -17.3677286177307], [-66.14730851648135, -17.36789833328262], [-66.14689603283007, -17.36805681683893], [-66.14646855705851, -17.368219385295333], [-66.14592335360487, -17.36843283181033], [-66.14580870370817, -17.368476225631213], [-66.1456899854163, -17.36852115862873], [-66.14526360759427, -17.36868430065838], [-66.14507227550658, -17.368757485662037], [-66.1449252176224, -17.368813734781536], [-66.14469192407311, -17.368904532859744], [-66.14433953647753, -17.36903806670062], [-66.14423887209271, -17.369079632281004], [-66.14409747916515, -17.36911631530684], [-66.14395272369504, -17.369150315201587], [-66.14389421180428, -17.369164058110968], [-66.14380231612392, -17.369185679837766], [-66.14373583777733, -17.36920479805276], [-66.14368132160604, -17.3692226542882], [-66.1436764855962, -17.369224940124536], [-66.14363520283905, -17.369244452985384], [-66.14360366821155, -17.369263095721372], [-66.14360205670478, -17.369264047903698], [-66.14352564431233, -17.36931408329031], [-66.14328695269741, -17.36946405399388], [-66.14296480925937, -17.369668736512136], [-66.14283664184885, -17.369751002086307], [-66.14272349570027, -17.369827269902867], [-66.14240216447347, -17.370089699362147], [-66.14238884080785, -17.37010058118826], [-66.14231366032374, -17.37016735705526], [-66.14216940206445, -17.370260382156452], [-66.14208202522842, -17.37030259717506], [-66.14206662027983, -17.370310039491343], [-66.14195086667576, -17.370361899521093], [-66.141885390449, -17.370393058322314], [-66.14178679414206, -17.370460342195457], [-66.14112284794727, -17.37090624604391], [-66.14092121039573, -17.371040728411934], [-66.1409026128594, -17.37105313199627], [-66.14062094056636, -17.37120840891114], [-66.14044060509512, -17.371310949941638], [-66.14027541416596, -17.37139956323215], [-66.14024506315005, -17.371411039000588], [-66.14015267820075, -17.37144597093373], [-66.14012369805721, -17.3714535834568], [-66.13985713463788, -17.3714946820034], [-66.1396365340678, -17.37152401525593], [-66.13940275487009, -17.37155602554732], [-66.13925412460885, -17.37157797894717], [-66.13908281710711, -17.37159903392183], [-66.13899235910472, -17.371611308879633], [-66.13870564153999, -17.371649249151417], [-66.13848622367993, -17.37167931409735], [-66.13840067184597, -17.37169290159767], [-66.13836189221651, -17.37170243674118], [-66.13827029595393, -17.371724959322464], [-66.13823526487026, -17.371733269530417], [-66.13820761376836, -17.371739828957427], [-66.13809692662518, -17.371785786719453], [-66.13799477763595, -17.37183872589684], [-66.13792753948749, -17.37188255942151], [-66.13781013135785, -17.371967775629226], [-66.13753937439628, -17.37216429189309], [-66.13707728650012, -17.372491541470826], [-66.1368629597662, -17.372643327120734], [-66.13679801467215, -17.372668959027973], [-66.13673444720646, -17.372694047202522], [-66.13669905152284, -17.372702809692132], [-66.1366062306852, -17.37272578972606], [-66.13612001906904, -17.37277690380795], [-66.13610516127429, -17.372778465970033], [-66.1356614608786, -17.372835580386674], [-66.13546688878604, -17.373546787346317], [-66.13557495682436, -17.37433979980756], [-66.1349818005584, -17.37400903623191], [-66.13426167023097, -17.3736790402693], [-66.13380117257802, -17.373545463877505], [-66.13347007351095, -17.373486175553026], [-66.13300576034109, -17.37350898222849], [-66.13279064958783, -17.373543174781958], [-66.13254262835049, -17.37360665051204], [-66.13236484558173, -17.373719094097623], [-66.13192949291984, -17.373994442851032], [-66.13160349607374, -17.37447714641343], [-66.13124523011525, -17.375115401342903], [-66.13133821100077, -17.375234255416984], [-66.13137457449797, -17.37528073712505], [-66.13062429291058, -17.376073700897937], [-66.12966929061513, -17.377708937669485], [-66.12950058424133, -17.37864452234144], [-66.12939751517426, -17.379080601226953], [-66.12904741288287, -17.37953664144134], [-66.12806022905055, -17.380035245753383], [-66.12714907022189, -17.380290155865886], [-66.12697337840736, -17.38036050742741], [-66.12603846890764, -17.38078624184564], [-66.12573957328527, -17.38099282685544], [-66.12532324004844, -17.381267023548244]]]}, "properties": {"OBJECTID": 10, "distrito": 1, "comuna": "TUNARI", "Nombre": "Distrito: 1", "Shape_Length": 14491.077645176236, "Shape_Area": 6125167.154613907}}, {"type": "Feature", "id": 11, "geometry": {"type": "Polygon", "coordinates": [[[-66.16717894367696, -17.393993142826186], [-66.16686902321584, -17.392534898124772], [-66.1664966705713, -17.391649990047725], [-66.16627129963688, -17.39111438625519], [-66.16509539484726, -17.388459994826786], [-66.16471165396275, -17.387687606840807], [-66.16324753271306, -17.38436252626742], [-66.16271138853031, -17.383308433155335], [-66.1622219651487, -17.38261338336426], [-66.16155133032095, -17.382051940329013], [-66.16100303951904, -17.381786108374843], [-66.16031450745689, -17.381510665652563], [-66.16012539396645, -17.381437117993165], [-66.15932897402269, -17.381227189463857], [-66.15760564126116, -17.3808070030036], [-66.15278977224942, -17.379626910758375], [-66.15211722145298, -17.37946339273912], [-66.15197012875711, -17.379428056443167], [-66.14887472375635, -17.378684420210732], [-66.13999881395716, -17.376543853710306], [-66.13824373150076, -17.37592573587267], [-66.13557495682436, -17.37433979980756], [-66.13546688878604, -17.373546787346317], [-66.1356614608786, -17.372835580386674], [-66.13610516127429, -17.372778465970033], [-66.13612001906904, -17.37277690380795], [-66.1366062306852, -17.37272578972606], [-66.13669905152284, -17.372702809692132], [-66.13673444720646, -17.372694047202522], [-66.13679801467215, -17.372668959027973], [-66.1368629597662, -17.372643327120734], [-66.13707728650012, -17.372491541470826], [-66.13753937439628, -17.37216429189309], [-66.13781013135785, -17.371967775629226], [-66.13792753948749, -17.37188255942151], [-66.13799477763595, -17.37183872589684], [-66.13809692662518, -17.371785786719453], [-66.13820761376836, -17.371739828957427], [-66.13823526487026, -17.371733269530417], [-66.13827029595393, -17.371724959322464], [-66.13836189221651, -17.37170243674118], [-66.13840067184597, -17.37169290159767], [-66.13848622367993, -17.37167931409735], [-66.13870564153999, -17.371649249151417], [-66.13899235910472, -17.371611308879633], [-66.13908281710711, -17.37159903392183], [-66.13925412460885, -17.37157797894717], [-66.13940275487009, -17.37155602554732], [-66.1396365340678, -17.37152401525593], [-66.13985713463788, -17.3714946820034], [-66.14012369805721, -17.3714535834568], [-66.14015267820075, -17.37144597093373], [-66.14024506315005, -17.371411039000588], [-66.14027541416596, -17.37139956323215], [-66.14044060509512, -17.371310949941638], [-66.14062094056636, -17.37120840891114], [-66.1409026128594, -17.37105313199627], [-66.14092121039573, -17.371040728411934], [-66.14112284794727, -17.37090624604391], [-66.14178679414206, -17.370460342195457], [-66.141885390449, -17.370393058322314], [-66.14195086667576, -17.370361899521093], [-66.14206662027983, -17.370310039491343], [-66.14208202522842, -17.37030259717506], [-66.14216940206445, -17.370260382156452], [-66.14231366032374, -17.37016735705526], [-66.14238884080785, -17.37010058118826], [-66.14240216447347, -17.370089699362147], [-66.14272349570027, -17.369827269902867], [-66.14283664184885, -17.369751002086307], [-66.14296480925937, -17.369668736512136], [-66.14328695269741, -17.36946405399388], [-66.14352564431233, -17.36931408329031], [-66.14360205670478, -17.369264047903698], [-66.14360366821155, -17.369263095721372], [-66.14363520283905, -17.369244452985384], [-66.1436764855962, -17.369224940124536], [-66.14368132160604, -17.3692226542882], [-66.14373583777733, -17.36920479805276], [-66.14380231612392, -17.369185679837766], [-66.14389421180428, -17.369164058110968], [-66.14395272369504, -17.369150315201587], [-66.14409747916515, -17.36911631530684], [-66.14423887209271, -17.369079632281004], [-66.14433953647753, -17.36903806670062], [-66.14469192407311, -17.368904532859744], [-66.1449252176224, -17.368813734781536], [-66.14507227550658, -17.368757485662037], [-66.14526360759427, -17.36868430065838], [-66.1456899854163, -17.36852115862873], [-66.14580870370817, -17.368476225631213], [-66.14592335360487, -17.36843283181033], [-66.14646855705851, -17.368219385295333], [-66.14689603283007, -17.36805681683893], [-66.14730851648135, -17.36789833328262], [-66.14773759495512, -17.3677286177307], [-66.14805399590618, -17.367605075998416], [-66.14861216676374, -17.367389418786548], [-66.14875776801604, -17.36732909680584], [-66.14885857007529, -17.367287334687006], [-66.14903683185487, -17.367215336129394], [-66.14917443286751, -17.36716111402873], [-66.14932821637068, -17.3671005146666], [-66.14944776857553, -17.36706017115616], [-66.14962770326518, -17.367008743578626], [-66.14982765732873, -17.366981971594477], [-66.15012255178053, -17.366961809569116], [-66.15045898979962, -17.366925993989188], [-66.15086157326377, -17.366892554470155], [-66.15107176817739, -17.366879306098344], [-66.15164313508787, -17.366839672292812], [-66.15225593466468, -17.366791547920872], [-66.15265989191963, -17.366765769960164], [-66.15289595695145, -17.366752888430277], [-66.15316039096874, -17.366707440671274], [-66.1533033570338, -17.366697531714], [-66.15354035027335, -17.366688963617946], [-66.15388707995227, -17.366663322892077], [-66.15413964308401, -17.36664541949409], [-66.15471255462555, -17.366602453084276], [-66.15544929692301, -17.366538977830096], [-66.1556613336705, -17.36653530720184], [-66.15575994124212, -17.366530022006234], [-66.15633419507851, -17.366464611400374], [-66.15647971514228, -17.366450437286364], [-66.15679778234724, -17.366411958915176], [-66.15687157344608, -17.366402497483413], [-66.15692350546341, -17.366390812314886], [-66.15714212505613, -17.36628306530509], [-66.15745423088593, -17.36610890710033], [-66.1575095374754, -17.36607804577777], [-66.15774941986771, -17.365946708062935], [-66.15784759281871, -17.36590509955601], [-66.15796613925895, -17.365873316591834], [-66.15843401262867, -17.36576053499016], [-66.15876560282526, -17.365684018822606], [-66.15898424368169, -17.365639344594495], [-66.16022833028242, -17.365404949924088], [-66.16026327192827, -17.36539836623916], [-66.16038944022571, -17.365376715241677], [-66.16094635078446, -17.36528114830721], [-66.16149523172056, -17.365182868589816], [-66.16204654330923, -17.365055950501702], [-66.16225541434578, -17.365008614282175], [-66.16244803031708, -17.36549221178647], [-66.16256263555873, -17.365779948963095], [-66.16280656479138, -17.366140344983357], [-66.16304333249234, -17.366490158816557], [-66.16322474140469, -17.366859717854865], [-66.1633033794496, -17.367066133102853], [-66.16366475510615, -17.368014697968462], [-66.16374785390924, -17.368176433463212], [-66.1639491885516, -17.368160361094308], [-66.16403545141435, -17.368153475248985], [-66.16405276895, -17.368152093037956], [-66.164201914142, -17.368031883292275], [-66.16515782199774, -17.367353538584812], [-66.16628160307329, -17.36653251730154], [-66.16637170885353, -17.366466686841747], [-66.1667036174249, -17.366240118800114], [-66.16689261435411, -17.366132471062002], [-66.16706483093932, -17.36603438094713], [-66.16721767262824, -17.365947325151055], [-66.16770693636424, -17.36571343113408], [-66.16775450005946, -17.365705344586154], [-66.16781071040019, -17.365695788626], [-66.16839336917499, -17.36573080837248], [-66.16877299061082, -17.365766771917734], [-66.16908073637002, -17.365817006733], [-66.16917765838602, -17.365856608400783], [-66.1694012957669, -17.365940055368263], [-66.16984550181884, -17.36604765233786], [-66.17011377081077, -17.366076301500907], [-66.17030308621783, -17.36606178130069], [-66.1704327298682, -17.366044503914853], [-66.17136408006579, -17.36580078182416], [-66.17138021100726, -17.36579656112838], [-66.17180053517751, -17.365772363378504], [-66.17357762790252, -17.365656822391752], [-66.17436563492386, -17.365605347512634], [-66.17473518815858, -17.36558431991846], [-66.17482090539637, -17.365575974839977], [-66.17508657689558, -17.36549642575234], [-66.17563820854214, -17.367246875987252], [-66.17578606909932, -17.367716064260627], [-66.17578784856299, -17.367741004475274], [-66.17579630877272, -17.36785956248619], [-66.17579548941468, -17.367873930490216], [-66.17569420646409, -17.369650039855742], [-66.1757694270763, -17.371640136303512], [-66.17585516739612, -17.374663877478977], [-66.1759066696282, -17.37648026315487], [-66.17593022606822, -17.376647854305833], [-66.17594032007206, -17.37671966203396], [-66.17596102896792, -17.376909316860644], [-66.17650210225345, -17.38186444799329], [-66.1765213857774, -17.381964681656463], [-66.17655971409012, -17.382163916604743], [-66.17671213939259, -17.383581689835168], [-66.176732067311, -17.38365072628841], [-66.17681255434367, -17.38392954876174], [-66.17702921421268, -17.384404486128744], [-66.17768369074687, -17.38553668090437], [-66.17891336729497, -17.387698403799206], [-66.17893712504475, -17.387780988071487], [-66.17906692422453, -17.388232178629924], [-66.18047384624704, -17.393442669355185], [-66.17064218192618, -17.393898270230064], [-66.16717894367696, -17.393993142826186]]]}, "properties": {"OBJECTID": 11, "distrito": 12, "comuna": "ADELA ZAMUDIO", "Nombre": "Distrito: 12", "Shape_Length": 13852.772593279402, "Shape_Area": 7734157.1940006465}}, {"type": "Feature", "id": 12, "geometry": {"type": "Polygon", "coordinates": [[[-66.12596093114101, -17.381922136657796], [-66.12544767548134, -17.381338896129545], [-66.12544762980636, -17.38133887018824], [-66.12532324004844, -17.381267023548244], [-66.12573957328527, -17.38099282685544], [-66.12603846890764, -17.38078624184564], [-66.12697337840736, -17.38036050742741], [-66.12714907022189, -17.380290155865886], [-66.12806022905055, -17.380035245753383], [-66.12904741288287, -17.37953664144134], [-66.12939751517426, -17.379080601226953], [-66.12950058424133, -17.37864452234144], [-66.12966929061513, -17.377708937669485], [-66.13062429291058, -17.376073700897937], [-66.13137457449797, -17.37528073712505], [-66.13133821100077, -17.375234255416984], [-66.13124523011525, -17.375115401342903], [-66.13160349607374, -17.37447714641343], [-66.13192949291984, -17.373994442851032], [-66.13236484558173, -17.373719094097623], [-66.13254262835049, -17.37360665051204], [-66.13279064958783, -17.373543174781958], [-66.13300576034109, -17.37350898222849], [-66.13347007351095, -17.373486175553026], [-66.13380117257802, -17.373545463877505], [-66.13426167023097, -17.3736790402693], [-66.1349818005584, -17.37400903623191], [-66.13557495682436, -17.37433979980756], [-66.13824373150076, -17.37592573587267], [-66.13999881395716, -17.376543853710306], [-66.14887472375635, -17.378684420210732], [-66.15197012875711, -17.379428056443167], [-66.15211722145298, -17.37946339273912], [-66.15196084667168, -17.380020228068567], [-66.15194977966559, -17.380726365878523], [-66.15184024029287, -17.382207524367765], [-66.15180102341921, -17.38236553100504], [-66.1516723404752, -17.38290215164642], [-66.15002381184878, -17.3909769367901], [-66.14980625564112, -17.392009339307478], [-66.14959875415595, -17.393034916456138], [-66.14959824026849, -17.39303742846883], [-66.14960294494823, -17.393038255118952], [-66.14827728653505, -17.399530617698275], [-66.1482145969317, -17.39984911001202], [-66.1482115576507, -17.399863990321066], [-66.14821208512704, -17.39986406107468], [-66.14818545156226, -17.40004408113986], [-66.14804348403425, -17.400773735469468], [-66.14797407850641, -17.40102654889298], [-66.14795446593028, -17.401097987703753], [-66.14790049257586, -17.401269633209058], [-66.14781049353766, -17.40155584441361], [-66.14766851295519, -17.401885311125113], [-66.14757354653602, -17.40199146555585], [-66.14741721097882, -17.401842891566826], [-66.14709032147312, -17.401668385724406], [-66.14661818273824, -17.401416338578475], [-66.1462747879799, -17.40128075906103], [-66.14008907953372, -17.400192738007053], [-66.13954403528857, -17.400057677723986], [-66.13873584860829, -17.399770298725212], [-66.13803742824174, -17.399528362097698], [-66.13776181293218, -17.39944974522308], [-66.13733750175776, -17.39936714399263], [-66.13571761473185, -17.399173965899006], [-66.13507262776233, -17.399157277444427], [-66.13485434526109, -17.399142393279632], [-66.13478727663075, -17.39919698843971], [-66.13467456835384, -17.39928804765324], [-66.13445062677157, -17.399469706651093], [-66.13423802350997, -17.3997009540601], [-66.13409907725449, -17.39985208335611], [-66.13401716437127, -17.399984161227973], [-66.13389467784994, -17.400181658578024], [-66.13377331982267, -17.400377336269806], [-66.1336497695249, -17.40057654912218], [-66.13333094610539, -17.401090616035184], [-66.13322800550392, -17.40125659521386], [-66.13306145717858, -17.40152513349385], [-66.13289530484975, -17.401793032528488], [-66.1328942368262, -17.40179475451027], [-66.13289417888977, -17.40179249982998], [-66.13288458569683, -17.401419438662867], [-66.13285034092857, -17.401179643808415], [-66.13242504176534, -17.400461534058714], [-66.13226807423769, -17.40015316335293], [-66.1321166635483, -17.399984221788138], [-66.13201367210587, -17.399869315803976], [-66.13166899376948, -17.39972632331934], [-66.13122681994317, -17.39970800207718], [-66.13103632670027, -17.399788879278226], [-66.13096963353016, -17.399819704643697], [-66.13089892703208, -17.399842525989826], [-66.13086514381496, -17.399850662455357], [-66.13085875078812, -17.399850927142136], [-66.13076832325315, -17.399854673601283], [-66.13072751157458, -17.399856364550118], [-66.1307150223562, -17.399850109564756], [-66.13060251961042, -17.399793762663197], [-66.13060249446191, -17.3997937469506], [-66.13056022281428, -17.3997478053121], [-66.13047815994501, -17.39961885778552], [-66.12983417032433, -17.39822884043281], [-66.12956579302751, -17.397991375144578], [-66.12949289140649, -17.397925944059924], [-66.12944027833674, -17.397904416314535], [-66.12937314463751, -17.397902237205827], [-66.12932949241699, -17.397901202468688], [-66.12910692743519, -17.397895919723346], [-66.12910680909978, -17.397895908989888], [-66.12898979787644, -17.397848988624023], [-66.12870621051388, -17.397664039311838], [-66.12854209802356, -17.397513227074242], [-66.12817845112569, -17.39686615259419], [-66.1281068898735, -17.39675712554479], [-66.12792182982864, -17.396303228306316], [-66.12776264993056, -17.395993567513454], [-66.12729628961824, -17.39520929398373], [-66.1265567873067, -17.394540853424164], [-66.12618729681519, -17.39420684335782], [-66.12618408306722, -17.39420396350131], [-66.12616710097421, -17.39418861105592], [-66.12515952230653, -17.393481449537028], [-66.12500622561832, -17.39337385869195], [-66.12461149486887, -17.393122508736354], [-66.12461150101866, -17.393122476317778], [-66.12459901177898, -17.393114522529906], [-66.12465007585273, -17.393011308637806], [-66.12469801406822, -17.392914508672014], [-66.12561624681629, -17.391060321843966], [-66.12561626256586, -17.391060276921927], [-66.1257961184655, -17.390263822565952], [-66.12602998188076, -17.3900815690182], [-66.12627757700481, -17.3898886275136], [-66.1264456653708, -17.389814205162747], [-66.1266953910599, -17.389703655462093], [-66.12743842733553, -17.389530238161814], [-66.12813185412665, -17.38923970042229], [-66.12849053168367, -17.38894646499308], [-66.12886499234885, -17.388539506806424], [-66.12932276717268, -17.38803556792323], [-66.13049653362486, -17.38635912342446], [-66.13059081527815, -17.385759386872884], [-66.1309195331469, -17.385309582568542], [-66.1311862784364, -17.38512482334214], [-66.13136399119628, -17.385001765081356], [-66.1313952716695, -17.384962944004403], [-66.13166886791699, -17.384466166969094], [-66.13211620760913, -17.384321377431394], [-66.1323368315117, -17.384249986842153], [-66.1323368526328, -17.384249959153156], [-66.13248369987673, -17.384016418412795], [-66.13246397661408, -17.384013435972747], [-66.13247662181857, -17.384010106877962], [-66.13248883219947, -17.384006920526478], [-66.1324887769375, -17.384006906187608], [-66.1324888081055, -17.384006897605637], [-66.1321722508595, -17.38392313511768], [-66.13203002067654, -17.383805822390652], [-66.131856028478, -17.383662277399527], [-66.13120054331542, -17.383373300528593], [-66.13101447970237, -17.38332403529874], [-66.13101444697782, -17.383324023089482], [-66.1305423137105, -17.383105232419233], [-66.13054228579975, -17.38310521305526], [-66.13041451851626, -17.383179267099226], [-66.13025583136962, -17.383271196132476], [-66.12888166057256, -17.382701592640316], [-66.12801635028859, -17.382780750956016], [-66.12771531085383, -17.382808283702555], [-66.12748547807364, -17.382844381738707], [-66.12685912024585, -17.382942742048115], [-66.12596093114101, -17.381922136657796]]]}, "properties": {"OBJECTID": 12, "distrito": 11, "comuna": "ADELA ZAMUDIO", "Nombre": "Distrito: 11", "Shape_Length": 11445.086204195202, "Shape_Area": 6178525.281643739}}, {"type": "Feature", "id": 13, "geometry": {"type": "Polygon", "coordinates": [[[-66.14821208512704, -17.39986406107468], [-66.1482115576507, -17.399863990321066], [-66.1482145969317, -17.39984911001202], [-66.14827728653505, -17.399530617698275], [-66.14960294494823, -17.393038255118952], [-66.14959824026849, -17.39303742846883], [-66.14959875415595, -17.393034916456138], [-66.14980625564112, -17.392009339307478], [-66.15002381184878, -17.3909769367901], [-66.1516723404752, -17.38290215164642], [-66.15180102341921, -17.38236553100504], [-66.15184024029287, -17.382207524367765], [-66.15194977966559, -17.380726365878523], [-66.15196084667168, -17.380020228068567], [-66.15211722145298, -17.37946339273912], [-66.15278977224942, -17.379626910758375], [-66.15760564126116, -17.3808070030036], [-66.15932897402269, -17.381227189463857], [-66.16012539396645, -17.381437117993165], [-66.16031450745689, -17.381510665652563], [-66.16100303951904, -17.381786108374843], [-66.16155133032095, -17.382051940329013], [-66.1622219651487, -17.38261338336426], [-66.16271138853031, -17.383308433155335], [-66.16324753271306, -17.38436252626742], [-66.16471165396275, -17.387687606840807], [-66.16509539484726, -17.388459994826786], [-66.16627129963688, -17.39111438625519], [-66.1664966705713, -17.391649990047725], [-66.16686902321584, -17.392534898124772], [-66.16717894367696, -17.393993142826186], [-66.16718225235533, -17.39400871069216], [-66.16719143109874, -17.394056059259185], [-66.16742137633264, -17.395242227360498], [-66.16775543140434, -17.39696542826297], [-66.16775641857146, -17.39697051988851], [-66.16846284989919, -17.400047705484944], [-66.16908684851863, -17.40267275243701], [-66.1698352244087, -17.40400938972322], [-66.17127150294085, -17.406107686992975], [-66.17130788607061, -17.406152287252443], [-66.17130700014297, -17.406152709027538], [-66.16859207922525, -17.40744429259697], [-66.1669258453842, -17.408237475054996], [-66.16688187299842, -17.408259025120582], [-66.16437783048676, -17.409486189774647], [-66.16430241711367, -17.4095230041095], [-66.16272316262945, -17.410262084903312], [-66.16119082711957, -17.410983900630416], [-66.16047961278124, -17.411311242191733], [-66.16019847901785, -17.411438859387207], [-66.15995016867318, -17.41155157665662], [-66.15964792927134, -17.41166830540682], [-66.15959966423246, -17.41168694619347], [-66.15938418735294, -17.411740617521396], [-66.15907248216288, -17.41178097189537], [-66.15884228628344, -17.411780676282387], [-66.15852546808915, -17.41174928128259], [-66.15828078469535, -17.41168008908692], [-66.1580765785466, -17.411608487645204], [-66.1577525568648, -17.411439610066328], [-66.15762331746711, -17.41134817208474], [-66.15717559331891, -17.41095293090443], [-66.15705250728901, -17.41084427263228], [-66.15690322972965, -17.410847798521935], [-66.15681599991508, -17.41084985812279], [-66.15621695029738, -17.41076366189066], [-66.1560597930567, -17.410744624373557], [-66.155259850827, -17.410634561012365], [-66.15494513876136, -17.412704704677516], [-66.1549252078446, -17.41283583690622], [-66.15492515211004, -17.412835852364402], [-66.15466898435336, -17.412697650859023], [-66.15460635837513, -17.41266385501984], [-66.15448961916735, -17.412600857394846], [-66.15448732682522, -17.412599650764776], [-66.15381763557487, -17.412247224258845], [-66.15360597373322, -17.412161210222788], [-66.15359760453022, -17.41183194759101], [-66.1535954414465, -17.411650338564993], [-66.15357407597774, -17.411021678815597], [-66.15353768335105, -17.409917356008265], [-66.15352832569435, -17.409557650956618], [-66.15349740851902, -17.408621331144957], [-66.15349710958002, -17.40860869485675], [-66.15348924733522, -17.408225123272537], [-66.15347188061361, -17.407739870364725], [-66.15344070302713, -17.40662009307343], [-66.1534243394325, -17.406150385104525], [-66.15340990351838, -17.405636503870944], [-66.15339338292162, -17.405016274926183], [-66.15338505530683, -17.40495817188019], [-66.15336867954083, -17.404843901289148], [-66.15291315470255, -17.404848413413223], [-66.15257844361577, -17.40485172901332], [-66.1524883827996, -17.404868307458113], [-66.1523014245094, -17.404902722855613], [-66.15208827418905, -17.404927153296363], [-66.15185555469607, -17.404929801772543], [-66.1513302169973, -17.404946186775764], [-66.15085981861715, -17.40495021522114], [-66.15086052273678, -17.404944596916344], [-66.15086265862453, -17.404927559030156], [-66.15088270772054, -17.4048382513081], [-66.15092326785843, -17.404629777691667], [-66.15098859047578, -17.404268750153022], [-66.15101429398995, -17.403975248521064], [-66.15101814553645, -17.40372682906336], [-66.15099696260035, -17.403327533360407], [-66.15096541031164, -17.402714257473995], [-66.15095773182233, -17.402487176260014], [-66.15096152755879, -17.40224233906954], [-66.15097481922832, -17.402148363748957], [-66.15099148703325, -17.40207552522328], [-66.15103960640242, -17.401941224048844], [-66.15110768513543, -17.401803624063664], [-66.15124265373456, -17.401524823905543], [-66.15128063519796, -17.401402323501845], [-66.15130602615562, -17.40120916257948], [-66.15130187927294, -17.401075309175383], [-66.15127560057236, -17.400924416083278], [-66.1512330762153, -17.400778067727085], [-66.15117300661349, -17.400639832231413], [-66.15109062024993, -17.4004964983084], [-66.15102966219594, -17.400415590313713], [-66.15092202584371, -17.400295787922005], [-66.15089795546844, -17.400275427282477], [-66.15076113936448, -17.40015969486032], [-66.15059490760437, -17.400047416761275], [-66.15040710337823, -17.399962306590147], [-66.15026458432966, -17.3999256263648], [-66.15020595819405, -17.39991721957326], [-66.15006595164506, -17.399897142372115], [-66.14985574865847, -17.399892619922134], [-66.14963837190419, -17.399887943231395], [-66.14896083052109, -17.39987872346361], [-66.14824761929198, -17.399869015628187], [-66.14821208512704, -17.39986406107468]]]}, "properties": {"OBJECTID": 13, "distrito": 10, "comuna": "ADELA ZAMUDIO", "Nombre": "Distrito: 10", "Shape_Length": 10450.768954960004, "Shape_Area": 5577394.19475902}}, {"type": "Feature", "id": 14, "geometry": {"type": "Polygon", "coordinates": [[[-66.17508657689558, -17.36549642575234], [-66.17510632404407, -17.365490512163788], [-66.1752308283832, -17.36545323205689], [-66.17534281159534, -17.365419455483078], [-66.17549666481064, -17.36537302731305], [-66.17569675809426, -17.365312643875114], [-66.17605819559995, -17.365204027613583], [-66.17641462817288, -17.365097249765512], [-66.17679358118302, -17.364982189214253], [-66.17702057468833, -17.364911808892696], [-66.17748997633103, -17.364771743813343], [-66.17784292618842, -17.364664913974202], [-66.17803788108267, -17.36460698201797], [-66.17814110737781, -17.364577158038724], [-66.17845345256745, -17.364486914312945], [-66.17845573174992, -17.364486255699706], [-66.17849121545346, -17.364476243999437], [-66.17858728441328, -17.36444176205496], [-66.17880260023635, -17.364354013030923], [-66.1789263772995, -17.364290335817937], [-66.17910002619237, -17.364201001049054], [-66.17936147712581, -17.36405751670548], [-66.1794900444131, -17.363980487002017], [-66.1796303468229, -17.36388450964107], [-66.17973510706712, -17.363802364857275], [-66.17988821223577, -17.363682676015546], [-66.18014204529464, -17.363484129832656], [-66.18039391040011, -17.36328412148367], [-66.18051524143499, -17.363192175758073], [-66.18068100226768, -17.363058328486307], [-66.1808046221277, -17.362946823886706], [-66.18088750639033, -17.36286341424061], [-66.18099224241686, -17.36275020901395], [-66.18107373588263, -17.3626600900873], [-66.1811304061717, -17.362598769356268], [-66.18126607474835, -17.362447772061614], [-66.18134410754499, -17.362356171069745], [-66.18146888900463, -17.362201197506828], [-66.18153504748044, -17.36210512781064], [-66.18159568211871, -17.362012324932735], [-66.18170842784654, -17.36183089992913], [-66.18176607732524, -17.361738054862908], [-66.18187323318159, -17.361564195815816], [-66.18194575571896, -17.361442411948886], [-66.18205200421633, -17.361262805792876], [-66.18221853377916, -17.360948341453007], [-66.18230742041112, -17.360765146338988], [-66.18241533583671, -17.360541601743204], [-66.18248939283036, -17.360384477906166], [-66.18258001193472, -17.360185537609016], [-66.18262523786328, -17.360091561574965], [-66.182714745102, -17.359900250452004], [-66.18284800770408, -17.359613509317754], [-66.18298771418674, -17.35932829197546], [-66.18305979604247, -17.359202677875082], [-66.18317327004638, -17.359038464369913], [-66.18331934452861, -17.35885750781988], [-66.18337904789955, -17.358792884153363], [-66.18345410762849, -17.35870028376214], [-66.18355898570681, -17.358545027733907], [-66.18364459340151, -17.358413392102094], [-66.1837397406497, -17.35827615759832], [-66.18383589065817, -17.358138458561285], [-66.18392340788299, -17.358012106144123], [-66.18408833101208, -17.35776977160985], [-66.18428605654917, -17.35746482315901], [-66.18445563164545, -17.357211085379465], [-66.18453105506354, -17.357094597435548], [-66.18458693110927, -17.35701988498383], [-66.18463870349363, -17.356953237360763], [-66.18470710489673, -17.35687296624785], [-66.1847996262338, -17.356777266362972], [-66.18486670349864, -17.35671848014476], [-66.18492422653688, -17.356666249784375], [-66.18499169982877, -17.356614158667004], [-66.18511902210724, -17.356520382819287], [-66.18535862597014, -17.35633971491952], [-66.18538279702577, -17.356321490159083], [-66.18563832679335, -17.356132993019823], [-66.18589576493177, -17.35593353258903], [-66.18615067851299, -17.355736424693973], [-66.18640689003372, -17.355535751483096], [-66.18666559767676, -17.35533451610839], [-66.18668668170282, -17.35531805825483], [-66.18692116847672, -17.355135026858385], [-66.18717505618902, -17.35493623593371], [-66.18742540342512, -17.354740132747736], [-66.18765086786496, -17.354556944422743], [-66.18781001853354, -17.354439721292522], [-66.18787428541148, -17.354385672160248], [-66.18812921307423, -17.35418736755497], [-66.18825706028991, -17.354083442151246], [-66.18838223859443, -17.353991424284647], [-66.18863903038233, -17.35379314510218], [-66.18896010707104, -17.353539621500996], [-66.18921628533317, -17.353340735876493], [-66.18948380171614, -17.353132450777995], [-66.18974377391639, -17.352929435767315], [-66.1899552439761, -17.352766356459245], [-66.19020079498064, -17.352570903066045], [-66.19039792083511, -17.352421577768272], [-66.19045626638881, -17.3523773803443], [-66.19074137579392, -17.352153868046766], [-66.19075716601654, -17.352141489172062], [-66.1908829723478, -17.35204888131219], [-66.19100953645057, -17.351947325098173], [-66.19109077288417, -17.351881567045755], [-66.19126571043876, -17.35174843527239], [-66.19153421227995, -17.35155688646527], [-66.1917963574275, -17.35137420682788], [-66.19206462172805, -17.351198184048872], [-66.19234360157326, -17.351012753728018], [-66.19260367998615, -17.350843185518176], [-66.19284747189714, -17.35068115330942], [-66.1930867107158, -17.3505321976446], [-66.19336718199582, -17.35037127662727], [-66.19364566855677, -17.35021809240969], [-66.19391279828706, -17.35007549975438], [-66.19429290262521, -17.34986580182385], [-66.19445157282598, -17.349779626034245], [-66.19468299251557, -17.349653852869373], [-66.19500034934936, -17.349480305949903], [-66.19526507140701, -17.349332302594256], [-66.19555291905155, -17.349176857212335], [-66.19582452585205, -17.349025962361296], [-66.19609359026569, -17.348878615539824], [-66.1963846363267, -17.34871724009503], [-66.19668000824265, -17.348557717327292], [-66.1969805665868, -17.348425146321297], [-66.19728349497004, -17.348300373175224], [-66.19757016361757, -17.34818134422334], [-66.19788059820115, -17.348053688061437], [-66.19818679774914, -17.347918207759655], [-66.19854853053673, -17.347770961113905], [-66.19875942150904, -17.347686110024977], [-66.19903791396928, -17.34757293769034], [-66.19929576890053, -17.347467240975238], [-66.19959930692204, -17.347343069332464], [-66.19985188167955, -17.347240090023192], [-66.19991962766932, -17.347403187009164], [-66.2005884887617, -17.34901345134919], [-66.20065913830025, -17.349131911436103], [-66.20100489490389, -17.349501047248832], [-66.2012100924069, -17.34976570355091], [-66.2012432321475, -17.34986898034225], [-66.20124324203637, -17.34986901028073], [-66.20128479512113, -17.349999142713646], [-66.2012848068491, -17.349999175386973], [-66.2013062904305, -17.350052663804135], [-66.20131118645877, -17.350065804630944], [-66.20132186453118, -17.350094547709773], [-66.20137807547992, -17.350475224588862], [-66.20140482439571, -17.35083003705555], [-66.20143585258118, -17.35124196565937], [-66.20158753277033, -17.351432464259403], [-66.20173699321191, -17.351620235255165], [-66.20173909840527, -17.351626193127792], [-66.20176289299604, -17.351693531167705], [-66.20178841515903, -17.351765873609747], [-66.2020560045972, -17.352101667795225], [-66.20205818527153, -17.352105751126256], [-66.2021265887788, -17.352234223922665], [-66.20212660147452, -17.35223425480345], [-66.2022001069288, -17.352470673360166], [-66.20234261410431, -17.352931741413066], [-66.20234262215432, -17.352931768616696], [-66.20243502668266, -17.353230882784406], [-66.20245206970834, -17.353285672580803], [-66.20253967133273, -17.353572519551427], [-66.20277597636529, -17.35438441162324], [-66.20279662434007, -17.35495053046887], [-66.20273942560166, -17.35518822691692], [-66.2027008671341, -17.355491641398956], [-66.20273999509654, -17.3558007550431], [-66.2027501414825, -17.35613592185575], [-66.20275708632167, -17.35622584995713], [-66.20276111965053, -17.35627837255927], [-66.20276914026618, -17.35653204350465], [-66.20278177291925, -17.356932748324834], [-66.2027915603089, -17.357241993088866], [-66.2028134787675, -17.357935286438106], [-66.20268356174334, -17.35844070061317], [-66.20252485521522, -17.35907710259852], [-66.20246251439242, -17.359391269431917], [-66.20242423006668, -17.359584122982042], [-66.20240567782707, -17.360514614857518], [-66.20234059491985, -17.36094860607414], [-66.20210539902119, -17.361613323387765], [-66.20210540705763, -17.361613351494267], [-66.20340669974867, -17.365452660380075], [-66.20341089884141, -17.36546174677664], [-66.20401549253674, -17.36716703727914], [-66.20488038985455, -17.369606534388563], [-66.20527194809495, -17.371004865065117], [-66.20579574254056, -17.3707386338931], [-66.20691586351833, -17.370169310771225], [-66.20727231297539, -17.36995792451186], [-66.20736366863684, -17.370164877018595], [-66.20736850351561, -17.37073626607572], [-66.20737049604084, -17.370972835490974], [-66.20739939675387, -17.372374640440754], [-66.20748413235512, -17.376222575881695], [-66.20751848467859, -17.37964616579118], [-66.20770884720494, -17.380268198644533], [-66.20787352890183, -17.380806402121774], [-66.20788199745004, -17.380834069426914], [-66.2064111792473, -17.381055625954872], [-66.20496131705353, -17.381263264442634], [-66.20412294564753, -17.381387674798663], [-66.20306194897744, -17.381451655490384], [-66.20247171063052, -17.381149734149947], [-66.20243726617822, -17.381134452505552], [-66.20227338791877, -17.381061748000192], [-66.20214599410839, -17.381012177516197], [-66.20206162697428, -17.380996659247543], [-66.201967091138, -17.380995333986153], [-66.20184755073306, -17.381002020184358], [-66.20147017117924, -17.381041179883642], [-66.20110091557855, -17.381081927416673], [-66.20031324080638, -17.381168846046332], [-66.19897361203374, -17.381312870613325], [-66.19826349942001, -17.381395015945923], [-66.19636278431108, -17.381609705840024], [-66.1962117987604, -17.38161847260992], [-66.19620741506482, -17.381679713839784], [-66.1962079920996, -17.381805158556972], [-66.19621307729855, -17.38204296147962], [-66.19622399372342, -17.382224697980707], [-66.1962409907837, -17.382497312830512], [-66.19628910532374, -17.383503867411495], [-66.19630726701774, -17.38394494091768], [-66.19630753446594, -17.38409069032229], [-66.1963063759194, -17.384248364915177], [-66.19634424006733, -17.3847028560542], [-66.19639144276594, -17.38523686248766], [-66.19649268922197, -17.38631913995368], [-66.19655330610685, -17.387011443833142], [-66.1965855495591, -17.387540879384098], [-66.19665131282775, -17.388322849271354], [-66.19676282422346, -17.389771116496878], [-66.19682879227162, -17.390818313316366], [-66.19690368671063, -17.39150053056986], [-66.1970071447759, -17.392500456150042], [-66.19702051026282, -17.39260314278552], [-66.19703762729036, -17.39275477194435], [-66.19383358387186, -17.392908147457444], [-66.18938419728241, -17.393110540106903], [-66.182160834468, -17.393400807981294], [-66.18052166493646, -17.393470746379958], [-66.18047384624704, -17.393442669355185], [-66.17906692422453, -17.388232178629924], [-66.17893712504475, -17.387780988071487], [-66.17891336729497, -17.387698403799206], [-66.17768369074687, -17.38553668090437], [-66.17702921421268, -17.384404486128744], [-66.17681255434367, -17.38392954876174], [-66.176732067311, -17.38365072628841], [-66.17671213939259, -17.383581689835168], [-66.17655971409012, -17.382163916604743], [-66.1765213857774, -17.381964681656463], [-66.17650210225345, -17.38186444799329], [-66.17596102896792, -17.376909316860644], [-66.17594032007206, -17.37671966203396], [-66.17593022606822, -17.376647854305833], [-66.1759066696282, -17.37648026315487], [-66.17585516739612, -17.374663877478977], [-66.1757694270763, -17.371640136303512], [-66.17569420646409, -17.369650039855742], [-66.17579548941468, -17.367873930490216], [-66.17579630877272, -17.36785956248619], [-66.17578784856299, -17.367741004475274], [-66.17578606909932, -17.367716064260627], [-66.17563820854214, -17.367246875987252], [-66.17508657689558, -17.36549642575234]]]}, "properties": {"OBJECTID": 14, "distrito": 3, "comuna": "MOLLE", "Nombre": "Distrito: 3", "Shape_Length": 15095.109905990535, "Shape_Area": 11552181.16559595}}]}